Date,Noah_MP,CLM,CLASS,OBS,PR,T2
2014-01-03,-1.135198,-0.847685,-1.059660,NaN,0.168000,244.710999
2014-01-04,-1.137373,-0.847705,-1.059660,NaN,0.000000,241.086975
2014-01-05,-1.139380,-0.853142,-1.059660,NaN,0.228000,236.182953
2014-01-06,-1.141231,-0.858734,-1.059660,NaN,3.750000,244.923187
2014-01-07,-1.142936,-0.858755,-1.059660,NaN,0.099000,245.972397
2014-01-08,-1.144505,-0.858778,-1.059660,NaN,0.402000,251.196548
2014-01-09,-1.145946,-0.858803,-1.059660,NaN,2.145000,252.883728
2014-01-10,-1.147266,-0.858829,-1.059660,NaN,1.677000,253.753174
2014-01-11,-1.148473,-0.858854,-1.059660,NaN,1.128000,246.940201
2014-01-12,-1.149573,-0.858875,-1.059660,NaN,0.204000,245.481277
2014-01-13,-1.150573,-0.858894,-1.059660,NaN,0.000000,239.840378
2014-01-14,-1.151478,-0.858909,-1.059660,NaN,0.888000,245.678452
2014-01-15,-1.152293,-0.858940,-1.059660,NaN,5.304000,266.206604
2014-01-16,-1.153023,-0.858974,-1.059660,NaN,0.468000,268.248199
2014-01-17,-1.153674,-0.859011,-1.059660,NaN,0.228000,269.252991
2014-01-18,-1.154251,-0.859045,-1.059660,NaN,0.390000,257.465698
2014-01-19,-1.154759,-0.859077,-1.059660,NaN,1.389000,254.814453
2014-01-20,-1.155201,-0.859105,-1.059660,NaN,0.000000,250.872253
2014-01-21,-1.155580,-0.859132,-1.059660,NaN,0.129000,249.631210
2014-01-22,-1.155897,-0.859158,-1.059660,NaN,0.168000,255.919418
2014-01-23,-1.156158,-0.859194,-1.059660,NaN,0.000000,263.931030
2014-01-24,-1.156366,-0.859233,-1.059660,NaN,0.168000,265.945190
2014-01-25,-1.156524,-0.859270,-1.059660,NaN,0.000000,267.891357
2014-01-26,-1.156635,-0.859306,-1.059660,NaN,0.000000,255.485016
2014-01-27,-1.156703,-0.859336,-1.059660,NaN,0.000000,253.717621
2014-01-28,-1.156728,-0.859369,-1.059660,NaN,0.294000,254.051147
2014-01-29,-1.156712,-0.859399,-1.059660,NaN,0.000000,248.132660
2014-01-30,-1.156658,-0.859426,-1.059660,NaN,0.000000,251.137772
2014-01-31,-1.156567,-0.859459,-1.059660,NaN,0.261000,258.679962
2014-02-01,-1.156442,-0.859493,-1.059660,NaN,0.795000,262.374115
2014-02-02,-1.156283,-0.859524,-1.059660,NaN,0.645000,260.738464
2014-02-03,-1.156094,-0.859558,-1.059660,NaN,0.786000,255.957703
2014-02-04,-1.155876,-0.859588,-1.059660,NaN,0.150000,254.256027
2014-02-05,-1.155630,-0.859616,-1.059660,NaN,0.000000,252.230942
2014-02-06,-1.155358,-0.859648,-1.059660,NaN,0.144000,254.970078
2014-02-07,-1.155062,-0.859682,-1.059660,NaN,0.546000,255.363556
2014-02-08,-1.154743,-0.859712,-1.059660,NaN,0.129000,248.870392
2014-02-09,-1.154402,-0.859739,-1.059660,NaN,0.294000,247.400681
2014-02-10,-1.154041,-0.859764,-1.059660,NaN,0.000000,244.550705
2014-02-11,-1.153660,-0.859789,-1.059660,NaN,0.000000,244.598999
2014-02-12,-1.153261,-0.859815,-1.059660,NaN,0.429000,244.587189
2014-02-13,-1.152844,-0.859839,-1.059660,NaN,0.165000,244.114166
2014-02-14,-1.152412,-0.859862,-1.059660,NaN,0.000000,242.580017
2014-02-15,-1.151964,-0.859888,-1.059660,NaN,0.867000,249.398193
2014-02-16,-1.151501,-0.859917,-1.059660,NaN,0.000000,248.286102
2014-02-17,-1.151024,-0.859947,-1.059660,NaN,0.594000,250.914536
2014-02-18,-1.150537,-0.859980,-1.059660,NaN,1.452000,251.975662
2014-02-19,-1.150037,-0.860011,-1.059660,NaN,0.186000,248.154617
2014-02-20,-1.149526,-0.860039,-1.059660,NaN,0.084000,245.471756
2014-02-21,-1.149004,-0.860065,-1.059660,NaN,0.075000,244.180756
2014-02-22,-1.148472,-0.860090,-1.059660,NaN,0.000000,243.687500
2014-02-23,-1.147929,-0.860114,-1.059660,NaN,0.000000,245.045975
2014-02-24,-1.147378,-0.860143,-1.059660,-1.072472,0.000000,246.875061
2014-02-25,-1.146821,-0.860174,-1.059660,-1.071891,0.000000,249.887619
2014-02-26,-1.146256,-0.860205,-1.059660,NaN,0.000000,249.810226
2014-02-27,-1.145685,-0.860239,-1.059660,NaN,0.000000,252.079208
2014-02-28,-1.145108,-0.860272,-1.059660,NaN,0.000000,246.278015
2014-03-01,-1.144521,-0.860301,-1.059660,NaN,0.000000,245.892090
2014-03-02,-1.143932,-0.860332,-1.059660,NaN,0.000000,246.810043
2014-03-03,-1.143337,-0.860365,-1.059660,NaN,0.000000,248.857834
2014-03-04,-1.142736,-0.860396,-1.059660,NaN,0.000000,248.046951
2014-03-05,-1.142135,-0.860428,-1.059660,NaN,0.000000,248.960846
2014-03-06,-1.141530,-0.860461,-1.059660,NaN,0.000000,248.752396
2014-03-07,-1.140917,-0.860494,-1.059660,NaN,0.000000,247.916977
2014-03-08,-1.140303,-0.860528,-1.059660,NaN,1.122000,249.734879
2014-03-09,-1.139689,-0.860564,-1.059660,NaN,0.609000,253.763672
2014-03-10,-1.139076,-0.860602,-1.059660,NaN,0.759000,256.426636
2014-03-11,-1.138463,-0.860638,-1.059660,NaN,0.000000,260.166473
2014-03-12,-1.137849,-0.860704,-1.059660,NaN,0.000000,271.137543
2014-03-13,-1.137232,-0.860775,-1.059660,NaN,0.000000,266.747711
2014-03-14,-1.136614,-0.860835,-1.059660,NaN,0.000000,266.131256
2014-03-15,-1.134290,-0.860890,-1.059660,NaN,0.354000,268.202820
2014-03-16,-1.052868,-0.860965,-1.059660,NaN,0.000000,268.126709
2014-03-17,-1.069312,-0.861030,-1.059660,NaN,0.516000,266.199677
2014-03-18,-1.078952,-0.861086,-1.059660,NaN,0.105000,265.977112
2014-03-19,-1.084106,-0.861144,-1.059660,NaN,0.000000,263.378326
2014-03-20,-1.087489,-0.861187,-1.059660,NaN,0.096000,257.605988
2014-03-21,-1.090038,-0.861224,-1.059660,NaN,0.000000,255.056412
2014-03-22,-1.092107,-0.861261,-1.059660,NaN,0.000000,256.203552
2014-03-23,-1.093847,-0.861305,-1.059660,NaN,0.351000,261.422821
2014-03-24,-1.095331,-0.861344,-1.059660,NaN,0.000000,257.923798
2014-03-25,-1.096605,-0.861392,-1.059660,NaN,0.000000,261.094818
2014-03-26,-1.097700,-0.861435,-1.059660,NaN,0.000000,259.894257
2014-03-27,-1.098641,-0.861480,-1.059660,NaN,0.000000,259.097992
2014-03-28,-1.099447,-0.861528,-1.059660,NaN,0.000000,260.974701
2014-03-29,-1.100134,-0.861585,-1.059660,NaN,0.000000,259.754944
2014-03-30,-1.100716,-0.861623,-1.059660,NaN,0.000000,254.060272
2014-03-31,-1.101206,-0.861664,-1.059660,NaN,0.000000,260.652802
2014-04-01,-1.101613,-0.861717,-1.059660,NaN,0.093000,258.981720
2014-04-02,-1.101946,-0.861758,-1.059660,NaN,0.000000,256.838776
2014-04-03,-1.102214,-0.861803,-1.059660,NaN,0.174000,259.981598
2014-04-04,-1.102421,-0.861851,-1.059660,NaN,0.687000,263.150970
2014-04-05,-1.102574,-0.861907,-1.059660,NaN,0.000000,262.372070
2014-04-06,-1.102648,-0.861973,-1.059660,NaN,0.000000,266.628021
2014-04-07,-1.083202,-0.862049,-1.059660,NaN,0.000000,268.752014
2014-04-08,-0.888767,-0.862140,-1.059660,-1.042596,0.213000,275.681946
2014-04-09,-0.583405,-0.862266,-1.059660,-0.935133,0.390000,271.286438
2014-04-10,-0.774024,-0.862336,-1.059660,-0.927966,0.201000,264.612152
2014-04-11,-0.875480,-0.862388,-1.059660,-0.943329,0.000000,262.386719
2014-04-12,-0.913093,-0.862450,-1.059660,-0.979145,0.100000,267.123993
2014-04-13,-0.936615,-0.862522,-1.059660,-0.997874,0.300000,267.694427
2014-04-14,-0.964358,-0.862619,-1.059657,-0.986030,0.700000,271.337585
2014-04-15,-0.962297,-0.862719,-1.058736,-0.950680,0.000000,269.711243
2014-04-16,-0.989959,-0.862804,-1.053672,-0.938880,0.000000,270.021484
2014-04-17,-0.975712,-0.862918,-0.964876,-0.911015,0.000000,273.794495
2014-04-18,-0.891435,-0.863035,-0.657136,-0.512319,0.000000,276.205048
2014-04-19,-0.663600,-0.862996,0.231880,0.255928,0.000000,276.030579
2014-04-20,-0.401277,-0.860672,1.647634,1.077636,0.000000,276.099701
2014-04-21,-0.058443,-0.847836,2.968538,1.411178,0.000000,278.457672
2014-04-22,0.191550,-0.281445,3.122859,1.511331,0.100000,273.585022
2014-04-23,0.205207,0.541935,2.627646,1.471701,0.000000,272.278473
2014-04-24,0.309586,0.955766,2.662409,1.514817,0.000000,274.490417
2014-04-25,0.426972,1.399884,2.825315,1.586754,4.100000,274.353027
2014-04-26,0.515422,1.930947,2.868432,1.634845,0.200000,276.311035
2014-04-27,0.643299,2.547423,2.053058,1.650084,0.000000,277.095886
2014-04-28,0.914812,2.836594,1.024043,1.682222,0.000000,280.564301
2014-04-29,1.070884,2.328495,0.863635,1.707725,0.000000,282.848083
2014-04-30,1.037581,1.907919,0.817223,1.741793,0.000000,282.747528
2014-05-01,1.013262,1.672402,0.679456,1.805543,0.000000,280.364777
2014-05-02,0.998468,1.550179,0.492131,1.757244,0.000000,274.205414
2014-05-03,0.980115,1.439099,0.304781,1.709819,0.000000,273.729248
2014-05-04,0.969799,1.322237,0.321345,1.686084,0.000000,273.844238
2014-05-05,0.929395,1.225987,0.158140,1.652429,0.000000,270.762878
2014-05-06,0.927167,1.140215,0.225164,1.638255,0.000000,276.542023
2014-05-07,0.938937,0.988724,0.204608,1.640972,0.000000,279.497009
2014-05-08,0.921017,0.810634,0.129739,1.649261,0.000000,280.871552
2014-05-09,0.906635,0.652302,0.087877,1.616735,0.000000,279.332306
2014-05-10,0.894719,0.528578,0.053743,1.592827,0.000000,278.248047
2014-05-11,0.883404,0.429822,0.026536,1.593727,0.000000,279.987122
2014-05-12,0.874708,0.356946,0.000612,1.580372,0.000000,280.241821
2014-05-13,0.858523,0.252544,-0.032324,1.560538,0.000000,285.192932
2014-05-14,0.843634,0.165667,-0.001810,1.564330,0.400000,285.275848
2014-05-15,0.868270,0.128875,0.050062,1.570184,1.000000,278.315826
2014-05-16,0.851558,0.083961,-0.005837,1.527538,0.000000,282.099518
2014-05-17,0.833623,0.039771,-0.033179,1.493428,0.000000,285.519714
2014-05-18,0.817310,0.001535,-0.049001,1.474193,0.300000,285.500214
2014-05-19,0.811159,-0.029120,0.057796,1.460683,0.300000,286.661591
2014-05-20,1.037510,-0.041570,0.728973,1.622616,8.500000,277.746765
2014-05-21,1.037625,-0.015385,0.651062,1.576520,0.100000,277.178406
2014-05-22,0.989320,0.000374,0.472881,1.529034,0.000000,277.175507
2014-05-23,1.072227,0.002024,0.930979,1.582793,6.700000,276.484863
2014-05-24,1.185067,0.066999,1.062327,1.602060,1.900000,276.078735
2014-05-25,1.113079,0.122763,0.770400,1.504961,0.000000,284.292084
2014-05-26,1.054384,0.096310,0.540041,1.436040,0.000000,287.026825
2014-05-27,1.006535,0.047953,0.337547,1.386072,0.000000,286.670258
2014-05-28,0.970114,0.003942,0.238580,1.344371,0.900000,288.656738
2014-05-29,0.958892,-0.031748,0.182938,1.319446,0.000000,289.563385
2014-05-30,0.920270,-0.060372,0.072616,1.281218,0.000000,288.542236
2014-05-31,0.887509,-0.083869,-0.007195,1.245410,0.000000,289.211639
2014-06-01,0.851742,-0.104849,-0.056633,1.179511,0.000000,291.952057
2014-06-02,1.049899,-0.106988,0.796372,1.410053,10.000000,287.271881
2014-06-03,1.144734,-0.005946,0.882165,1.452472,1.400000,280.409058
2014-06-04,1.078103,0.052085,0.662734,1.408557,0.000000,280.053040
2014-06-05,1.031133,0.041070,0.455062,1.342204,0.000000,282.119110
2014-06-06,0.992012,0.008231,0.292648,1.272780,0.000000,284.763824
2014-06-07,0.957710,-0.025725,0.155638,1.193705,0.000000,287.325256
2014-06-08,0.921186,-0.057200,0.041380,1.124075,0.000000,288.552032
2014-06-09,0.887951,-0.083506,-0.026828,1.080482,0.000000,288.116089
2014-06-10,0.855863,-0.105511,-0.070833,1.024745,0.000000,290.426178
2014-06-11,0.829618,-0.123910,-0.105047,1.019863,0.000000,288.839447
2014-06-12,0.809945,-0.139476,-0.098544,1.014441,0.600000,287.329926
2014-06-13,0.877123,-0.151977,0.550861,1.173212,16.400000,288.961700
2014-06-14,1.352165,0.430814,1.600789,1.532188,15.300000,288.437805
2014-06-15,1.640308,2.389689,1.786033,1.578611,2.600000,285.088165
2014-06-16,1.428963,2.141511,1.418331,1.437909,0.000000,286.021118
2014-06-17,1.307110,1.622401,1.035553,1.302111,0.000000,291.536407
2014-06-18,1.208728,1.148472,0.754543,1.206707,0.000000,292.736725
2014-06-19,1.138934,0.736572,0.602923,1.166031,0.000000,291.497406
2014-06-20,1.072735,0.367011,0.738123,1.106477,0.000000,292.688721
2014-06-21,1.444021,0.697043,1.701542,1.585168,15.500000,289.098114
2014-06-22,1.364709,1.133087,1.392675,1.348286,0.800000,289.660828
2014-06-23,1.241571,0.872401,0.923814,1.198048,0.000000,294.444550
2014-06-24,1.150052,0.519699,0.664264,1.084253,0.000000,297.348633
2014-06-25,1.078814,0.265632,0.566166,1.023901,0.000000,295.889282
2014-06-26,1.024107,0.123534,0.486789,1.014161,0.000000,291.138153
2014-06-27,0.970053,0.040896,0.398933,0.945002,0.000000,292.979614
2014-06-28,0.921753,-0.011671,0.325332,0.867377,0.000000,293.972900
2014-06-29,0.875540,-0.049024,0.255655,0.796783,0.000000,293.872009
2014-06-30,0.835848,-0.078284,0.207239,0.758738,0.000000,293.053772
2014-07-01,0.840093,-0.098955,0.262160,0.743566,1.400000,293.205566
2014-07-02,0.802389,-0.117097,0.201371,0.672687,0.000000,295.204987
2014-07-03,0.791857,-0.131737,0.263840,0.639005,1.300000,295.731720
2014-07-04,0.910305,-0.142118,0.985622,0.944336,13.700000,291.567596
2014-07-05,1.227629,0.241044,1.361565,1.261057,1.200000,288.761444
2014-07-06,1.086380,0.430466,0.959678,1.034696,0.000000,290.914185
2014-07-07,1.017382,0.327784,0.698066,0.935039,0.000000,291.468079
2014-07-08,0.961002,0.194229,0.603288,0.817622,0.000000,294.620422
2014-07-09,1.162710,0.120459,1.477086,1.119914,17.600000,288.183807
2014-07-10,1.452175,1.317579,1.772472,1.379787,5.400000,286.648132
2014-07-11,1.331054,1.592650,1.409047,1.204590,0.500000,287.956696
2014-07-12,1.210421,1.216341,0.987267,1.009541,0.000000,295.401703
2014-07-13,1.113585,0.772941,0.770794,0.870365,0.000000,297.848907
2014-07-14,1.049690,0.416169,0.691262,0.778747,0.200000,299.861267
2014-07-15,1.019081,0.213721,0.688796,0.742978,2.500000,296.170990
2014-07-16,1.052247,0.092688,0.750305,0.853183,2.600000,289.067444
2014-07-17,1.014489,0.027114,0.618467,0.809545,0.200000,290.225342
2014-07-18,0.975191,-0.016999,0.599513,0.748755,1.000000,290.336395
2014-07-19,0.938899,-0.050489,0.525461,0.697961,0.000000,291.257507
2014-07-20,0.894737,-0.078567,0.465708,0.603890,0.000000,292.845642
2014-07-21,0.856573,-0.100352,0.453008,0.503007,0.000000,292.008026
2014-07-22,0.914023,-0.116587,0.561762,0.518008,2.700000,292.214844
2014-07-23,0.868672,-0.131094,0.429263,0.405478,0.000000,294.914948
2014-07-24,0.817719,-0.143610,0.353266,0.278515,0.000000,294.725922
2014-07-25,0.776084,-0.154657,0.294167,0.179288,0.000000,292.469238
2014-07-26,0.750157,-0.164014,0.271779,0.058203,0.000000,295.575012
2014-07-27,0.719767,-0.172606,0.227610,-0.018335,0.000000,293.906128
2014-07-28,0.687101,-0.180644,0.174921,-0.084171,0.000000,293.592651
2014-07-29,0.656306,-0.187843,0.143679,-0.171939,0.000000,295.864807
2014-07-30,0.710751,-0.193793,0.309925,-0.217080,2.700000,292.927521
2014-07-31,0.695505,-0.198253,0.239399,-0.154875,0.000000,283.680237
2014-08-01,0.670438,-0.201812,0.198302,-0.157283,0.000000,286.269653
2014-08-02,0.639530,-0.206838,0.146276,-0.250561,0.000000,292.627899
2014-08-03,0.608712,-0.211334,0.097616,-0.354249,0.000000,295.048096
2014-08-04,0.576875,-0.215460,0.044348,-0.467201,0.000000,296.968903
2014-08-05,0.545113,-0.219148,0.008148,-0.549967,0.000000,296.323273
2014-08-06,0.528936,-0.222790,0.506870,-0.563913,1.000000,290.690765
2014-08-07,1.715614,2.517546,2.298452,1.421833,47.699998,285.316345
2014-08-08,1.576837,3.134403,1.962971,1.173771,0.000000,285.624908
2014-08-09,1.403724,2.641750,1.611777,1.052809,1.000000,288.206360
2014-08-10,1.275520,2.243414,1.208876,0.914852,0.000000,291.114685
2014-08-11,1.183324,1.892494,0.967972,0.815912,0.000000,289.340240
2014-08-12,1.116079,1.595656,0.873372,0.696784,0.000000,294.602051
2014-08-13,1.051369,1.319335,0.796574,0.562652,0.200000,295.969818
2014-08-14,0.995296,1.043406,0.714011,0.470838,0.000000,293.457611
2014-08-15,0.946769,0.804102,0.645226,0.364500,0.000000,292.833435
2014-08-16,0.901966,0.614086,0.578807,0.210733,0.000000,296.426422
2014-08-17,0.857425,0.450189,0.529793,0.104961,0.000000,291.354828
2014-08-18,0.845610,0.347119,0.550370,0.057372,0.700000,289.839844
2014-08-19,0.830212,0.273201,0.548137,0.082099,0.800000,284.200195
2014-08-20,0.821304,0.229382,0.528897,0.123445,0.000000,283.237488
2014-08-21,0.797694,0.166765,0.488475,0.117681,0.000000,282.692627
2014-08-22,0.774983,0.109146,0.456324,0.056460,0.000000,285.796967
2014-08-23,0.751988,0.060390,0.432820,-0.040904,0.000000,289.985382
2014-08-24,0.727228,0.021000,0.404632,-0.099058,0.000000,288.523102
2014-08-25,0.704200,-0.009882,0.393669,-0.172297,0.000000,290.614441
2014-08-26,0.688552,-0.034391,0.381392,-0.204746,0.000000,286.429779
2014-08-27,0.703287,-0.053246,0.629444,-0.188449,4.600000,284.988220
2014-08-28,0.824732,-0.062716,0.818532,-0.101794,0.500000,282.569275
2014-08-29,0.776495,-0.076773,0.656339,-0.091398,0.000000,285.299835
2014-08-30,0.751112,-0.088258,0.556160,-0.144272,0.300000,285.858765
2014-08-31,0.729875,-0.099067,0.456247,-0.149341,0.000000,283.486389
2014-09-01,0.788663,-0.108222,0.716691,-0.128807,4.300000,284.566803
2014-09-02,0.847060,-0.107355,0.704658,-0.062923,0.000000,284.842987
2014-09-03,0.798101,-0.104687,0.564615,-0.079339,0.000000,283.659485
2014-09-04,0.768977,-0.104669,0.461239,-0.062663,0.000000,280.455139
2014-09-05,0.750251,-0.106144,0.418374,-0.046702,0.000000,279.827393
2014-09-06,0.771729,-0.109142,0.665973,-0.001642,4.000000,275.877899
2014-09-07,0.853619,-0.105174,0.782431,0.121722,0.000000,274.571899
2014-09-08,0.817516,-0.096265,0.704192,0.131479,0.000000,275.946472
2014-09-09,0.793448,-0.092871,0.611090,0.138718,0.000000,275.477509
2014-09-10,0.774120,-0.095295,0.527228,0.091472,0.000000,280.226410
2014-09-11,0.753107,-0.101616,0.448662,-0.014739,0.000000,283.841827
2014-09-12,0.737725,-0.108825,0.416558,-0.043782,0.000000,281.875031
2014-09-13,0.722146,-0.116904,0.394006,-0.040975,0.000000,281.673340
2014-09-14,0.707703,-0.125083,0.382989,-0.091456,0.000000,282.234467
2014-09-15,0.693779,-0.133094,0.380566,-0.139196,0.000000,284.761353
2014-09-16,0.682260,-0.138792,0.374285,-0.118383,0.000000,278.755035
2014-09-17,0.673558,-0.143249,0.375957,-0.110518,0.000000,279.260040
2014-09-18,0.664985,-0.148684,0.367341,-0.098441,0.000000,278.616455
2014-09-19,0.657650,-0.154485,0.377274,-0.159474,0.300000,283.185883
2014-09-20,0.653762,-0.159362,0.371571,-0.165359,0.000000,283.076385
2014-09-21,0.639893,-0.165287,0.382411,-0.204922,0.000000,287.282837
2014-09-22,0.628912,-0.170799,0.363105,-0.241824,0.000000,287.840027
2014-09-23,0.612966,-0.176103,0.351692,-0.203431,0.000000,285.637970
2014-09-24,0.605192,-0.179934,0.343800,-0.156911,0.000000,277.840057
2014-09-25,0.599153,-0.182909,0.354187,-0.166025,0.100000,278.439453
2014-09-26,0.622585,-0.183836,0.515697,-0.167549,2.100000,276.861786
2014-09-27,0.735402,-0.183891,0.836707,-0.132968,3.100000,279.872375
2014-09-28,0.727777,-0.185729,0.778682,-0.060438,0.000000,279.833405
2014-09-29,0.716426,-0.186999,0.814277,-0.062640,1.200000,281.148346
2014-09-30,0.723801,-0.186972,0.805134,-0.012075,0.100000,277.794281
2014-10-01,0.703996,-0.186673,0.722961,0.042202,0.000000,275.841858
2014-10-02,0.691155,-0.186035,0.606273,0.080782,0.000000,273.898010
2014-10-03,0.682080,-0.185818,0.571405,0.080738,0.000000,273.210693
2014-10-04,0.675718,-0.185257,0.620626,0.048943,0.100000,277.600861
2014-10-05,0.668313,-0.186610,0.584011,0.055607,0.000000,276.835876
2014-10-06,0.750475,-0.186929,0.924372,0.129139,3.600000,277.563202
2014-10-07,0.771840,-0.182806,0.856614,0.232240,0.200000,274.917755
2014-10-08,0.749930,-0.175055,0.832827,0.255504,0.000000,272.150452
2014-10-09,0.732949,-0.168236,0.799276,0.243460,0.000000,274.242798
2014-10-10,0.720601,-0.163852,0.787729,0.242500,0.000000,275.458282
2014-10-11,0.710374,-0.161339,0.777747,0.240479,0.000000,277.201050
2014-10-12,0.700027,-0.161423,0.767186,0.256503,0.000000,272.970886
2014-10-13,0.693913,-0.160718,0.753822,0.254270,0.300000,272.802673
2014-10-14,0.696274,-0.159696,0.730601,0.251258,0.000000,272.237823
2014-10-15,0.667899,-0.159270,0.732151,0.242907,4.201000,271.340057
2014-10-16,0.607150,-0.158057,0.761886,0.233331,1.326000,269.900177
2014-10-17,0.632902,-0.157714,0.784620,0.224992,1.041000,271.183990
2014-10-18,0.666110,-0.157890,0.807234,0.215429,2.964000,271.742920
2014-10-19,0.690806,-0.157683,0.884222,0.212015,1.226000,271.273590
2014-10-20,0.743178,-0.158902,1.416390,0.226828,12.723000,272.532471
2014-10-21,1.077612,-0.043201,1.627966,0.342237,1.300000,271.429199
2014-10-22,0.983355,0.137708,1.472933,0.346651,0.000000,271.032715
2014-10-23,0.946893,0.211403,1.375363,0.350791,0.000000,270.069031
2014-10-24,0.924620,0.206376,1.248923,0.340997,0.900000,268.298737
2014-10-25,0.907761,0.003978,0.996409,0.310560,0.100000,263.810638
2014-10-26,0.893846,-0.160950,0.944752,0.265790,0.000000,266.838409
2014-10-27,0.881966,-0.179772,0.887430,0.184797,0.000000,268.090393
2014-10-28,0.871639,-0.202390,0.804290,0.070712,0.078000,266.630951
2014-10-29,0.862565,-0.234753,0.754472,-0.107229,0.000000,268.452087
2014-10-30,0.851650,-0.248735,0.622094,-0.190448,0.000000,268.022156
2014-10-31,0.884211,-0.261317,1.091325,-0.218416,14.790000,271.142639
2014-11-01,1.240064,-0.272675,1.256271,-0.208795,0.700000,269.556915
2014-11-02,1.093963,-0.281841,1.068639,-0.279450,0.000000,265.285095
2014-11-03,0.992619,-0.290390,0.870108,-0.419496,0.000000,264.239105
2014-11-04,0.903124,-0.297269,0.736189,-0.610645,0.000000,264.822845
2014-11-05,0.812492,-0.353377,0.304854,-0.768328,0.100000,262.424744
2014-11-06,0.717826,-0.420372,-0.117887,-0.839330,0.000000,263.218903
2014-11-07,0.617057,-0.461072,-0.805420,-0.861310,0.000000,258.609375
2014-11-08,0.447750,-0.588498,-1.059660,-0.874074,0.000000,254.532211
2014-11-09,0.283261,-0.618782,-1.059660,-0.888060,0.000000,253.469757
2014-11-10,0.051861,-0.712103,-1.059660,-0.900542,0.000000,243.758682
2014-11-11,-0.160468,-0.757741,-1.059660,-0.918558,0.000000,252.994247
2014-11-12,-0.331386,-0.759683,-1.059660,-0.936910,0.000000,248.134308
2014-11-13,-0.486369,-0.764986,-1.059660,-0.955351,0.000000,249.682159
2014-11-14,-0.601401,-0.765063,-1.059660,-0.971671,0.000000,252.016769
2014-11-15,-0.661103,-0.765144,-1.059660,-0.983190,0.000000,258.197174
2014-11-16,-0.687627,-0.765238,-1.059660,-0.989556,0.000000,257.290833
2014-11-17,-0.718996,-0.765321,-1.059660,-0.994450,0.000000,254.278275
2014-11-18,-0.737830,-0.765404,-1.059660,-0.997630,0.000000,265.003174
2014-11-19,-0.742363,-0.765498,-1.059660,-0.988577,0.000000,261.997070
2014-11-20,-0.746526,-0.765588,-1.059660,-0.985150,0.000000,264.092621
2014-11-21,-0.750363,-0.765684,-1.059660,-0.977923,0.000000,261.810760
2014-11-22,-0.753891,-0.765761,-1.059660,-0.977065,0.000000,253.648819
2014-11-23,-0.770313,-0.765823,-1.059660,-0.984170,0.000000,253.192749
2014-11-24,-0.802205,-0.765887,-1.059660,-0.991392,0.000000,248.119629
2014-11-25,-0.868478,-0.807122,-1.059660,-0.997997,0.000000,238.424347
2014-11-26,-0.910515,-0.837229,-1.059660,-1.007163,0.000000,247.259140
2014-11-27,-0.921680,-0.837257,-1.059660,-1.014611,0.000000,244.797348
2014-11-28,-0.955449,-0.847024,-1.059660,-1.021322,0.000000,239.694916
2014-11-29,-0.972256,-0.859099,-1.059660,-1.032049,0.000000,248.310486
2014-11-30,-0.984606,-0.859119,-1.059660,-1.038626,0.000000,243.153076
2014-12-01,-1.003683,-0.859132,-1.059660,-1.044955,0.000000,243.254807
2014-12-02,-1.024297,-0.859143,-1.059660,-1.049821,0.000000,242.521271
2014-12-03,-1.035122,-0.859155,-1.059660,-1.049821,0.378000,248.741913
2014-12-04,-1.036552,-0.859173,-1.059660,-1.048483,0.048000,249.454666
2014-12-05,-1.037718,-0.859192,-1.059660,-1.043373,0.054000,247.852371
2014-12-06,-1.038782,-0.859207,-1.059660,-1.038505,0.285000,248.928329
2014-12-07,-1.039750,-0.859223,-1.059660,-1.038139,0.612000,250.216034
2014-12-08,-1.040626,-0.859240,-1.059660,-1.038383,0.090000,250.023056
2014-12-09,-1.041419,-0.859261,-1.059660,-1.038139,0.150000,253.668915
2014-12-10,-1.042132,-0.859284,-1.059660,-1.038139,1.530000,253.393890
2014-12-11,-1.042770,-0.859305,-1.059660,-1.036678,2.712000,253.501190
2014-12-12,-1.043338,-0.859329,-1.059660,-1.032050,0.423000,252.853745
2014-12-13,-1.043839,-0.859347,-1.059660,-1.027175,0.000000,252.103577
2014-12-14,-1.044277,-0.859366,-1.059660,-1.029125,0.000000,249.170624
2014-12-15,-1.044656,-0.859384,-1.059660,-1.032293,0.042000,258.131531
2014-12-16,-1.044980,-0.859410,-1.059660,-1.034607,0.000000,257.914948
2014-12-17,-1.045253,-0.859433,-1.059660,-1.038139,0.000000,252.771484
2014-12-18,-1.045477,-0.859454,-1.059660,-1.038139,0.000000,251.503143
2014-12-19,-1.045657,-0.859474,-1.059660,-1.040209,0.429000,248.547882
2014-12-20,-1.045793,-0.859496,-1.059660,-1.041547,1.680000,254.084854
2014-12-21,-1.045890,-0.859520,-1.059660,-1.038139,1.248000,255.369858
2014-12-22,-1.045949,-0.859550,-1.059660,-1.034120,0.267000,256.334412
2014-12-23,-1.045972,-0.859575,-1.059660,-1.029003,0.258000,252.382004
2014-12-24,-1.045962,-0.859599,-1.059660,-1.025224,0.219000,253.098190
2014-12-25,-1.045922,-0.859621,-1.059660,-1.020712,0.552000,249.532318
2014-12-26,-1.045852,-0.859641,-1.059660,-1.020591,0.288000,247.694809
2014-12-27,-1.045755,-0.859661,-1.059660,-1.020591,0.234000,246.448273
2014-12-28,-1.045633,-0.859680,-1.059660,-1.020712,0.522000,253.149506
2014-12-29,-1.045486,-0.859704,-1.059660,-1.024980,0.000000,250.833710
2014-12-30,-1.045315,-0.859728,-1.059660,-1.026444,0.000000,254.457138
2014-12-31,-1.045125,-0.859757,NaN,-1.026444,1.707000,256.939453
2015-01-01,-1.044915,-0.859790,-1.059660,-1.021322,0.555000,257.068909
2015-01-02,-1.044687,-0.859813,-1.059660,-1.020469,0.066000,248.148880
2015-01-03,-1.044442,-0.859830,-1.059660,-1.022420,0.132000,247.785706
2015-01-04,-1.044180,-0.859849,-1.059660,-1.026931,0.000000,247.436478
2015-01-05,-1.043904,-0.859871,-1.059660,-1.031928,0.084000,251.791122
2015-01-06,-1.043616,-0.859897,-1.059660,-1.032293,0.000000,250.344955
2015-01-07,-1.043315,-0.859921,-1.059660,-1.032293,0.588000,250.692810
2015-01-08,-1.043002,-0.859944,-1.059660,-1.032293,0.000000,250.104309
2015-01-09,-1.042677,-0.859963,-1.059660,-1.036434,0.000000,244.438263
2015-01-10,-1.042340,-0.859976,-1.059660,-1.038139,0.000000,240.796646
2015-01-11,-1.041994,-0.859991,-1.059660,-1.043008,0.000000,243.466309
2015-01-12,-1.041639,-0.860013,-1.059660,-1.048969,0.351000,252.984589
2015-01-13,-1.041276,-0.860042,-1.059660,-1.044955,3.693000,254.667664
2015-01-14,-1.040903,-0.860074,-1.059660,-1.043252,0.735000,255.838089
2015-01-15,-1.040522,-0.860106,-1.059660,-1.038018,2.202000,253.695145
2015-01-16,-1.040137,-0.860142,-1.059660,-1.032902,0.279000,259.671570
2015-01-17,-1.039744,-0.860179,-1.059660,-1.028881,0.000000,256.949921
2015-01-18,-1.039347,-0.860210,-1.059660,-1.026444,0.060000,253.581543
2015-01-19,-1.038947,-0.860238,-1.059660,-1.025468,0.000000,248.479401
2015-01-20,-1.038538,-0.860265,-1.059660,-1.024005,0.057000,250.974899
2015-01-21,-1.038128,-0.860301,-1.059660,-1.023395,0.549000,262.653198
2015-01-22,-1.037719,-0.860340,-1.059660,-1.021444,1.560000,260.325043
2015-01-23,-1.037304,-0.860380,-1.059660,-1.020591,1.356000,256.632904
2015-01-24,-1.036882,-0.860420,-1.059660,-1.019858,0.078000,258.129211
2015-01-25,-1.036461,-0.860457,-1.059660,-1.017906,1.734000,253.958313
2015-01-26,-1.036040,-0.860490,-1.059660,-1.017418,0.264000,251.392349
2015-01-27,-1.035618,-0.860516,-1.059660,-1.016564,0.273000,243.694641
2015-01-28,-1.035194,-0.860535,-1.059660,-1.014734,0.222000,242.268982
2015-01-29,-1.034766,-0.860553,-1.059660,-1.014978,0.543000,241.955627
2015-01-30,-1.034333,-0.860575,-1.059660,-1.020712,0.114000,245.828827
2015-01-31,-1.033901,-0.860597,-1.059660,-1.026200,0.000000,242.817474
2015-02-01,-1.033469,-0.860619,-1.059660,-1.031806,0.000000,247.265930
2015-02-02,-1.033037,-0.860646,-1.059660,-1.037409,0.000000,247.793304
2015-02-03,-1.032604,-0.860670,-1.059660,-1.038505,0.000000,242.062714
2015-02-04,-1.032171,-0.860693,-1.059660,-1.040087,0.309000,245.773499
2015-02-05,-1.031738,-0.860720,-1.059660,-1.043617,0.000000,247.744797
2015-02-06,-1.031306,-0.860742,-1.059660,-1.043982,1.581000,240.889694
2015-02-07,-1.030874,-0.860757,-1.059660,-1.044468,2.676000,241.654144
2015-02-08,-1.030441,-0.860776,-1.059660,-1.048969,0.000000,237.595581
2015-02-09,-1.030009,-0.860790,-1.059660,-1.049821,0.714000,242.027878
2015-02-10,-1.029576,-0.860815,-1.059660,-1.051036,0.060000,242.403702
2015-02-11,-1.029143,-0.860835,-1.059660,-1.053589,0.555000,243.160873
2015-02-12,-1.028710,-0.860864,-1.059660,-1.055656,0.219000,246.967850
2015-02-13,-1.028277,-0.860897,-1.059660,-1.055656,1.074000,250.182861
2015-02-14,-1.027845,-0.860937,-1.059660,-1.055656,3.114000,253.692459
2015-02-15,-1.027412,-0.860978,-1.059660,-1.051158,0.216000,252.249252
2015-02-16,-1.026982,-0.861019,-1.059660,-1.048483,0.186000,253.392288
2015-02-17,-1.026555,-0.861060,-1.059660,-1.044347,2.928000,256.113281
2015-02-18,-1.026129,-0.861110,-1.059660,-1.041669,0.078000,258.925079
2015-02-19,-1.025703,-0.861160,-1.059660,-1.038139,0.147000,260.722992
2015-02-20,-1.025279,-0.861213,-1.059660,-1.034364,0.315000,261.937469
2015-02-21,-1.024858,-0.861259,-1.059660,-1.030587,0.000000,262.308472
2015-02-22,-1.024436,-0.861314,-1.059660,-1.026200,0.000000,263.952911
2015-02-23,-1.024015,-0.861376,-1.059660,-1.021322,1.584000,266.806732
2015-02-24,-1.023599,-0.861424,-1.059660,-1.019248,6.387000,260.759369
2015-02-25,-1.023189,-0.861473,-1.059660,-1.014734,0.075000,254.899872
2015-02-26,-1.022779,-0.861520,-1.059660,-1.010094,0.051000,257.565674
2015-02-27,-1.022369,-0.861563,-1.059660,-1.008873,0.000000,260.571014
2015-02-28,-1.021963,-0.861611,-1.059660,-1.008873,0.000000,264.905975
2015-03-01,-1.021563,-0.861670,-1.059660,-1.008629,0.303000,263.722260
2015-03-02,-1.021166,-0.861720,-1.059660,-1.007896,0.000000,258.772369
2015-03-03,-1.020769,-0.861766,-1.059660,-1.006185,0.000000,253.324402
2015-03-04,-1.020373,-0.861813,-1.059660,-1.007285,0.000000,254.348633
2015-03-05,-1.019985,-0.861865,-1.059660,-1.008995,0.000000,258.558533
2015-03-06,-1.019601,-0.861926,-1.059660,-1.014123,0.147000,264.248230
2015-03-07,-1.019216,-0.861993,-1.059660,-1.014734,0.000000,267.237885
2015-03-08,-1.018833,-0.862078,-1.059660,-1.014734,0.405000,272.603210
2015-03-09,-1.018458,-0.862161,-1.059660,-1.012780,5.877000,268.109375
2015-03-10,-1.018085,-0.862210,-1.059660,-1.008751,1.191000,260.572510
2015-03-11,-1.017712,-0.862265,-1.059660,-1.008629,0.675000,253.179977
2015-03-12,-1.017345,-0.862316,-1.059660,-1.009606,2.118000,253.546890
2015-03-13,-1.016984,-0.862373,-1.059660,-1.008873,0.000000,263.963654
2015-03-14,-1.016623,-0.862449,-1.059660,-1.011559,0.588000,266.947937
2015-03-15,-1.016261,-0.862506,-1.059660,-1.019980,0.075000,249.867172
2015-03-16,-1.015900,-0.862550,-1.059660,-1.017662,0.000000,249.453705
2015-03-17,-1.015544,-0.862598,-1.059660,-1.016930,0.000000,255.718231
2015-03-18,-1.015195,-0.862657,-1.059660,-1.020591,0.000000,258.366974
2015-03-19,-1.014846,-0.862709,-1.059660,-1.024127,0.000000,258.004364
2015-03-20,-1.014496,-0.862764,-1.059660,-1.026444,0.000000,260.559479
2015-03-21,-1.014146,-0.862818,-1.059660,-1.026444,0.000000,257.837036
2015-03-22,-1.013797,-0.862878,-1.059660,-1.027906,0.000000,262.750580
2015-03-23,-1.013457,-0.862957,-1.059660,-1.029612,0.000000,267.113251
2015-03-24,-1.013119,-0.863043,-1.059660,-1.026688,0.087000,266.291992
2015-03-25,-1.012781,-0.863124,-1.059660,-1.025956,1.410000,268.071777
2015-03-26,-1.012450,-0.863195,-1.059660,-1.021200,0.000000,267.562256
2015-03-27,-0.960884,-0.863316,-1.059660,-1.015343,0.000000,278.652618
2015-03-28,-0.490931,-0.863487,-1.059660,-0.965033,0.120000,276.798157
2015-03-29,-0.421786,-0.863627,-1.059660,-0.913005,0.000000,273.096588
2015-03-30,-0.412737,-0.863754,-1.059660,-0.887564,0.000000,272.511292
2015-03-31,-0.405209,-0.863869,-1.059660,-0.869119,0.765000,270.124847
2015-04-01,-0.564722,-0.863947,-1.059660,-0.857465,0.195000,265.985840
2015-04-02,-0.672038,-0.864021,-1.059660,-0.849150,0.000000,267.167145
2015-04-03,-0.738467,-0.864101,-1.059660,-0.843686,0.000000,265.578217
2015-04-04,-0.821001,-0.864178,-1.059660,-0.843313,0.000000,262.600128
2015-04-05,-0.876966,-0.864262,-1.059660,-0.846542,0.000000,265.135803
2015-04-06,-0.863854,-0.864357,-1.059660,-0.854115,0.000000,266.955383
2015-04-07,-0.816649,-0.864473,-1.059660,-0.862551,0.000000,270.030029
2015-04-08,-0.738737,-0.864592,-1.059660,-0.868005,0.000000,271.187683
2015-04-09,-0.594422,-0.864751,-0.958316,-0.863287,0.000000,282.227905
2015-04-10,-0.274982,-0.864971,-0.390986,-0.492633,0.000000,282.713501
2015-04-11,0.261739,-0.105028,0.924473,0.270406,0.186000,281.812744
2015-04-12,0.575929,2.858825,1.707907,1.315200,3.213000,273.959320
2015-04-13,0.486224,2.803956,1.737780,1.247132,0.180000,272.475922
2015-04-14,0.486417,2.481886,1.592833,1.283919,0.687000,270.764465
2015-04-15,0.242513,1.843257,0.858291,1.290903,0.120000,271.625427
2015-04-16,0.426749,1.406584,1.834062,1.433724,0.000000,278.786072
2015-04-17,0.741704,1.379853,2.107692,1.548463,0.000000,279.401947
2015-04-18,0.970529,1.996496,1.998909,1.630156,0.000000,277.559326
2015-04-19,1.165057,3.079904,1.856257,1.720229,0.000000,278.109100
2015-04-20,1.178770,3.413826,1.875167,1.830540,0.000000,280.186951
2015-04-21,1.162791,2.890365,2.138423,1.933013,1.545000,277.820404
2015-04-22,1.291445,2.739528,2.987823,2.048689,13.137000,275.478333
2015-04-23,1.355890,2.887984,3.360834,2.043538,6.918000,274.095703
2015-04-24,1.380037,2.704759,3.024695,2.030907,0.000000,272.773468
2015-04-25,1.301708,2.653405,2.637874,1.945855,0.000000,272.202759
2015-04-26,1.323295,2.853318,2.424757,1.971902,0.000000,276.981628
2015-04-27,1.411030,3.058150,2.449854,2.027554,0.489000,278.452728
2015-04-28,1.362400,2.774047,2.468663,2.042915,1.932000,280.541412
2015-04-29,1.465644,2.809726,2.379373,2.153456,3.492000,280.760010
2015-04-30,1.362499,2.605738,1.705212,2.076044,0.603000,281.210205
2015-05-01,1.322014,2.405570,1.323251,2.055715,1.155000,276.391296
2015-05-02,1.305000,2.294321,1.133486,2.004923,0.483000,274.004578
2015-05-03,1.253929,2.180109,0.805520,1.956980,0.909000,272.836212
2015-05-04,1.208467,2.075092,0.573865,1.920642,0.330000,272.656738
2015-05-05,1.211199,1.979478,0.518925,1.909594,0.000000,275.906525
2015-05-06,1.204260,1.861592,0.533091,1.908438,0.084000,280.113464
2015-05-07,1.176738,1.728784,0.597379,1.893255,0.000000,281.623627
2015-05-08,1.160291,1.579799,0.539971,1.847821,0.633000,282.495270
2015-05-09,1.130978,1.424268,0.404962,1.767646,0.000000,284.735596
2015-05-10,1.093454,1.225889,0.290428,1.658720,0.000000,290.023712
2015-05-11,1.060042,1.051857,0.230789,1.550270,0.000000,291.100281
2015-05-12,1.020670,0.884937,0.172018,1.474939,0.000000,291.282623
2015-05-13,0.987876,0.739743,0.121972,1.427819,0.000000,290.618561
2015-05-14,0.963212,0.607443,0.069773,1.382683,0.000000,290.260986
2015-05-15,0.938293,0.502612,0.046364,1.408532,0.177000,285.366669
2015-05-16,0.937400,0.458737,0.026629,1.451482,0.000000,279.184021
2015-05-17,0.924315,0.376518,-0.005469,1.336261,0.000000,287.585571
2015-05-18,0.897727,0.275246,-0.042485,1.222062,0.000000,291.554169
2015-05-19,0.868832,0.192473,-0.075258,1.154097,0.000000,292.079407
2015-05-20,0.839958,0.127061,-0.096261,1.089078,0.000000,291.953461
2015-05-21,0.813632,0.074992,-0.093009,1.021411,0.000000,292.061890
2015-05-22,0.795035,0.032143,-0.031446,0.957779,0.456000,292.312195
2015-05-23,0.781721,-0.003055,0.029292,0.908095,0.000000,294.095306
2015-05-24,0.757489,-0.033951,0.091891,0.934808,0.528000,293.564056
2015-05-25,0.750024,-0.058693,0.158475,1.439107,0.000000,290.176025
2015-05-26,0.733986,-0.080275,0.194387,1.294178,0.000000,288.706635
2015-05-27,0.723154,-0.096219,0.235712,1.255683,0.000000,286.470215
2015-05-28,0.716788,-0.109697,0.264473,1.248040,0.000000,282.987701
2015-05-29,0.708821,-0.122962,0.290412,1.148227,0.000000,287.692200
2015-05-30,0.691888,-0.135846,0.315322,1.015670,0.000000,290.208221
2015-05-31,0.683617,-0.145233,0.421525,1.142875,1.167000,281.420654
2015-06-01,0.719345,-0.148070,0.574336,1.273774,0.234000,277.269409
2015-06-02,0.745428,-0.153977,0.733807,1.280123,2.124000,278.983704
2015-06-03,0.778234,-0.158335,0.737354,1.276138,0.000000,277.740723
2015-06-04,0.815106,-0.165001,0.819010,1.256068,2.097000,288.349640
2015-06-05,0.782750,-0.173890,0.667612,1.013651,0.000000,294.077759
2015-06-06,0.739612,-0.182633,0.603347,0.936698,0.000000,292.356659
2015-06-07,0.712810,-0.190154,0.577229,0.923298,0.093000,289.615387
2015-06-08,0.716825,-0.196360,0.768476,1.017742,3.183000,287.187469
2015-06-09,0.819307,-0.200520,0.877215,1.088442,1.230000,286.810181
2015-06-10,0.772226,-0.205981,0.657210,0.922604,0.000000,292.085205
2015-06-11,0.732579,-0.211365,0.650618,0.837507,0.870000,292.410828
2015-06-12,0.761050,-0.215335,0.759005,0.919924,3.501000,289.412109
2015-06-13,0.786022,-0.219381,0.716441,1.501164,1.170000,286.394989
2015-06-14,0.776471,-0.222963,0.642375,1.252730,0.054000,284.756866
2015-06-15,0.747501,-0.226535,0.610183,1.198414,0.672000,285.377045
2015-06-16,0.755400,-0.229469,0.644619,1.203120,1.293000,283.634125
2015-06-17,0.750575,-0.232712,0.576060,1.112932,0.000000,285.817474
2015-06-18,0.721067,-0.236297,0.521896,1.050444,0.000000,286.928864
2015-06-19,0.702818,-0.239517,0.474196,1.010853,0.000000,286.398346
2015-06-20,0.679559,-0.242889,0.419208,0.900698,0.297000,289.250092
2015-06-21,0.674095,-0.245810,0.409063,0.828965,0.633000,290.093323
2015-06-22,0.654003,-0.248652,0.359534,0.775431,0.438000,290.814301
2015-06-23,0.633280,-0.251787,0.304658,0.662023,0.000000,294.113739
2015-06-24,0.598355,-0.254774,0.233957,0.579813,0.000000,294.256409
2015-06-25,0.573514,-0.257656,0.198777,0.567118,0.378000,294.363129
2015-06-26,0.566852,-0.260475,0.259363,0.554473,2.433000,293.672821
2015-06-27,0.588587,-0.263088,0.272651,0.472451,0.000000,294.026489
2015-06-28,0.552935,-0.265623,0.212581,0.373578,0.000000,294.155762
2015-06-29,0.521669,-0.267869,0.159328,0.260022,0.000000,294.921844
2015-06-30,0.494139,-0.269869,0.111038,0.144923,0.000000,295.560120
2015-07-01,0.469958,-0.271689,0.060849,0.089663,0.000000,294.314209
2015-07-02,0.444186,-0.273365,0.008332,0.052206,0.000000,294.595337
2015-07-03,0.422600,-0.274938,0.007196,0.611605,0.807000,293.355713
2015-07-04,0.446887,-0.276028,0.095552,0.595943,1.017000,290.044769
2015-07-05,0.432967,-0.277329,0.119640,0.442007,1.335000,292.835510
2015-07-06,0.489707,-0.278250,0.279378,0.781841,1.938000,287.976318
2015-07-07,0.481931,-0.279020,0.188275,0.776371,0.000000,290.871490
2015-07-08,0.454693,-0.280374,0.181342,0.580746,0.948000,294.270569
2015-07-09,0.458055,-0.281309,0.207235,0.675127,0.468000,286.223755
2015-07-10,0.451570,-0.281850,0.191355,0.697785,0.000000,286.691193
2015-07-11,0.430480,-0.282903,0.146413,0.494091,0.000000,292.048187
2015-07-12,0.413637,-0.284214,0.334566,0.550417,1.572000,293.939972
2015-07-13,0.957621,-0.002793,1.495971,1.191758,16.386000,292.362854
2015-07-14,0.917568,0.464873,1.276864,1.196142,3.129000,292.825012
2015-07-15,1.116400,0.597449,1.786621,1.419426,13.965000,290.076721
2015-07-16,1.212107,1.282333,1.695870,1.197205,5.727000,288.120300
2015-07-17,1.138602,1.497868,1.457574,1.016442,0.000000,289.813751
2015-07-18,1.054459,1.221156,1.344262,0.861982,5.547000,292.359406
2015-07-19,1.190482,1.023673,1.707957,0.862201,8.904000,287.959778
2015-07-20,1.206240,1.141261,1.566432,0.818886,1.392000,287.702423
2015-07-21,1.095723,1.039745,1.229837,0.709247,0.252000,289.700592
2015-07-22,1.026449,0.760591,0.986509,0.667430,0.000000,288.134705
2015-07-23,0.973558,0.453580,0.860607,0.878394,0.753000,287.823181
2015-07-24,0.968271,0.233051,0.897627,1.230734,2.538000,287.685730
2015-07-25,1.014755,0.107427,1.234368,1.578554,4.260000,287.628448
2015-07-26,1.105394,0.065275,1.645653,1.456129,8.430000,287.477966
2015-07-27,1.135814,0.145070,1.594518,1.183660,2.478000,288.428864
2015-07-28,1.088936,0.184941,1.377778,1.062260,0.231000,290.856262
2015-07-29,1.028283,0.127792,1.324641,1.016371,3.717000,289.073975
2015-07-30,1.155742,0.093835,1.636834,0.967207,7.458000,287.112823
2015-07-31,1.180130,0.142470,1.616672,0.980033,4.350000,287.905609
2015-08-01,1.149007,0.180156,1.512090,1.464818,1.500000,288.380341
2015-08-02,1.137357,0.158291,1.683864,1.353198,3.117000,288.377594
2015-08-03,1.302473,0.274057,1.785647,1.379042,6.400000,288.789459
2015-08-04,1.166967,0.400501,1.329930,1.100131,0.000000,290.035522
2015-08-05,1.079514,0.276226,0.967092,0.936828,0.000000,290.957672
2015-08-06,1.009382,0.145291,0.814929,0.777765,0.000000,293.768097
2015-08-07,0.953743,0.057164,0.728574,0.733230,0.000000,289.479065
2015-08-08,0.912794,-0.000459,0.663555,0.688471,0.000000,287.606476
2015-08-09,0.876589,-0.042507,0.610402,0.552266,0.000000,291.905334
2015-08-10,0.833242,-0.075246,0.551656,0.388377,0.000000,294.268250
2015-08-11,0.791196,-0.100598,0.491042,0.265803,0.000000,293.066559
2015-08-12,0.808141,-0.119640,0.651489,0.294042,3.200000,288.707306
2015-08-13,0.887249,-0.133058,0.913635,0.492698,2.900000,286.198578
2015-08-14,1.061637,-0.117596,1.344437,0.914373,6.300000,283.443359
2015-08-15,0.992713,-0.047691,1.034249,0.902745,0.000000,284.543457
2015-08-16,0.931327,-0.032160,0.787175,0.733791,0.000000,288.300018
2015-08-17,0.887469,-0.043650,0.681666,0.594097,1.689000,286.409546
2015-08-18,0.916092,-0.058948,0.754689,0.484868,0.702000,286.491119
2015-08-19,0.950826,-0.074544,1.001205,0.536246,4.000000,288.599792
2015-08-20,0.949668,-0.068744,0.886735,0.615958,0.000000,284.596771
2015-08-21,0.894888,-0.067427,0.667963,0.560671,0.000000,283.468506
2015-08-22,0.859047,-0.075978,0.551897,0.485631,0.000000,281.911316
2015-08-23,0.841087,-0.088605,0.593932,0.414971,1.400000,284.364746
2015-08-24,0.841079,-0.099600,0.593663,0.451722,0.000000,282.756378
2015-08-25,0.929237,-0.109090,0.941368,0.563827,4.800000,283.863098
2015-08-26,0.926396,-0.104534,0.799128,0.637183,0.000000,285.066772
2015-08-27,0.869305,-0.101649,0.627664,0.497337,0.000000,288.721710
2015-08-28,0.831899,-0.106144,0.527150,0.394024,0.000000,285.456207
2015-08-29,0.803142,-0.114014,0.480727,0.323125,0.000000,283.983246
2015-08-30,0.805285,-0.123471,0.553185,0.249745,1.600000,288.831207
2015-08-31,0.823804,-0.133037,0.732694,0.402210,5.200000,281.670013
2015-09-01,1.086330,-0.099637,1.513336,1.015520,8.000000,275.977325
2015-09-02,1.143547,0.219139,1.453833,1.243425,1.900000,275.851257
2015-09-03,1.077584,0.490180,1.355391,1.168457,1.300000,277.735840
2015-09-04,1.045634,0.580351,1.257808,1.074235,0.000000,281.212616
2015-09-05,0.993757,0.519323,1.086844,0.964435,0.000000,283.805145
2015-09-06,0.951492,0.372840,0.923790,0.869102,0.000000,283.053528
2015-09-07,0.920942,0.253805,0.801632,0.835868,0.100000,281.368042
2015-09-08,0.894335,0.160399,0.700413,0.803422,0.000000,282.633057
2015-09-09,0.866987,0.084605,0.653788,0.732699,0.000000,283.881744
2015-09-10,0.839631,0.027417,0.626257,0.571108,0.000000,287.179871
2015-09-11,0.809969,-0.015326,0.569536,0.358201,0.000000,291.625977
2015-09-12,0.781588,-0.048104,0.540441,0.347367,0.000000,285.524445
2015-09-13,0.766505,-0.070543,0.520414,0.386554,0.000000,280.033051
2015-09-14,0.753750,-0.087616,0.498827,0.362421,0.000000,280.442780
2015-09-15,0.739060,-0.102761,0.488538,0.338294,0.000000,282.337341
2015-09-16,0.724628,-0.116035,0.483778,0.323053,0.000000,282.803833
2015-09-17,0.715728,-0.126908,0.469503,0.287634,0.100000,280.614136
2015-09-18,0.701704,-0.137063,0.461131,0.203264,0.000000,284.430237
2015-09-19,0.693225,-0.146234,0.528003,0.198959,0.800000,283.837769
2015-09-20,0.977159,-0.126679,1.572901,0.675702,11.900000,276.416260
2015-09-21,1.043789,0.091055,1.490462,0.951036,1.200000,275.652954
2015-09-22,0.976755,0.253074,1.359089,0.935156,0.000000,276.089447
2015-09-23,1.048112,0.326574,1.717670,1.158280,7.500000,276.839294
2015-09-24,1.146356,0.655066,1.847154,1.378101,0.200000,275.398224
2015-09-25,1.261958,1.141730,1.982573,1.589293,7.900000,275.810608
2015-09-26,1.211247,1.522830,1.824939,1.370851,0.000000,278.326843
2015-09-27,1.203207,1.450200,1.805649,1.389879,3.100000,274.813263
2015-09-28,1.124705,1.368004,1.509075,1.315416,0.000000,274.367737
2015-09-29,1.101256,1.192340,1.585225,1.188050,0.000000,279.938660
2015-09-30,1.052486,0.972474,1.508699,0.968488,0.000000,290.052948
2015-10-01,1.012916,0.792399,1.446213,1.005308,0.000000,280.914215
2015-10-02,0.985253,0.690866,1.318102,1.072497,0.000000,275.646637
2015-10-03,0.963201,0.609976,1.151031,1.039392,0.000000,273.991821
2015-10-04,0.944110,0.534201,1.178837,0.995329,0.000000,277.169128
2015-10-05,0.925377,0.470125,1.122767,0.989764,0.000000,277.801575
2015-10-06,0.909306,0.410805,1.006593,0.983245,0.000000,274.883179
2015-10-07,0.880205,0.358580,0.891624,0.953177,0.000000,271.669647
2015-10-08,0.874448,0.331100,1.071862,0.927674,0.000000,272.844025
2015-10-09,0.865161,0.316312,1.132787,0.923214,0.000000,272.087738
2015-10-10,0.868511,0.301658,1.566172,1.072768,10.200000,272.891052
2015-10-11,0.868794,0.288522,1.516972,1.102996,1.700000,271.666748
2015-10-12,0.866214,0.275435,1.608051,1.095134,2.500000,272.678650
2015-10-13,0.998035,0.261496,1.951893,1.127403,9.400000,274.975098
2015-10-14,1.326487,0.680196,1.852596,1.257126,0.000000,275.556854
2015-10-15,1.266605,0.991519,1.652465,1.246098,0.000000,274.571350
2015-10-16,1.085535,1.018380,1.524851,1.236699,0.000000,272.038391
2015-10-17,1.006931,0.955444,1.598744,1.229714,0.000000,275.949524
2015-10-18,1.022796,0.938022,1.553641,1.288622,0.000000,274.747528
2015-10-19,1.024879,0.975106,1.548139,1.311274,0.400000,274.190826
2015-10-20,1.038181,0.984322,1.545381,1.380842,0.700000,274.061096
2015-10-21,0.926604,0.965762,1.309802,1.330444,0.300000,271.596863
2015-10-22,0.861822,0.905622,1.583810,1.258158,1.800000,272.817200
2015-10-23,0.799793,0.841081,1.657886,1.212473,1.500000,272.008972
2015-10-24,0.737678,0.772322,1.686937,1.180671,1.600000,272.611633
2015-10-25,0.661362,0.681845,1.594752,1.159608,0.100000,271.666779
2015-10-26,0.603573,0.583402,1.590243,1.130548,1.400000,272.322815
2015-10-27,0.597555,0.451664,1.464595,1.099652,1.000000,272.406921
2015-10-28,0.496907,0.218654,1.029434,1.052275,0.000000,269.394531
2015-10-29,0.235834,0.076600,0.857948,0.965618,0.000000,268.379395
2015-10-30,0.017422,0.012872,0.725551,0.667650,0.000000,268.327362
2015-10-31,-0.177764,-0.040272,0.574552,0.347207,0.000000,267.714905
2015-11-01,-0.449827,-0.163494,0.185306,0.105906,0.297000,264.159943
2015-11-02,-0.693187,-0.284921,-0.114032,-0.278161,0.528000,264.503387
2015-11-03,-0.784388,-0.308586,-0.427549,-0.702394,0.000000,263.998779
2015-11-04,-0.887754,-0.401945,-1.036869,-0.842896,0.000000,259.918182
2015-11-05,-0.929093,-0.450325,-1.059660,-0.882245,0.000000,262.262787
2015-11-06,-0.948828,-0.479744,-1.044633,-0.912137,0.100000,262.357178
2015-11-07,-0.961250,-0.498408,-1.059660,-0.888056,0.100000,271.637421
2015-11-08,-0.965569,-0.498941,-1.059660,-0.904120,0.000000,264.049072
2015-11-09,-0.969439,-0.499450,-1.059348,-0.904741,0.100000,268.469849
2015-11-10,-0.972810,-0.500075,-1.049168,-0.895229,0.000000,270.878448
2015-11-11,-0.976171,-0.500721,-1.059660,-0.882988,0.000000,269.490570
2015-11-12,-0.979219,-0.501298,-1.059660,-0.908801,0.000000,265.201996
2015-11-13,-0.981999,-0.505823,-1.059660,-0.928907,0.000000,262.581726
2015-11-14,-0.995884,-0.531192,-1.059660,-0.951663,0.000000,258.772766
2015-11-15,-1.015782,-0.558317,-1.059660,-0.957316,0.000000,261.480591
2015-11-16,-1.017911,-0.558653,-1.059660,-0.957194,0.000000,260.644348
2015-11-17,-1.019877,-0.559007,-1.059660,-0.955966,0.000000,260.462952
2015-11-18,-1.039825,-0.578028,-1.059660,-0.961367,0.000000,257.859680
2015-11-19,-1.089263,-0.636953,-1.059660,-0.980248,0.000000,253.359039
2015-11-20,-1.150056,-0.713257,-1.059660,-1.007891,0.000000,249.153503
2015-11-21,-1.162845,-0.733121,-1.059660,-1.011313,0.700000,261.271118
2015-11-22,-1.163415,-0.733218,-1.059660,-0.968972,0.000000,263.441681
2015-11-23,-1.164800,-0.733307,-1.059660,-0.949822,0.000000,261.424927
2015-11-24,-1.165980,-0.733395,-1.059660,-0.943185,0.000000,253.165359
2015-11-25,-1.167036,-0.733478,-1.059660,-0.947365,0.000000,255.119888
2015-11-26,-1.167996,-0.733567,-1.059660,-0.950069,0.000000,265.225433
2015-11-27,-1.167884,-0.733669,-1.053062,-0.941955,0.100000,270.061890
2015-11-28,-1.167954,-0.733771,-1.059660,-0.932358,0.000000,263.238159
2015-11-29,-1.100667,-0.733868,-1.029087,-0.921504,8.700000,275.845764
2015-11-30,-0.857542,-0.733980,-1.059660,-0.836463,1.900000,276.519440
2015-12-01,-0.914078,-0.734077,-1.059660,-0.823784,0.100000,261.882416
2015-12-02,-0.981635,-0.734166,-1.059660,-0.876536,0.000000,260.081055
2015-12-03,-1.026650,-0.734254,-1.059660,-0.925579,0.000000,258.488251
2015-12-04,-1.065636,-0.734337,-1.059660,-0.956209,0.000000,256.985718
2015-12-05,-1.096764,-0.734420,-1.059660,-0.966399,0.000000,254.016632
2015-12-06,-1.159133,-0.757197,-1.059660,-0.971917,0.000000,248.269516
2015-12-07,-1.177275,-0.765696,-1.059660,-0.973634,0.000000,256.439789
2015-12-08,-1.186853,-0.765754,-1.059660,-0.973634,0.000000,251.534103
2015-12-09,-1.195187,-0.765811,-1.059660,-0.973512,0.000000,256.621185
2015-12-10,-1.202507,-0.769169,-1.059660,-0.972408,0.000000,248.898972
2015-12-11,-1.208987,-0.773638,-1.059660,-0.973634,0.000000,254.094910
2015-12-12,-1.214762,-0.773691,-1.059660,-0.972040,0.000000,257.664093
2015-12-13,-1.219939,-0.773747,-1.059660,-0.964558,0.000000,259.068237
2015-12-14,-1.224602,-0.773800,-1.059660,-0.957439,0.000000,251.832458
2015-12-15,-1.228819,-0.773845,-1.059660,-0.959403,0.000000,252.545898
2015-12-16,-1.232646,-0.773895,-1.059660,-0.961859,0.000000,254.471542
2015-12-17,-1.236133,-0.794029,-1.059660,-0.967747,0.000000,245.006348
2015-12-18,-1.239317,-0.821025,-1.059660,-0.979026,0.000000,245.075348
2015-12-19,-1.242230,-0.827549,-1.059660,-0.988577,0.000000,246.063370
2015-12-20,-1.244903,-0.832624,-1.059660,-0.995673,0.000000,245.168854
2015-12-21,-1.247360,-0.838015,-1.059660,-0.997997,0.000000,250.360443
2015-12-22,-1.249625,-0.838039,-1.059660,-0.996774,0.000000,255.004807
2015-12-23,-1.251718,-0.838065,-1.059660,-0.991025,0.000000,256.808411
2015-12-24,-1.253655,-0.838090,-1.059660,-0.983435,0.906000,252.973068
2015-12-25,-1.255451,-0.838113,-1.059660,-0.986251,0.123000,252.113022
2015-12-26,-1.257120,-0.839750,-1.059660,-0.998117,0.000000,246.608917
2015-12-27,-1.258674,-0.840855,-1.059660,-1.009117,0.378000,253.495712
2015-12-28,-1.260123,-0.840875,-1.059660,-1.016930,0.000000,252.808746
2015-12-29,-1.261477,-0.843963,-1.059660,-1.020591,0.000000,255.518768
2015-12-30,-1.262744,-0.845081,-1.059660,-1.010826,0.000000,266.093048
2015-12-31,-1.238468,-0.845111,NaN,-0.989306,7.200000,275.779175
2016-01-01,-0.972312,-0.894393,-1.059660,-0.932099,3.700000,277.691406
2016-01-02,-1.024626,-0.894397,-1.059660,-0.909308,0.000000,269.188171
2016-01-03,-1.064044,-0.894402,-1.059660,-0.910048,0.000000,276.822601
2016-01-04,-1.088887,-0.894406,-1.059660,-0.908812,0.000000,262.009338
2016-01-05,-1.112078,-0.894410,-1.059660,-0.947971,0.000000,252.962296
2016-01-06,-1.144616,-0.894414,-1.059660,-0.983433,0.000000,250.719833
2016-01-07,-1.170263,-0.894417,-1.059660,-1.003741,0.000000,251.382965
2016-01-08,-1.185408,-0.894420,-1.059660,-1.013513,0.000000,252.109085
2016-01-09,-1.194797,-0.894423,-1.059660,-1.018394,0.000000,248.548584
2016-01-10,-1.202969,-0.894426,-1.059660,-1.019004,0.000000,254.032578
2016-01-11,-1.210158,-0.894430,-1.059660,-1.014734,0.000000,252.190628
2016-01-12,-1.216536,-0.894433,-1.059660,-1.015100,0.000000,253.923203
2016-01-13,-1.222236,-0.894437,-1.059660,-1.011681,0.000000,254.335480
2016-01-14,-1.227363,-0.894440,-1.059660,-1.006185,0.000000,252.555038
2016-01-15,-1.231999,-0.894443,-1.059660,-1.003009,0.066000,250.066620
2016-01-16,-1.236211,-0.894447,-1.059660,-1.003253,0.000000,247.847931
2016-01-17,-1.240054,-0.894450,-1.059660,-1.008262,0.000000,247.950577
2016-01-18,-1.243573,-0.894453,-1.059660,-1.013024,0.000000,250.897354
2016-01-19,-1.246806,-0.894456,-1.059660,-1.010949,0.052000,251.288193
2016-01-20,-1.249787,-0.894459,-1.059660,-1.008873,0.741000,251.843002
2016-01-21,-1.252542,-0.894462,-1.059660,-1.008873,0.000000,251.800201
2016-01-22,-1.255097,-0.894466,-1.059660,-1.007896,0.799000,252.467621
2016-01-23,-1.257472,-0.894469,-1.059660,-1.006185,0.000000,252.314255
2016-01-24,-1.259685,-0.894473,-1.059660,-1.008140,0.000000,251.250046
2016-01-25,-1.261753,-0.894476,-1.059660,-1.008873,0.000000,249.783630
2016-01-26,-1.263690,-0.894480,-1.059660,-1.010460,0.000000,254.620850
2016-01-27,-1.265509,-0.894484,-1.059660,-1.008995,0.000000,256.083923
2016-01-28,-1.267220,-0.894488,-1.059660,-1.007041,0.000000,257.263275
2016-01-29,-1.268834,-0.894492,-1.059660,-1.005941,0.000000,253.450714
2016-01-30,-1.270360,-0.894496,-1.059660,-1.005086,0.000000,259.407196
2016-01-31,-1.271806,-0.894501,-1.059660,-1.003009,0.000000,254.226547
2016-02-01,-1.273178,-0.894506,-1.059660,-1.003009,0.000000,256.224243
2016-02-02,-1.274484,-0.894511,-1.059660,-1.003009,0.000000,256.980530
2016-02-03,-1.275728,-0.894515,-1.059660,-1.002520,0.000000,253.825226
2016-02-04,-1.276916,-0.894520,-1.059660,-1.003009,0.000000,256.184998
2016-02-05,-1.278053,-0.894525,-1.059660,-1.003009,0.000000,253.383850
2016-02-06,-1.279143,-0.894529,-1.059660,-1.003009,0.000000,254.922318
2016-02-07,-1.280190,-0.894534,-1.059660,-1.004842,0.000000,249.614853
2016-02-08,-1.281196,-0.894538,-1.059660,-1.010582,0.000000,251.958130
2016-02-09,-1.282165,-0.894543,-1.059660,-1.014734,0.000000,255.138550
2016-02-10,-1.283100,-0.894548,-1.059660,-1.011925,0.000000,257.105774
2016-02-11,-1.284002,-0.894554,-1.059660,-1.004597,0.000000,253.461639
2016-02-12,-1.284876,-0.894559,-1.059660,-0.997141,0.000000,255.336609
2016-02-13,-1.285722,-0.894564,-1.059660,-0.991270,0.000000,259.493652
2016-02-14,-1.286543,-0.894569,-1.059660,-0.984660,0.000000,256.705414
2016-02-15,-1.287340,-0.894575,-1.059660,-0.979516,0.000000,259.020630
2016-02-16,-1.288115,-0.894581,-1.059660,-0.974492,0.000000,256.527618
2016-02-17,-1.288870,-0.894586,-1.059660,-0.971917,0.000000,254.522415
2016-02-18,-1.289606,-0.894592,-1.059660,-0.972776,0.000000,252.935791
2016-02-19,-1.290324,-0.894597,-1.059660,-0.977923,0.000000,252.432129
2016-02-20,-1.291024,-0.894602,-1.059660,-0.989189,0.000000,248.759521
2016-02-21,-1.291708,-0.894607,-1.059660,-0.997019,0.000000,256.110199
2016-02-22,-1.292375,-0.894613,-1.059660,-1.001909,0.000000,259.356262
2016-02-23,-1.292996,-0.894620,-1.059660,-0.999342,0.000000,266.172363
2016-02-24,-1.288194,-0.894628,-1.059660,-0.990046,0.000000,265.380249
2016-02-25,-1.271740,-0.894636,-1.059660,-0.983190,0.000000,268.250214
2016-02-26,-1.278118,-0.894644,-1.059660,-0.976698,0.000000,265.385620
2016-02-27,-1.281242,-0.894650,-1.059660,-0.971304,0.000000,255.816650
2016-02-28,-1.283365,-0.894656,-1.059660,-0.967748,0.000000,249.205246
2016-02-29,-1.285094,-0.894662,-1.059660,-0.971917,0.000000,252.164978
2016-03-01,-1.286611,-0.894667,-1.059660,-0.979149,0.000000,257.021606
2016-03-02,-1.287984,-0.894673,-1.059660,-0.983190,0.000000,256.913727
2016-03-03,-1.289242,-0.894678,-1.059660,-0.985150,0.000000,256.637665
2016-03-04,-1.290405,-0.894684,-1.059660,-0.985395,0.000000,255.856354
2016-03-05,-1.291489,-0.894690,-1.059660,-0.982823,0.000000,259.134949
2016-03-06,-1.292505,-0.894696,-1.059660,-0.979516,0.000000,260.785400
2016-03-07,-1.293512,-0.894702,-1.059660,-0.976943,0.000000,259.774902
2016-03-08,-1.294489,-0.894708,-1.059660,-0.973634,0.000000,261.010468
2016-03-09,-1.295432,-0.894715,-1.059660,-0.970569,0.000000,263.601013
2016-03-10,-1.296340,-0.894721,-1.059660,-0.966153,0.000000,263.713593
2016-03-11,-1.297211,-0.894729,-1.059660,-0.961491,0.000000,265.717682
2016-03-12,-1.298062,-0.894736,-1.059660,-0.956211,0.000000,265.437988
2016-03-13,-1.298866,-0.894743,-1.059660,-0.950192,0.000000,265.863800
2016-03-14,-1.299644,-0.894750,-1.059660,-0.943308,0.000000,266.270874
2016-03-15,-1.300393,-0.894757,-1.059660,-0.937896,0.000000,266.813812
2016-03-16,-1.301122,-0.894764,-1.059660,-0.932111,0.000000,268.377441
2016-03-17,-1.301832,-0.894772,-1.059660,-0.926939,0.000000,267.441193
2016-03-18,-1.302490,-0.894779,-1.059660,-0.921025,0.000000,259.604675
2016-03-19,-1.303121,-0.894785,-1.059660,-0.924968,0.000000,263.894989
2016-03-20,-1.303716,-0.894791,-1.059660,-0.926447,0.000000,262.448517
2016-03-21,-1.304291,-0.894798,-1.059660,-0.927309,0.000000,261.247070
2016-03-22,-1.304845,-0.894805,-1.059660,-0.927555,0.000000,261.758118
2016-03-23,-1.305379,-0.894812,-1.059660,-0.926447,0.000000,256.920868
2016-03-24,-1.305914,-0.894819,-1.059660,-0.926447,0.000000,261.326996
2016-03-25,-1.306459,-0.894809,-1.059023,-0.926447,0.000000,264.097137
2016-03-26,-1.307036,-0.685884,-0.971738,-0.929279,0.000000,270.709229
2016-03-27,-1.307655,-0.006042,-0.743132,-0.928171,0.000000,273.159973
2016-03-28,-1.290244,1.866639,-0.264191,-0.917323,0.000000,278.677429
2016-03-29,-1.130733,2.235801,0.358966,-0.759675,0.000000,275.684387
2016-03-30,-0.926968,2.049166,0.879518,-0.121320,1.000000,274.105652
2016-03-31,-0.942411,1.989864,0.919458,-0.059088,1.400000,272.434113
2016-04-01,-0.881032,0.195001,0.550072,0.078288,0.700000,269.483582
2016-04-02,-0.914176,-0.578016,-0.842109,0.134169,0.200000,263.770660
2016-04-03,-0.994782,-0.675016,-0.857163,0.134440,0.000000,260.735840
2016-04-04,-1.042464,-0.675037,-0.897762,0.109096,0.000000,264.527435
2016-04-05,-1.052628,-0.675058,-1.039912,0.073000,0.000000,264.523010
2016-04-06,-1.061206,-0.675080,-0.970032,0.027995,0.000000,262.899048
2016-04-07,-1.068613,-0.675101,-0.976430,-0.021135,0.000000,265.194763
2016-04-08,-1.075084,-0.675121,-1.020832,-0.061925,0.000000,265.425049
2016-04-09,-1.080783,-0.675141,-1.005250,-0.100709,0.000000,265.716370
2016-04-10,-1.085844,-0.675151,-0.960261,-0.144405,0.000000,264.794037
2016-04-11,-1.090384,-0.675156,-0.928055,-0.190447,0.000000,265.737152
2016-04-12,-1.094489,-0.675169,-0.948620,-0.249182,0.000000,267.734833
2016-04-13,-1.098206,-0.675182,-0.911826,-0.320553,0.000000,267.772949
2016-04-14,-1.101577,-0.666683,-0.938451,-0.394715,0.000000,264.441498
2016-04-15,-1.104674,-0.059564,-0.471802,-0.484070,0.000000,271.056183
2016-04-16,-1.062268,1.744405,0.141329,-0.570059,0.000000,272.911041
2016-04-17,-0.793579,2.318020,1.753876,-0.334159,0.200000,278.702881
2016-04-18,-0.094263,4.319624,3.313132,0.705877,12.800000,280.778687
2016-04-19,0.982569,3.822126,3.014471,1.400113,38.100000,277.359619
2016-04-20,0.762639,3.791481,1.225502,1.279682,5.300000,269.244843
2016-04-21,0.603198,3.981845,1.130735,1.268461,1.400000,272.141968
2016-04-22,0.332616,3.727868,0.803814,1.273318,0.000000,272.073578
2016-04-23,0.185933,3.612754,0.575064,1.306661,0.000000,272.549011
2016-04-24,0.289480,3.485358,0.687089,1.488637,0.000000,275.617340
2016-04-25,0.445255,3.454432,0.725197,1.699075,0.000000,276.689819
2016-04-26,0.724275,3.357026,1.139702,1.945822,0.000000,277.898438
2016-04-27,1.000937,3.185624,1.234530,2.109778,0.000000,278.072113
2016-04-28,1.274785,2.995964,1.066296,2.257700,0.000000,280.335388
2016-04-29,1.281673,2.837566,0.859944,2.347465,0.000000,284.113159
2016-04-30,1.243867,2.697696,0.687001,2.307905,0.000000,282.847168
2016-05-01,1.209025,2.563636,0.522052,2.277810,0.000000,285.017822
2016-05-02,1.172510,2.435077,0.377465,2.224189,0.000000,288.879395
2016-05-03,1.130217,2.316933,0.288557,2.147536,0.000000,291.662354
2016-05-04,1.152618,2.849121,0.669173,2.152370,8.700000,287.438660
2016-05-05,1.375483,2.705532,1.122191,2.161416,0.600000,280.973419
2016-05-06,1.277287,2.535790,0.870862,1.975815,0.000000,282.127991
2016-05-07,1.227836,2.390468,0.682196,1.824530,0.000000,287.649750
2016-05-08,1.186992,2.293101,0.500491,1.815686,0.000000,282.761749
2016-05-09,1.163271,2.196848,0.366489,1.812039,0.000000,278.913635
2016-05-10,1.137676,2.099397,0.275505,1.769082,0.000000,279.398926
2016-05-11,1.113530,2.002005,0.225074,1.705948,0.000000,281.764008
2016-05-12,1.089083,1.903992,0.181557,1.614246,0.000000,284.130798
2016-05-13,1.063596,1.808203,0.141244,1.523012,0.000000,286.947418
2016-05-14,1.033049,1.719856,0.090468,1.437606,0.000000,287.720856
2016-05-15,1.001663,1.641769,0.041820,1.329349,0.000000,292.261078
2016-05-16,0.970195,1.567767,-0.010079,1.334873,0.000000,285.789307
2016-05-17,0.961805,1.515863,-0.028603,1.433379,0.000000,281.313965
2016-05-18,0.970405,1.485910,0.071924,1.522321,1.700000,279.731476
2016-05-19,0.991024,1.430130,0.134521,1.532733,0.000000,278.752167
2016-05-20,0.974478,1.360247,0.110928,1.435565,0.000000,281.473785
2016-05-21,0.955628,1.284035,0.092885,1.290817,0.000000,286.226410
2016-05-22,0.932129,1.217248,0.091088,1.101385,0.000000,291.315308
2016-05-23,0.899348,1.153311,0.094934,0.986889,0.000000,291.204651
2016-05-24,0.938179,1.157858,0.446155,1.185409,5.400000,282.096039
2016-05-25,1.034735,1.158302,0.591930,1.338604,0.000000,283.240326
2016-05-26,1.061172,1.302377,0.872655,1.431125,4.500000,281.051605
2016-05-27,1.119217,1.373805,0.965499,1.503554,1.000000,280.489960
2016-05-28,1.078748,1.792524,0.888711,1.470121,0.500000,280.317413
2016-05-29,1.341591,2.379346,1.742103,1.772361,12.400001,277.285278
2016-05-30,1.342530,2.185539,1.573460,1.670430,0.800000,277.236664
2016-05-31,1.268260,1.970679,1.336820,1.518951,0.000000,282.662598
2016-06-01,1.206808,1.769451,1.043058,1.364222,0.100000,286.557678
2016-06-02,1.145077,1.600473,0.828690,1.246627,0.000000,289.535034
2016-06-03,1.100640,1.452983,0.762377,1.190370,0.300000,289.314087
2016-06-04,1.094723,1.795671,1.003814,1.251353,2.900000,288.193268
2016-06-05,1.379777,1.932701,1.521619,1.503426,8.500000,288.273071
2016-06-06,1.252205,1.707477,1.085094,1.231097,0.000000,291.813721
2016-06-07,1.171041,1.511056,0.796897,1.178269,0.000000,290.728333
2016-06-08,1.119444,1.333344,0.681421,1.180102,0.000000,287.410217
2016-06-09,1.074739,1.171760,0.595842,1.119130,0.000000,289.686462
2016-06-10,1.022856,1.042986,0.503894,0.984223,0.000000,292.516235
2016-06-11,0.968332,0.932613,0.432734,0.867966,0.000000,295.160004
2016-06-12,0.924367,0.831042,0.367050,0.843000,0.000000,291.482513
2016-06-13,0.895171,0.770163,0.365308,0.848370,0.500000,289.465363
2016-06-14,0.958795,0.734925,0.613826,0.999844,5.000000,286.843201
2016-06-15,1.000923,0.902176,0.617477,1.096842,0.100000,285.294525
2016-06-16,1.225448,1.661228,1.484133,1.369028,13.900000,285.060150
2016-06-17,1.367561,2.106762,1.663187,1.482370,8.000000,283.211029
2016-06-18,1.368350,1.775442,1.368924,1.359589,0.000000,285.272430
2016-06-19,1.252048,1.468080,0.946287,1.141663,0.000000,290.638245
2016-06-20,1.163556,1.246351,0.724487,0.931893,0.000000,296.896088
2016-06-21,1.081427,1.029124,0.626936,0.832289,0.000000,295.351776
2016-06-22,1.025636,0.857857,0.574252,0.824238,0.000000,292.733185
2016-06-23,0.980592,0.726197,0.528169,0.802738,0.000000,290.854126
2016-06-24,0.936869,0.637183,0.477247,0.713987,0.000000,292.885345
2016-06-25,1.057688,0.605206,0.936610,0.948375,5.500000,290.019989
2016-06-26,1.088779,0.634529,0.935154,0.957332,3.800000,291.934296
2016-06-27,1.135234,0.618382,0.859107,0.939476,1.600000,291.385925
2016-06-28,1.036245,0.538410,0.571197,0.734568,0.000000,294.691986
2016-06-29,0.969737,0.461404,0.546378,0.628846,1.900000,296.632843
2016-06-30,0.973162,0.482605,0.668086,0.641191,0.000000,295.123108
2016-07-01,1.172021,0.569171,1.184601,0.991233,8.000000,292.359161
2016-07-02,1.100193,0.504318,0.884158,0.877529,0.800000,292.728485
2016-07-03,1.021468,0.412428,0.598076,0.727874,0.000000,293.603760
2016-07-04,0.954033,0.330508,0.491485,0.587766,0.000000,294.453918
2016-07-05,0.950310,0.264626,0.520801,0.585723,1.600000,294.170563
2016-07-06,0.895789,0.210505,0.408176,0.491094,0.000000,294.727173
2016-07-07,0.845288,0.167087,0.325629,0.433841,0.000000,291.862549
2016-07-08,0.807109,0.135040,0.268232,0.420974,0.000000,288.776886
2016-07-09,0.783524,0.102524,0.222430,0.379934,0.000000,288.355286
2016-07-10,0.752998,0.076521,0.169209,0.249005,0.000000,292.076050
2016-07-11,0.769476,0.246274,0.597659,0.333688,12.199999,292.070709
2016-07-12,1.168504,0.372118,1.178762,0.976786,0.800000,291.229218
2016-07-13,1.034857,0.315297,0.832878,0.776378,0.000000,291.945007
2016-07-14,0.956726,0.252309,0.685786,0.576232,0.000000,293.839020
2016-07-15,1.073233,0.219026,0.800682,0.692741,4.800000,295.363525
2016-07-16,0.974856,0.167611,0.532740,0.501681,0.000000,293.880676
2016-07-17,0.908663,0.118234,0.342388,0.306082,0.000000,295.778168
2016-07-18,0.848171,0.079116,0.269673,0.160903,0.000000,294.562683
2016-07-19,0.819464,0.054942,0.312461,0.203053,0.500000,290.477112
2016-07-20,0.900726,0.035346,0.557746,0.392274,2.800000,286.314758
2016-07-21,0.950769,0.022468,0.676688,0.505319,3.400000,282.882172
2016-07-22,0.911311,0.007469,0.504877,0.410382,0.400000,287.458160
2016-07-23,0.869235,0.028890,0.376654,0.303529,0.000000,287.685242
2016-07-24,1.068285,0.163930,1.157855,0.769931,8.700000,285.376495
2016-07-25,1.061466,0.176913,0.971180,0.856191,0.000000,286.427948
2016-07-26,0.987633,0.138552,0.725356,0.650774,0.200000,290.495880
2016-07-27,0.954087,0.095025,0.574923,0.505653,0.800000,289.435974
2016-07-28,0.912040,0.055459,0.401658,0.323435,0.000000,293.537537
2016-07-29,0.859662,0.023072,0.292139,0.153254,0.000000,294.165985
2016-07-30,0.815399,0.017730,0.362250,0.099617,0.000000,290.088470
2016-07-31,1.057101,0.044099,0.928648,0.334847,7.900000,290.813324
2016-08-01,0.982210,0.037975,0.668813,0.305560,0.400000,290.210205
2016-08-02,0.930802,0.018235,0.481343,0.244123,0.000000,289.064362
2016-08-03,0.878854,-0.002988,0.301413,0.133800,0.000000,290.623657
2016-08-04,0.832857,-0.022234,0.229006,0.023096,0.000000,292.322968
2016-08-05,0.798169,-0.036979,0.190099,-0.010430,0.300000,288.992889
2016-08-06,0.783949,-0.049541,0.193913,0.000338,0.300000,285.162354
2016-08-07,0.766537,-0.063928,0.174369,-0.111458,0.000000,288.729858
2016-08-08,0.735876,-0.076733,0.122951,-0.205224,0.000000,290.422333
2016-08-09,0.712531,-0.087600,0.120823,-0.224475,0.700000,289.773682
2016-08-10,0.707041,-0.098112,0.124108,-0.300936,0.000000,291.653870
2016-08-11,0.679697,-0.107104,0.136126,-0.311880,0.000000,290.111450
2016-08-12,0.720847,-0.115227,0.180042,-0.321814,1.600000,287.819092
2016-08-13,0.684259,-0.122411,0.124453,-0.447445,0.000000,293.017761
2016-08-14,0.652054,-0.128806,0.082620,-0.513030,0.000000,292.542389
2016-08-15,0.621486,-0.134731,0.041824,-0.599828,0.000000,294.411804
2016-08-16,0.595989,-0.139800,0.017792,-0.651093,0.000000,292.460571
2016-08-17,0.579950,-0.144546,-0.001149,-0.642448,0.000000,289.668182
2016-08-18,0.563221,-0.148975,-0.034379,-0.680442,0.000000,288.503510
2016-08-19,0.563207,-0.152454,0.028968,-0.766722,1.100000,291.592102
2016-08-20,0.613070,-0.150274,0.321773,-0.741944,3.100000,288.410156
2016-08-21,0.809439,-0.126939,0.862738,-0.706134,6.300000,287.073151
2016-08-22,0.842172,-0.099655,0.823613,-0.661888,1.300000,287.890411
2016-08-23,0.772338,-0.089539,0.610233,-0.693823,0.000000,292.362640
2016-08-24,0.751618,-0.086547,0.570060,-0.666486,2.300000,289.644012
2016-08-25,0.772520,-0.086603,0.500713,-0.668321,0.000000,289.001953
2016-08-26,0.745873,-0.059786,0.598135,-0.659609,1.300000,289.286377
2016-08-27,0.936162,0.011816,0.980713,-0.516933,5.700000,283.026154
2016-08-28,0.875287,0.043335,0.806576,-0.417867,0.200000,280.517212
2016-08-29,0.836876,0.044968,0.691782,-0.434712,0.000000,279.999786
2016-08-30,0.815114,0.049072,0.737303,-0.449944,2.800000,282.065613
2016-08-31,0.927225,0.069211,0.977782,-0.427982,1.500000,282.083557
2016-09-01,0.918015,0.235534,1.215283,-0.304765,4.800000,282.400360
2016-09-02,1.088980,0.508932,1.492889,0.433902,4.200000,282.217316
2016-09-03,1.003707,0.559441,1.295687,0.669426,0.000000,281.459198
2016-09-04,0.950498,0.498924,1.077574,0.616744,0.000000,281.770386
2016-09-05,0.912714,0.386054,0.924682,0.543485,0.000000,284.877808
2016-09-06,0.877494,0.281107,0.760900,0.441513,0.000000,285.622345
2016-09-07,0.847312,0.213258,0.629368,0.309485,0.000000,283.666504
2016-09-08,0.993755,0.283445,1.226731,0.551957,7.900000,280.528778
2016-09-09,1.036608,0.548335,1.218951,0.815460,0.000000,276.211212
2016-09-10,1.240273,1.534584,1.765560,1.284305,13.200000,277.978821
2016-09-11,1.267078,1.508786,1.616202,1.339356,0.000000,278.002136
2016-09-12,1.166543,1.292227,1.388954,1.139825,0.000000,281.595764
2016-09-13,1.102117,1.111510,1.290409,0.934049,0.000000,287.399200
2016-09-14,1.105882,0.973011,1.261160,0.996482,1.800000,280.293732
2016-09-15,1.072807,0.838268,1.191625,1.020542,1.300000,278.991028
2016-09-16,1.054199,0.689183,1.121657,0.934429,0.300000,284.678955
2016-09-17,1.009845,0.569519,1.010790,0.854290,0.000000,284.687378
2016-09-18,0.976777,0.474062,0.909651,0.806439,0.000000,283.457428
2016-09-19,0.950503,0.417919,0.805922,0.830041,0.100000,277.635406
2016-09-20,0.930810,0.366456,0.726848,0.821675,0.000000,278.644989
2016-09-21,0.911938,0.296980,0.679239,0.774844,0.100000,280.696503
2016-09-22,0.890856,0.232971,0.678646,0.641260,0.000000,286.901489
2016-09-23,0.864748,0.188821,0.645587,0.487710,0.000000,287.597015
2016-09-24,0.860575,0.167213,0.738693,0.440321,2.900000,284.192230
2016-09-25,0.928302,0.143167,0.882127,0.598958,0.100000,280.827637
2016-09-26,0.892297,0.164379,0.922037,0.574428,0.000000,280.090912
2016-09-27,1.116374,0.761139,1.656538,1.031374,13.200000,278.242828
2016-09-28,1.234598,1.024197,1.804389,1.381680,0.800000,277.119110
2016-09-29,1.144981,1.005046,1.649629,1.274830,0.000000,276.254272
2016-09-30,1.093103,0.918738,1.500438,1.231746,0.000000,276.215332
2016-10-01,1.037609,0.822995,1.227991,1.166060,0.000000,272.167053
2016-10-02,1.035780,0.754316,1.399776,1.120610,1.200000,274.168121
2016-10-03,1.051039,0.695418,1.418036,1.188940,0.800000,274.500427
2016-10-04,0.983945,0.639420,1.251924,1.179226,0.100000,271.226593
2016-10-05,0.885981,0.599864,1.272919,1.125413,0.700000,272.667999
2016-10-06,0.853843,0.564408,1.298338,1.083323,0.100000,274.046204
2016-10-07,0.875624,0.535262,1.248163,1.105529,0.000000,273.963867
2016-10-08,0.881207,0.509684,1.216748,1.156029,0.000000,273.632507
2016-10-09,0.851316,0.488527,1.198212,1.155337,0.000000,272.476013
2016-10-10,0.780812,0.249966,1.121059,1.101114,0.100000,272.717285
2016-10-11,0.591389,0.044067,0.744418,1.028069,0.000000,268.071686
2016-10-12,0.372715,0.026141,0.699929,0.935622,0.000000,269.659393
2016-10-13,0.227746,-0.061128,0.765765,0.820107,0.100000,269.862701
2016-10-14,0.019468,-0.167465,0.574625,0.551237,0.000000,267.416199
2016-10-15,-0.237972,-0.206861,0.449389,0.301998,0.000000,266.957031
2016-10-16,-0.396521,-0.208720,0.416068,0.173751,0.000000,268.140869
2016-10-17,-0.495426,-0.245535,0.407261,0.077755,0.000000,268.857513
2016-10-18,-0.585907,-0.300554,0.362797,-0.061600,1.900000,268.940887
2016-10-19,-0.644483,-0.323547,0.310390,-0.288272,0.000000,268.025452
2016-10-20,-0.697439,-0.324356,0.118357,-0.556700,0.000000,268.238525
2016-10-21,-0.708229,-0.325138,0.034653,-0.710334,0.000000,267.833832
2016-10-22,-0.712964,-0.325992,-0.034115,-0.770740,0.000000,268.226532
2016-10-23,-0.716773,-0.326905,0.023537,-0.784875,0.000000,269.638824
2016-10-24,-0.720060,-0.327877,0.186796,-0.778125,0.000000,271.298828
2016-10-25,-0.722990,-0.328810,0.323769,-0.761981,0.000000,271.916077
2016-10-26,-0.725624,-0.329774,0.390712,-0.764861,0.500000,271.347290
2016-10-27,-0.727812,-0.329800,0.618957,-0.761731,0.600000,272.320801
2016-10-28,-0.726856,-0.305841,0.851757,-0.752959,0.400000,273.633148
2016-10-29,-0.725048,-0.306815,0.565546,-0.778238,0.000000,270.468323
2016-10-30,-0.728447,-0.309090,0.257789,-0.814069,0.000000,268.761292
2016-10-31,-0.738424,-0.444683,-0.187592,-0.836472,0.000000,266.029114
2016-11-01,-0.853465,-0.551144,-1.010217,-0.886683,0.000000,261.284302
2016-11-02,-0.943701,-0.599799,-1.056927,-0.940096,0.200000,260.451935
2016-11-03,-0.982758,-0.599904,-0.993046,-0.955226,0.500000,263.437805
2016-11-04,-0.985995,-0.599984,-1.059660,-0.955468,0.000000,260.576294
2016-11-05,-0.987159,-0.600087,-1.050024,-0.949945,0.000000,265.833710
2016-11-06,-0.988203,-0.600171,-1.059660,-0.949945,0.000000,263.837280
2016-11-07,-0.989138,-0.600257,-1.059660,-0.954859,0.000000,263.085144
2016-11-08,-0.981595,-0.600400,-0.942980,-0.951786,2.800000,267.980682
2016-11-09,-0.882912,-0.600550,-0.986167,-0.904122,1.100000,273.623413
2016-11-10,-0.884669,-0.600687,-1.011663,-0.907449,0.100000,271.812531
2016-11-11,-0.903093,-0.600393,-0.993425,-0.920894,0.000000,272.630676
2016-11-12,-0.914043,-0.599891,-1.015852,-0.846155,0.000000,278.206970
2016-11-13,-0.921574,-0.599960,-1.004120,-0.875252,0.000000,269.206512
2016-11-14,-0.927345,-0.600054,-1.038812,-0.914235,0.700000,269.675049
2016-11-15,-0.932552,-0.600144,-1.059334,-0.936607,0.000000,266.054718
2016-11-16,-0.944576,-0.600220,-1.059660,-0.977188,0.000000,264.458832
2016-11-17,-0.975544,-0.600292,-1.059660,-0.997507,0.000000,261.643158
2016-11-18,-0.987928,-0.707853,-1.059660,-0.998241,0.000000,261.284485
2016-11-19,-1.077785,-0.752773,-1.059660,-1.039589,0.000000,252.326248
2016-11-20,-1.110245,-0.752787,-1.059660,-1.031317,0.000000,258.981354
2016-11-21,-1.112712,-0.778807,-1.059660,-1.020102,0.000000,259.153595
2016-11-22,-1.137796,-0.806796,-1.059660,-1.044704,0.000000,248.839645
2016-11-23,-1.162029,-0.806805,-1.059660,-1.045806,0.000000,254.807648
2016-11-24,-1.163793,-0.806812,-1.059660,-1.048726,0.000000,250.494507
2016-11-25,-1.165377,-0.806821,-1.059660,-1.043858,0.252000,255.138916
2016-11-26,-1.166798,-0.808570,-1.059660,-1.029734,0.147000,253.646957
2016-11-27,-1.172404,-0.811895,-1.059660,-1.044954,0.000000,249.172684
2016-11-28,-1.178511,-0.811904,-1.059660,-1.044467,0.000000,253.257019
2016-11-29,-1.179544,-0.811914,-1.059660,-1.040087,0.000000,252.599167
2016-11-30,-1.180471,-0.811928,-1.059660,-1.038261,0.000000,256.073700
2016-12-01,-1.181301,-0.811941,-1.059660,-1.022297,0.000000,255.029922
2016-12-02,-1.182045,-0.811954,-1.059660,-1.035947,0.000000,255.414062
2016-12-03,-1.182708,-0.811966,-1.059660,-1.032536,0.372000,254.955276
2016-12-04,-1.183298,-0.811975,-1.059660,-1.026444,1.290000,253.671402
2016-12-05,-1.183822,-0.811982,-1.059660,-1.026444,1.113000,250.464859
2016-12-06,-1.184284,-0.819636,-1.059660,-1.030222,0.225000,251.973328
2016-12-07,-1.184690,-0.824182,-1.059660,-1.037043,0.000000,249.942764
2016-12-08,-1.185044,-0.825776,-1.059660,-1.043373,0.225000,251.594940
2016-12-09,-1.185351,-0.832319,-1.059660,-1.043982,1.021000,250.706268
2016-12-10,-1.185614,-0.832372,-1.059660,-1.047874,0.075000,250.707108
2016-12-11,-1.185835,-0.832383,-1.059660,-1.044468,1.321000,252.824783
2016-12-12,-1.186018,-0.832394,-1.059660,-1.024003,1.023000,253.523300
2016-12-13,-1.186166,-0.832403,-1.059660,-1.012780,0.000000,252.759399
2016-12-14,-1.186281,-0.832413,-1.059660,-1.015100,0.000000,252.501907
2016-12-15,-1.186368,-0.833765,-1.059660,-1.022907,0.000000,249.756577
2016-12-16,-1.186428,-0.850873,-1.059660,-1.039477,0.000000,248.866669
2016-12-17,-1.186464,-0.851452,-1.059660,-1.050793,0.138000,249.228775
2016-12-18,-1.186476,-0.851459,-1.059660,-1.050793,1.683000,251.292816
2016-12-19,-1.186466,-0.851467,-1.059660,-1.040695,2.091000,251.409958
2016-12-20,-1.186438,-0.851474,-1.059660,-1.030831,0.045000,249.537064
2016-12-21,-1.186391,-0.851481,-1.059660,-1.026444,0.048000,249.853867
2016-12-22,-1.186327,-0.851488,-1.059660,-1.025590,0.071000,248.817123
2016-12-23,-1.186248,-0.851494,-1.059660,-1.020956,0.000000,248.119644
2016-12-24,-1.186155,-0.851502,-1.059660,-1.020591,0.189000,250.284149
2016-12-25,-1.186049,-0.851511,-1.059660,-1.021566,0.000000,253.315628
2016-12-26,-1.185933,-0.851521,-1.059660,-1.026444,0.000000,253.220596
2016-12-27,-1.185807,-0.851530,-1.059660,-1.026688,0.000000,251.761398
2016-12-28,-1.185671,-0.851539,-1.059660,-1.028759,0.039000,252.457214
2016-12-29,-1.185527,-0.851547,-1.059660,-1.026444,0.321000,250.489456
2016-12-30,-1.185373,NaN,NaN,-1.028637,0.216000,251.442169
2016-12-31,-1.185048,-0.851567,-1.059660,-1.028881,0.561000,262.636139
2017-01-01,-1.184879,-0.851578,-1.059660,-1.014122,0.726000,256.941406
2017-01-02,-1.184703,-0.851590,-1.059660,-1.003009,0.174000,259.136322
2017-01-03,-1.184522,-0.851603,-1.059660,-0.997386,0.351000,265.365906
2017-01-04,-1.184340,-0.851616,-1.059660,-0.983311,2.430000,257.272156
2017-01-05,-1.184151,-0.851625,-1.059660,-0.962962,0.324000,253.962433
2017-01-06,-1.183959,-0.851635,-1.059660,-0.970690,0.144000,249.324997
2017-01-07,-1.183764,-0.851642,-1.059660,-0.983802,0.066000,249.196045
2017-01-08,-1.183564,-0.851650,-1.059660,-0.998241,0.465000,252.007767
2017-01-09,-1.183359,-0.851659,-1.059660,-1.006674,0.824000,254.911957
2017-01-10,-1.183154,-0.851669,-1.059660,-1.008873,0.540000,253.491333
2017-01-11,-1.182949,-0.851677,-1.059660,-1.005575,0.481000,249.203125
2017-01-12,-1.182743,-0.851686,-1.059660,-1.003620,0.000000,253.643066
2017-01-13,-1.182530,-0.851695,-1.059660,-1.009484,0.330000,260.634766
2017-01-14,-1.182316,-0.851709,-1.059660,-1.014734,0.054000,260.267944
2017-01-15,-1.182103,-0.851723,-1.059660,-1.014612,0.100000,269.513885
2017-01-16,-1.181893,-0.851735,-1.059660,-1.011925,0.000000,255.345413
2017-01-17,-1.181687,-0.851747,-1.059660,-0.996162,0.417000,253.099457
2017-01-18,-1.181481,-0.851758,-1.059660,-1.004841,0.651000,253.066559
2017-01-19,-1.181275,-0.851769,-1.059660,-1.013146,1.437000,254.718521
2017-01-20,-1.181070,-0.851781,-1.059660,-1.013024,1.959000,255.988770
2017-01-21,-1.180865,-0.851791,-1.059660,-1.008873,0.000000,246.822647
2017-01-22,-1.180655,-0.851801,-1.059660,-1.008995,0.000000,258.298798
2017-01-23,-1.180445,-0.851811,-1.059660,-1.008873,0.000000,251.135315
2017-01-24,-1.180237,-0.851823,-1.059660,-1.011193,0.000000,261.763397
2017-01-25,-1.180032,-0.851837,-1.059660,-1.014734,0.000000,274.708984
2017-01-26,-1.179827,-0.851854,-1.059660,-1.002518,0.000000,272.080078
2017-01-27,-1.179621,-0.851869,-1.059660,-0.984292,0.000000,270.617950
2017-01-28,-1.179417,-0.851885,-1.059660,-0.974860,0.100000,274.274597
2017-01-29,-1.179221,-0.851902,-1.059660,-0.966398,0.000000,267.510284
2017-01-30,-1.179029,-0.851918,-1.059660,-0.950682,0.000000,263.726288
2017-01-31,-1.178837,-0.851930,-1.059660,-0.946013,0.000000,253.550919
2017-02-01,-1.178644,-0.851944,-1.059660,-0.957070,0.000000,263.258179
2017-02-02,-1.178460,-0.851960,-1.059660,-0.974001,0.000000,259.957458
2017-02-03,-1.178279,-0.851975,-1.059660,-0.980006,0.000000,259.496613
2017-02-04,-1.178099,-0.851989,-1.059660,-0.985884,0.000000,253.058334
2017-02-05,-1.177918,-0.852003,-1.059660,-0.989924,0.000000,255.581314
2017-02-06,-1.177738,-0.852018,-1.059660,-0.993594,0.000000,258.244446
2017-02-07,-1.177557,-0.852033,-1.059660,-0.998364,0.000000,255.703812
2017-02-08,-1.177376,-0.852047,-1.059660,-0.998119,0.000000,251.983170
2017-02-09,-1.177196,-0.852062,-1.059660,-0.999342,0.000000,254.693497
2017-02-10,-1.177017,-0.852075,-1.059660,-1.002642,0.000000,249.630554
2017-02-11,-1.173934,-0.852087,-1.059660,-1.003009,4.600000,261.623810
2017-02-12,-1.110125,-0.852099,-1.059660,-1.003009,0.000000,257.619720
2017-02-13,-1.126069,-0.852115,-1.059660,-0.998119,0.000000,265.274261
2017-02-14,-1.114538,-0.852132,-1.059660,-0.998975,0.000000,276.522217
2017-02-15,-1.123885,-0.852149,-1.059660,-0.964792,0.883000,267.001556
2017-02-16,-1.129280,-0.852165,-1.059660,-0.927922,0.240000,260.007721
2017-02-17,-1.133061,-0.852181,-1.059660,-0.934692,0.000000,259.846008
2017-02-18,-1.136083,-0.852197,-1.059660,-0.962101,0.006000,259.421326
2017-02-19,-1.138639,-0.852212,-1.059660,-0.982332,0.734000,260.098541
2017-02-20,-1.140851,-0.852227,-1.059660,-0.999953,1.497000,261.317139
2017-02-21,-1.142790,-0.852243,-1.059660,-1.003009,0.684000,258.823242
2017-02-22,-1.144499,-0.852257,-1.059660,-1.000686,0.000000,255.753357
2017-02-23,-1.146013,-0.852271,-1.059660,-0.997141,0.012000,256.899994
2017-02-24,-1.147361,-0.852285,-1.059660,-0.993349,0.000000,262.885620
2017-02-25,-1.148564,-0.852300,-1.059660,-0.997019,0.000000,255.923706
2017-02-26,-1.149642,-0.852314,-1.059660,-0.994573,0.381000,251.050919
2017-02-27,-1.150609,-0.852326,-1.059660,-0.995062,0.000000,245.007477
2017-02-28,-1.151479,-0.852338,-1.059660,-0.997630,0.000000,244.680481
2017-03-01,-1.152264,-0.853845,-1.059660,-1.003376,0.000000,246.173996
2017-03-02,-1.152972,-0.856801,-1.059660,-1.011925,0.000000,253.929352
2017-03-03,-1.153611,-0.856815,-1.059660,-1.019248,0.000000,252.789230
2017-03-04,-1.154189,-0.856827,-1.059660,-1.020834,0.000000,247.872772
2017-03-05,-1.154711,-0.856839,-1.059660,-1.020591,0.000000,247.095062
2017-03-06,-1.155184,-0.866507,-1.059660,-1.020591,0.000000,243.954437
2017-03-07,-1.155611,-0.881185,-1.059660,-1.020834,0.000000,245.420837
2017-03-08,-1.155997,-0.881194,-1.059660,-1.025346,0.000000,245.967270
2017-03-09,-1.156346,-0.881204,-1.059660,-1.027175,0.000000,248.677307
2017-03-10,-1.156660,-0.881212,-1.059660,-1.032172,0.000000,252.387085
2017-03-11,-1.156943,-0.881221,-1.059660,-1.032415,0.000000,253.501831
2017-03-12,-1.157198,-0.881231,-1.059660,-1.033268,0.000000,261.859528
2017-03-13,-1.157426,-0.881242,-1.059660,-1.033024,0.000000,261.497131
2017-03-14,-1.157631,-0.881253,-1.059660,-1.026443,0.000000,260.814575
2017-03-15,-1.157815,-0.881263,-1.059660,-1.017662,0.000000,255.694809
2017-03-16,-1.157978,-0.881276,-1.059660,-1.011193,0.000000,254.913666
2017-03-17,-1.158123,-0.881287,-1.059660,-1.008384,0.000000,256.765747
2017-03-18,-1.158252,-0.881299,-1.059660,-1.006185,0.000000,257.392120
2017-03-19,-1.158367,-0.881311,-1.059660,-1.004353,0.000000,253.164017
2017-03-20,-1.158468,-0.881322,-1.059660,-1.003009,0.000000,259.127045
2017-03-21,-1.158556,-0.881333,-1.059660,-1.002642,0.000000,261.024658
2017-03-22,-1.158630,-0.881344,-1.059660,-0.998241,0.000000,261.052155
2017-03-23,-1.158696,-0.881356,-1.059660,-0.996897,0.000000,261.728149
2017-03-24,-1.158753,-0.881369,-1.059660,-0.992982,0.000000,264.191589
2017-03-25,-1.158802,-0.881381,-1.059660,-0.990903,0.000000,264.036804
2017-03-26,-1.158843,-0.881394,-1.059660,-0.985272,0.000000,259.113159
2017-03-27,-1.158877,-0.881406,-1.059660,-0.980006,0.000000,267.329590
2017-03-28,-1.146765,-0.881421,-1.059628,-0.974369,3.600000,269.504761
2017-03-29,-0.800146,-0.819272,-0.960127,-0.970568,10.100000,272.800873
2017-03-30,-0.527576,-0.394896,-0.629953,-0.939736,2.800000,278.127716
2017-03-31,-0.504334,2.984579,0.083173,-0.904860,0.000000,277.803986
2017-04-01,-0.429593,3.219467,1.479808,-0.849251,0.000000,277.197327
2017-04-02,-0.239350,2.802189,1.811145,-0.555282,0.000000,276.027771
2017-04-03,-0.399861,1.944757,1.594421,-0.184454,2.100000,269.688324
2017-04-04,-0.367413,2.486111,2.208629,-0.009946,0.900000,274.631317
2017-04-05,-0.335858,2.452028,2.377318,0.287832,0.300000,272.605896
2017-04-06,-0.380975,2.072936,1.223946,0.542091,0.000000,269.038818
2017-04-07,-0.588890,0.821038,0.465865,0.617473,0.000000,267.787109
2017-04-08,-0.720697,0.028742,0.284536,0.607058,0.000000,267.852966
2017-04-09,-0.751163,0.211724,0.710803,0.577548,0.000000,270.277924
2017-04-10,-0.786854,0.106454,0.853863,0.550199,0.000000,269.243805
2017-04-11,-0.746752,0.411261,1.174996,0.522349,0.000000,271.961670
2017-04-12,-0.637509,1.139864,0.983988,0.502790,0.000000,271.616425
2017-04-13,-0.563971,1.637060,0.705226,0.534098,0.000000,272.386200
2017-04-14,-0.463835,2.184121,0.466512,0.574895,0.000000,272.989380
2017-04-15,-0.477585,1.766990,0.101604,0.680553,0.200000,268.185852
2017-04-16,-0.701167,0.114396,-0.829030,0.703201,0.000000,262.652283
2017-04-17,-0.930337,-0.567437,-0.590069,0.662828,0.100000,260.294952
2017-04-18,-1.004878,-0.668705,-0.437400,NaN,0.100000,265.468018
2017-04-19,-1.010246,-0.658023,-0.376384,-0.113325,0.000000,267.658264
2017-04-20,-1.015516,-0.595638,-0.456374,-0.193618,0.000000,268.101959
2017-04-21,-1.020371,-0.590390,-0.444303,-0.357380,0.000000,265.679138
2017-04-22,-1.024885,-0.587912,-0.340068,-0.564850,0.000000,268.491699
2017-04-23,-1.025638,-0.434488,-0.061313,NaN,0.000000,270.831635
2017-04-24,-0.836313,0.931587,0.343347,NaN,0.000000,277.321259
2017-04-25,-0.373369,1.922599,0.423487,NaN,0.000000,278.789215
2017-04-26,0.117620,1.843534,0.511976,NaN,0.000000,279.253235
2017-04-27,0.364577,1.864591,0.398889,NaN,0.000000,277.107513
2017-04-28,0.737312,1.765290,0.389676,NaN,0.000000,278.518066
2017-04-29,1.001211,1.662072,0.311136,NaN,0.000000,277.149567
2017-04-30,1.052732,1.563424,0.215931,NaN,0.000000,279.081757
2017-05-01,1.033154,1.465552,0.170760,NaN,0.000000,280.019592
2017-05-02,1.016777,1.376284,0.146426,NaN,0.000000,279.654846
2017-05-03,1.003209,1.303270,0.118810,NaN,0.000000,283.522339
2017-05-04,0.987230,1.219906,0.110077,NaN,0.000000,279.672089
2017-05-05,1.380006,1.770121,1.594140,NaN,24.000001,278.959595
2017-05-06,1.566043,2.994113,1.674217,NaN,2.400000,275.448029
2017-05-07,1.460330,2.737155,1.424794,NaN,0.000000,280.370605
2017-05-08,1.360410,2.485541,1.172754,NaN,0.000000,284.062469
2017-05-09,1.288260,2.272868,0.900075,NaN,0.000000,283.714752
2017-05-10,1.233083,2.095216,0.682999,NaN,0.000000,283.672699
2017-05-11,1.190084,1.940784,0.494784,NaN,0.000000,281.690765
2017-05-12,1.157647,1.811011,0.386686,NaN,0.000000,280.402496
2017-05-13,1.151089,1.709763,0.441596,NaN,1.400000,279.505737
2017-05-14,1.191862,1.668190,0.603653,NaN,1.800000,280.527679
2017-05-15,1.159835,1.654903,0.485121,NaN,0.000000,282.896973
2017-05-16,1.120016,1.572631,0.353225,NaN,0.000000,284.615540
2017-05-17,1.080654,1.459416,0.283009,NaN,0.000000,287.127411
2017-05-18,1.093350,1.353503,0.320385,NaN,1.700000,284.717743
2017-05-19,1.074259,1.265489,0.260502,1.587428,0.100000,285.410034
2017-05-20,1.034284,1.165320,0.191007,1.618914,0.000000,289.720795
2017-05-21,0.999214,1.069876,0.129913,1.498804,0.000000,292.080933
2017-05-22,0.968310,0.971119,0.074292,1.376509,0.000000,289.359314
2017-05-23,0.949095,0.882733,0.045008,1.389304,0.200000,284.617920
2017-05-24,0.935606,0.809143,0.012702,1.431650,0.000000,285.420654
2017-05-25,0.912359,0.732171,-0.034069,1.390048,0.000000,288.468597
2017-05-26,0.889559,0.664363,-0.078569,1.301227,0.000000,286.537109
2017-05-27,0.874479,0.600345,-0.119935,1.365519,0.000000,288.894287
2017-05-28,0.845272,0.535242,-0.166706,NaN,0.000000,292.277222
2017-05-29,0.813408,0.481057,0.052896,NaN,0.000000,294.782532
2017-05-30,1.126303,0.506345,0.745059,0.993568,8.600001,288.933014
2017-05-31,1.587741,1.819488,2.064420,0.693732,28.499999,286.500244
2017-06-01,1.652068,3.065603,1.852772,NaN,1.900000,283.587372
2017-06-02,1.515625,2.618367,1.732199,NaN,2.500000,283.560028
2017-06-03,1.501497,2.540267,1.780609,1.642478,4.800000,282.347321
2017-06-04,1.451278,2.554964,1.500037,1.664407,0.000000,283.276184
2017-06-05,1.346202,2.249644,1.088691,1.554062,0.000000,287.792480
2017-06-06,1.271291,1.978521,0.930092,0.937159,0.000000,291.966309
2017-06-07,1.200882,1.738797,0.821220,NaN,0.000000,293.608215
2017-06-08,1.137184,1.530057,0.719162,NaN,0.000000,289.692139
2017-06-09,1.207306,1.364993,1.085060,NaN,6.700000,285.949402
2017-06-10,1.260552,1.441789,1.032837,NaN,0.000000,280.033813
2017-06-11,1.203728,1.434134,0.932983,NaN,0.800000,283.977783
2017-06-12,1.383242,1.564113,1.538184,NaN,8.400000,280.017548
2017-06-13,1.333014,1.866401,1.225193,NaN,0.000000,281.256073
2017-06-14,1.300188,1.708739,1.195441,NaN,3.300000,283.822021
2017-06-15,1.292567,1.660064,1.248599,NaN,0.800000,284.512146
2017-06-16,1.382810,1.701161,1.372471,NaN,4.900000,286.503937
2017-06-17,1.284153,1.675982,0.986770,NaN,0.000000,286.499786
2017-06-18,1.257475,1.497653,0.827699,NaN,1.200000,288.824799
2017-06-19,1.179515,1.306982,0.786671,NaN,0.000000,292.124359
2017-06-20,1.309604,1.215441,1.116926,NaN,6.200000,289.778107
2017-06-21,1.226954,1.214483,0.735644,NaN,0.000000,287.639893
2017-06-22,1.152847,1.074157,0.573881,NaN,0.000000,291.075867
2017-06-23,1.094418,0.910820,0.479999,NaN,0.000000,292.151154
2017-06-24,1.035545,0.772375,0.415028,NaN,0.000000,296.171570
2017-06-25,1.042191,0.664316,0.534957,NaN,2.100000,292.580719
2017-06-26,1.088203,0.577684,0.636836,NaN,2.800000,289.790253
2017-06-27,1.044518,0.538523,0.493664,NaN,0.000000,291.610474
2017-06-28,0.998627,0.465012,0.430999,NaN,0.400000,292.258392
2017-06-29,1.012581,0.400447,0.712889,NaN,7.000000,290.549011
2017-06-30,1.168426,0.409175,0.897840,NaN,0.000000,292.096405
2017-07-01,1.076907,0.404023,0.632970,NaN,0.300000,292.472046
2017-07-02,1.024579,0.348069,0.450810,NaN,0.000000,291.435760
2017-07-03,1.027658,0.287285,0.943947,NaN,5.900000,289.001282
2017-07-04,1.541433,1.258104,1.887427,NaN,16.700000,286.614594
2017-07-05,1.615045,2.382788,1.863225,NaN,9.300000,290.637451
2017-07-06,1.442976,2.148716,1.256245,NaN,0.000000,295.370239
2017-07-07,1.305958,1.677290,0.903749,NaN,0.000000,296.360199
2017-07-08,1.278937,1.325228,1.320350,NaN,13.400000,294.643738
2017-07-09,1.659336,2.337260,1.796309,1.810930,5.700000,290.782959
2017-07-10,1.455632,2.195570,1.216446,1.554322,0.000000,290.055084
2017-07-11,1.339122,1.764674,0.924634,1.263235,0.000000,290.507202
2017-07-12,1.247498,1.431581,0.821616,1.137793,0.000000,289.916412
2017-07-13,1.194774,1.195751,0.762376,1.065210,0.000000,288.742859
2017-07-14,1.141612,0.964217,0.690987,1.056995,0.000000,291.784088
2017-07-15,1.088548,0.769810,0.629978,0.927825,0.100000,290.110321
2017-07-16,1.058539,0.660368,0.586295,0.902993,0.000000,284.121338
2017-07-17,1.027929,0.564706,0.526561,0.966600,0.000000,288.006592
2017-07-18,0.991928,0.463253,0.477908,0.832322,0.000000,289.543518
2017-07-19,0.964981,0.383925,0.438245,0.687797,0.000000,290.362701
2017-07-20,0.933585,0.316199,0.407212,0.575823,0.000000,292.079529
2017-07-21,0.945121,0.260311,0.430903,0.449354,1.400000,289.376312
2017-07-22,0.920199,0.221124,0.373105,0.485673,0.000000,285.741821
2017-07-23,0.888980,0.174870,0.313118,0.486954,0.000000,293.609924
2017-07-24,0.851221,0.139081,0.246103,0.281648,0.000000,295.776276
2017-07-25,0.818070,0.103658,0.215145,0.103255,0.000000,293.777924
2017-07-26,0.834715,0.079661,0.278963,0.063295,1.500000,291.586090
2017-07-27,0.812716,0.057539,0.254857,0.053118,0.200000,285.992615
2017-07-28,0.800010,0.041981,0.240658,0.147599,0.000000,285.152283
2017-07-29,0.780337,0.021031,0.277502,0.139418,0.000000,289.944672
2017-07-30,0.859709,0.004020,0.397147,0.040689,2.500000,289.350891
2017-07-31,0.817435,-0.013988,0.277976,0.042988,0.000000,291.854736
2017-08-01,0.777024,-0.030090,0.228074,-0.021939,0.000000,295.191620
2017-08-02,0.754905,-0.042083,0.193600,-0.161241,0.300000,293.058319
2017-08-03,0.723204,-0.054259,0.129635,-0.222116,0.000000,294.335144
2017-08-04,0.747785,-0.063809,0.350265,-0.313913,4.100000,291.847198
2017-08-05,0.812024,-0.070751,0.369641,-0.296943,0.000000,285.854004
2017-08-06,0.770425,-0.079031,0.248153,-0.190253,0.000000,290.248230
2017-08-07,0.731925,-0.087398,0.183569,-0.263758,0.000000,293.851105
2017-08-08,0.695313,-0.094375,0.123704,-0.390407,0.000000,295.127075
2017-08-09,0.663078,-0.101430,0.063968,-0.503034,0.000000,297.632812
2017-08-10,0.625965,-0.107063,0.011266,-0.626407,0.000000,300.515900
2017-08-11,0.597064,-0.112735,-0.018018,-0.767386,0.000000,297.358948
2017-08-12,0.578953,-0.119072,-0.019586,-0.790528,0.186000,294.020966
2017-08-13,0.571625,-0.124218,-0.023251,-0.755412,0.000000,292.400848
2017-08-14,0.553476,-0.129584,-0.055309,-0.797474,0.000000,289.496399
2017-08-15,0.538661,-0.134184,-0.089956,-0.761951,0.000000,287.639313
2017-08-16,0.523170,-0.138833,-0.121821,-0.770490,0.000000,290.855927
2017-08-17,0.557670,-0.143315,0.085362,-0.892198,1.900000,289.738403
2017-08-18,0.683108,-0.146020,0.411661,-0.882875,4.800000,286.382660
2017-08-19,0.680300,-0.146568,0.330492,-0.874212,0.000000,287.013092
2017-08-20,0.642438,-0.146447,0.208260,-0.875625,0.000000,285.359375
2017-08-21,0.616106,-0.146898,0.131191,-0.847310,0.000000,290.248566
2017-08-22,0.591434,-0.148411,0.097550,-0.995777,0.000000,291.684967
2017-08-23,0.567744,-0.151048,0.066560,-1.080100,0.000000,290.934113
2017-08-24,0.550629,-0.153144,0.042526,-1.031999,0.000000,286.760620
2017-08-25,0.537329,-0.155151,0.020888,-0.988241,0.000000,287.792847
2017-08-26,0.520682,-0.157693,-0.005097,-1.041570,0.000000,289.444397
2017-08-27,0.505726,-0.160187,-0.031363,-1.098884,0.000000,285.024048
2017-08-28,0.496007,-0.162321,-0.053455,-1.013195,0.000000,284.876953
2017-08-29,0.480103,-0.164897,-0.073744,-1.043517,0.000000,292.116577
2017-08-30,0.464467,-0.167802,-0.094255,-1.221792,0.000000,292.785278
2017-08-31,0.450714,-0.170553,-0.120959,-1.266248,0.000000,286.430786
2017-09-01,0.440638,-0.172736,-0.141500,-1.163702,0.000000,284.211487
2017-09-02,0.431480,-0.174975,-0.159568,-1.088080,0.000000,285.431000
2017-09-03,0.423818,-0.177209,-0.172469,-1.096217,0.000000,284.305084
2017-09-04,0.415663,-0.178978,-0.178173,-1.159166,0.000000,291.837524
2017-09-05,0.401520,-0.180851,-0.196711,-1.301698,0.000000,291.169525
2017-09-06,0.385074,-0.182551,-0.212301,-1.336901,0.000000,295.121185
2017-09-07,0.369113,-0.184381,-0.225826,-1.412025,0.000000,290.663666
2017-09-08,0.359887,-0.185955,-0.237548,-1.307461,0.000000,283.085358
2017-09-09,0.418652,-0.187068,0.172947,-1.180817,7.100000,285.496490
2017-09-10,0.676805,-0.175852,0.606176,-1.197628,0.600000,279.690491
2017-09-11,0.629991,-0.145509,0.552420,-1.072473,0.300000,281.851929
2017-09-12,0.596890,-0.125001,0.456102,-1.048347,0.000000,280.330505
2017-09-13,0.572594,-0.114365,0.371142,-1.058951,0.000000,281.779877
2017-09-14,0.550760,-0.110513,0.301232,-1.057468,0.000000,286.807373
2017-09-15,0.531217,-0.110696,0.249568,-1.152142,0.000000,286.035095
2017-09-16,0.519101,-0.112564,0.194074,-1.131270,0.000000,281.266083
2017-09-17,0.507246,-0.115754,0.141587,-1.076592,0.000000,281.701111
2017-09-18,0.496799,-0.119534,0.093512,-1.071995,0.000000,282.398651
2017-09-19,0.487923,-0.123561,0.071855,-1.089397,0.000000,280.006073
2017-09-20,0.480592,-0.127584,0.061815,-1.040057,0.000000,279.379425
2017-09-21,0.472839,-0.131776,0.055244,-0.988177,0.000000,282.031952
2017-09-22,0.465048,-0.135863,0.050734,-1.079616,0.000000,279.995300
2017-09-23,0.459189,-0.139551,0.048938,-1.097525,0.000000,283.000793
2017-09-24,0.452126,-0.143671,0.048202,-1.145096,0.000000,283.174469
2017-09-25,0.443454,-0.147405,0.044545,-1.154269,0.000000,278.446167
2017-09-26,0.445696,-0.149790,0.080827,-1.037515,0.500000,280.049866
2017-09-27,0.448659,-0.152045,0.096661,-1.101700,0.000000,284.675903
2017-09-28,0.439101,-0.155544,0.154413,-1.231720,0.000000,285.567749
2017-09-29,0.964580,0.157365,1.822902,-1.217130,28.700000,279.914337
2017-09-30,1.367477,2.702690,1.866971,-0.342577,4.700000,275.261658
2017-10-01,1.189772,2.373960,1.696926,1.295301,0.000000,276.539886
2017-10-02,1.105240,2.061126,1.573966,1.225990,0.100000,282.727631
2017-10-03,1.044466,1.857290,1.430182,1.097005,0.000000,277.201416
2017-10-04,0.997298,1.710628,1.333034,1.074704,0.000000,278.020782
2017-10-05,0.959635,1.588403,1.297549,1.023244,0.000000,281.152832
2017-10-06,0.967195,1.495088,1.399966,0.985449,2.200000,275.602875
2017-10-07,0.937597,1.448465,1.163334,1.092961,0.000000,271.421570
2017-10-08,0.931678,1.386481,1.379068,1.103885,0.400000,274.850098
2017-10-09,0.924467,1.352290,1.429975,1.067743,2.300000,273.351105
2017-10-10,0.878439,1.317035,1.389501,1.089823,0.000000,272.045990
2017-10-11,0.809849,1.257188,1.423778,1.149096,1.900000,272.410461
2017-10-12,0.716941,1.192367,1.350529,1.110281,0.200000,270.808380
2017-10-13,0.559267,1.110747,1.203637,1.080307,0.000000,272.343536
2017-10-14,0.394112,0.797718,1.040924,1.015888,0.000000,269.274292
2017-10-15,0.271028,0.351267,1.258241,0.934192,1.500000,270.714844
2017-10-16,0.111554,0.081957,1.158958,0.856061,0.100000,268.193054
2017-10-17,-0.093239,-0.098159,1.052278,0.669463,0.000000,267.274048
2017-10-18,-0.237718,-0.193915,1.139282,0.448395,0.000000,270.140472
2017-10-19,-0.262230,-0.197068,1.260629,0.338388,0.700000,271.742676
2017-10-20,-0.299104,-0.190462,1.347583,0.301755,3.800000,271.587311
2017-10-21,-0.250207,-0.176807,1.525852,0.274843,0.600000,272.117767
2017-10-22,-0.330361,-0.173288,1.483431,0.231693,1.800000,272.016327
2017-10-23,-0.380377,-0.177722,1.522630,0.197854,1.500000,271.361359
2017-10-24,-0.389731,-0.182031,1.389323,0.114520,1.800000,270.265411
2017-10-25,-0.372768,-0.185940,1.301914,0.039872,0.000000,274.535065
2017-10-26,-0.418162,-0.188077,1.461081,-0.027027,0.000000,275.705780
2017-10-27,-0.360742,-0.091569,1.622133,-0.069928,0.600000,278.561218
2017-10-28,-0.327539,0.350942,1.450454,-0.086327,0.000000,275.498413
2017-10-29,-0.394753,0.374858,1.171960,0.110194,0.000000,270.247345
2017-10-30,-0.440264,0.169780,1.110549,0.212835,0.000000,270.642242
2017-10-31,-0.512500,-0.342007,0.650712,0.209149,0.000000,260.750092
2017-11-01,-0.693333,-0.593011,0.093114,0.201372,0.200000,259.819366
2017-11-02,-0.793132,-0.625248,-0.628999,0.058185,0.500000,264.672638
2017-11-03,-0.830474,-0.627868,-0.633203,-0.165866,0.000000,261.526306
2017-11-04,-0.838444,-0.628946,-1.023254,-0.290219,0.000000,265.762146
2017-11-05,-0.879272,-0.629015,-1.059660,-0.409702,0.000000,263.787170
2017-11-06,-0.927132,-0.629085,-1.059660,-0.693282,0.000000,263.412445
2017-11-07,-1.038299,-0.629155,-1.059660,-0.812542,2.800000,270.226959
2017-11-08,-1.078547,-0.629227,-1.059660,-0.900888,1.100000,273.264404
2017-11-09,-1.083434,-0.629298,-1.059660,-0.927677,0.100000,270.709778
2017-11-10,-1.087849,-0.629368,-1.059660,-0.942077,0.000000,275.850952
2017-11-11,-1.091863,-0.629439,-1.059660,-0.937281,0.000000,274.668457
2017-11-12,-1.095634,-0.629508,-1.059660,-0.932481,0.000000,268.601868
2017-11-13,-1.099176,-0.629577,-1.059660,-0.954484,0.700000,270.738495
2017-11-14,-1.102471,-0.629644,-1.059660,-0.957684,0.000000,265.105347
2017-11-15,-1.105529,-0.629710,-1.059660,-0.953018,0.000000,262.896820
2017-11-16,-1.108361,-0.629774,-1.059660,-0.959526,0.000000,262.203400
2017-11-17,-1.110085,-0.642079,NaN,-0.979630,0.000000,257.893616
