Date,Noah_MP_ET,CLM_ET,CLASS_ET,OBS_ET,PR
2014-01-03,0.082850,0.078213,0.063696,0.029584,0.168000
2014-01-04,0.016381,0.036558,0.019409,0.029908,0.000000
2014-01-05,0.013930,0.038716,0.197132,0.023846,0.228000
2014-01-06,0.290475,0.090462,0.226389,-0.001551,3.750000
2014-01-07,0.215970,0.073973,0.202809,0.013620,0.099000
2014-01-08,0.263512,0.133106,0.302418,0.035830,0.402000
2014-01-09,0.384386,0.165778,0.384517,0.042128,2.145000
2014-01-10,0.514888,0.170568,0.252514,0.021581,1.677000
2014-01-11,0.234325,0.099725,0.244832,-0.026820,1.128000
2014-01-12,0.138901,0.072672,0.081234,-0.013755,0.204000
2014-01-13,0.060363,0.050572,0.054000,0.002678,0.000000
2014-01-14,0.148929,0.095772,0.557170,0.009020,0.888000
2014-01-15,1.399182,0.361093,0.113491,-0.004235,5.304000
2014-01-16,0.241267,0.289156,0.092976,-0.085042,0.468000
2014-01-17,0.234308,0.433029,0.126098,-0.026705,0.228000
2014-01-18,0.119995,0.235991,0.458323,0.029703,0.390000
2014-01-19,0.311634,0.202642,0.263082,0.046334,1.389000
2014-01-20,0.148919,0.122681,0.250936,0.018533,0.000000
2014-01-21,0.075300,0.120759,0.248838,0.039678,0.129000
2014-01-22,0.122444,0.177145,0.176146,0.006813,0.168000
2014-01-23,0.023083,0.187918,0.272787,0.047528,0.000000
2014-01-24,0.096851,0.176821,0.202664,0.156865,0.168000
2014-01-25,0.040686,0.124590,0.097275,0.115345,0.000000
2014-01-26,0.009351,0.050500,0.013867,0.013363,0.000000
2014-01-27,0.008804,0.044651,0.261124,0.034727,0.000000
2014-01-28,0.090000,0.158764,0.341077,0.006373,0.294000
2014-01-29,0.035952,0.053879,0.058774,0.020009,0.000000
2014-01-30,0.011868,0.031915,0.316084,0.078703,0.000000
2014-01-31,0.101935,0.160972,0.248829,0.132522,0.261000
2014-02-01,0.335029,0.258073,0.276928,0.139403,0.795000
2014-02-02,0.284587,0.279814,0.184567,0.156623,0.645000
2014-02-03,0.237332,0.202296,0.090965,0.100883,0.786000
2014-02-04,0.095326,0.108468,0.046607,0.029169,0.150000
2014-02-05,0.048525,0.109389,0.043984,0.056381,0.000000
2014-02-06,0.033607,0.127288,0.323103,0.071949,0.144000
2014-02-07,0.200689,0.199446,0.129523,0.009931,0.546000
2014-02-08,0.056020,0.086199,0.213360,-0.009905,0.129000
2014-02-09,0.090115,0.102450,0.128011,0.011108,0.294000
2014-02-10,0.032221,0.057241,0.044035,0.044175,0.000000
2014-02-11,0.016207,0.063706,0.050595,0.006962,0.000000
2014-02-12,0.027397,0.037761,0.146541,0.026100,0.429000
2014-02-13,0.082225,0.066740,0.049760,0.034751,0.165000
2014-02-14,0.051356,0.064776,0.249419,-0.008023,0.000000
2014-02-15,0.191688,0.124286,0.180546,-0.005468,0.867000
2014-02-16,0.108272,0.108218,0.197576,0.005674,0.000000
2014-02-17,0.114096,0.136252,0.387092,-0.007002,0.594000
2014-02-18,0.321245,0.151494,0.313271,0.017276,1.452000
2014-02-19,0.168753,0.104181,0.187416,-0.000058,0.186000
2014-02-20,0.088192,0.079788,0.115488,0.017293,0.084000
2014-02-21,0.037652,0.054819,0.071778,0.030517,0.075000
2014-02-22,0.028876,0.068230,0.067476,0.025769,0.000000
2014-02-23,0.013837,0.073194,0.090699,0.018977,0.000000
2014-02-24,0.005177,0.087956,0.092086,0.036963,0.000000
2014-02-25,0.006616,0.036201,0.148432,0.060143,0.000000
2014-02-26,0.006546,0.036161,0.147932,0.035821,0.000000
2014-02-27,0.006582,0.035146,0.096559,0.066292,0.000000
2014-02-28,0.003897,0.021972,0.078132,0.055275,0.000000
2014-03-01,0.004165,0.023001,0.107194,0.061922,0.000000
2014-03-02,0.004693,0.025401,0.113885,0.080561,0.000000
2014-03-03,0.005725,0.030705,0.123858,0.091876,0.000000
2014-03-04,0.005615,0.030866,0.124225,0.060061,0.000000
2014-03-05,0.006030,0.032561,0.144139,0.055655,0.000000
2014-03-06,0.005551,0.031105,0.138621,0.056005,0.000000
2014-03-07,0.005094,0.027824,0.138593,0.044153,0.000000
2014-03-08,0.165242,0.091996,0.210543,0.113983,1.122000
2014-03-09,0.249808,0.147500,0.266009,0.045944,0.609000
2014-03-10,0.349944,0.202349,0.280990,0.037371,0.759000
2014-03-11,0.147885,0.284676,0.147622,0.079738,0.000000
2014-03-12,0.051913,0.224603,0.064221,0.000094,0.000000
2014-03-13,0.034850,0.149121,0.159946,0.067046,0.000000
2014-03-14,0.029800,0.150039,0.373557,0.062607,0.000000
2014-03-15,0.202128,0.295124,0.070923,0.143558,0.354000
2014-03-16,0.044084,0.234141,0.088020,0.072791,0.000000
2014-03-17,0.114734,0.370775,0.092911,0.043484,0.516000
2014-03-18,0.166997,0.308151,0.091604,0.039016,0.105000
2014-03-19,0.027583,0.195835,0.280680,0.121332,0.000000
2014-03-20,0.053468,0.159133,0.134287,0.035046,0.096000
2014-03-21,0.011855,0.093369,0.112021,0.056377,0.000000
2014-03-22,0.014646,0.105294,0.170401,0.149387,0.000000
2014-03-23,0.141180,0.257759,0.304993,0.159233,0.351000
2014-03-24,0.050698,0.143493,0.106844,0.183504,0.000000
2014-03-25,0.018570,0.142148,0.252953,0.096231,0.000000
2014-03-26,0.016399,0.124715,0.286757,0.079013,0.000000
2014-03-27,0.017789,0.132293,0.247428,0.082553,0.000000
2014-03-28,0.024551,0.160764,0.322881,0.200019,0.000000
2014-03-29,0.016869,0.148153,0.286877,0.065991,0.000000
2014-03-30,0.009906,0.086640,0.296293,0.163486,0.000000
2014-03-31,0.020963,0.137551,0.394668,0.179736,0.000000
2014-04-01,0.057880,0.175792,0.374934,0.058884,0.093000
2014-04-02,0.017530,0.111344,0.310379,0.117338,0.000000
2014-04-03,0.051399,0.150317,0.472273,0.153584,0.174000
2014-04-04,0.374880,0.475258,0.312706,0.207899,0.687000
2014-04-05,0.025989,0.172147,0.263970,0.232224,0.000000
2014-04-06,0.037007,0.233969,0.267780,0.211882,0.000000
2014-04-07,0.046818,0.269418,0.229229,0.181269,0.000000
2014-04-08,0.183904,0.517295,0.043150,0.192594,0.213000
2014-04-09,0.215998,0.650587,0.302872,0.239941,0.390000
2014-04-10,0.118250,0.394449,0.420347,0.153958,0.201000
2014-04-11,0.059096,0.279975,0.183946,0.161461,0.000000
2014-04-12,0.043199,0.332821,0.169065,0.132013,0.100000
2014-04-13,0.153745,0.395697,0.046035,0.241891,0.300000
2014-04-14,0.150277,0.567901,0.199129,0.253085,0.700000
2014-04-15,0.135176,0.590666,0.202789,0.368212,0.000000
2014-04-16,0.063520,0.494367,0.596109,0.572033,0.000000
2014-04-17,0.074113,0.844101,0.945820,0.719707,0.000000
2014-04-18,0.091302,1.164298,0.826653,0.343124,0.000000
2014-04-19,0.112513,1.070454,0.482427,0.148147,0.000000
2014-04-20,0.151890,1.015636,1.631739,0.252436,0.000000
2014-04-21,0.179739,0.885521,2.139729,0.208384,0.000000
2014-04-22,0.173587,0.614799,2.582266,0.284569,0.100000
2014-04-23,0.168947,0.535692,2.671974,0.435248,0.000000
2014-04-24,0.204668,0.560046,2.155358,0.343982,0.000000
2014-04-25,0.924078,0.934663,2.129035,0.364035,4.100000
2014-04-26,0.449576,0.923618,1.728393,0.205941,0.200000
2014-04-27,0.347148,0.708847,2.100299,0.232656,0.000000
2014-04-28,0.681687,1.187896,1.680532,0.368423,0.000000
2014-04-29,0.902597,1.314327,1.810874,0.566571,0.000000
2014-04-30,0.812517,1.248668,1.269350,0.444438,0.000000
2014-05-01,0.602264,0.894029,1.187135,1.363633,0.000000
2014-05-02,0.471387,0.634357,0.960949,1.115680,0.000000
2014-05-03,0.462347,0.698581,0.789453,0.967141,0.000000
2014-05-04,0.433386,0.651393,0.742846,0.683394,0.000000
2014-05-05,0.361753,0.534649,0.562582,0.662941,0.000000
2014-05-06,0.538611,0.840292,0.800992,1.214064,0.000000
2014-05-07,0.720867,1.102688,0.785852,1.168498,0.000000
2014-05-08,0.740349,1.169971,0.702480,1.076122,0.000000
2014-05-09,0.668981,1.098062,0.661211,1.109703,0.000000
2014-05-10,0.634970,1.026480,0.590832,1.266305,0.000000
2014-05-11,0.586816,0.912579,0.430896,1.070171,0.000000
2014-05-12,0.729720,1.080162,0.577618,1.206654,0.000000
2014-05-13,1.072741,1.411710,0.588655,1.217491,0.000000
2014-05-14,0.935658,1.300696,0.387312,1.236557,0.400000
2014-05-15,1.045584,1.077644,0.608513,1.335905,1.000000
2014-05-16,0.807896,1.179211,0.461178,1.032601,0.000000
2014-05-17,0.984307,1.379000,0.466524,1.202170,0.000000
2014-05-18,1.121496,1.520313,0.530140,1.213477,0.300000
2014-05-19,0.987128,1.295262,0.541855,1.195333,0.300000
2014-05-20,1.910125,1.733451,1.597051,0.854851,8.500000
2014-05-21,0.753002,1.051472,1.866037,1.457128,0.100000
2014-05-22,0.718215,1.073960,1.327431,1.079404,0.000000
2014-05-23,1.422442,1.587393,1.266189,0.343605,6.700000
2014-05-24,1.253097,1.716303,2.708651,1.602534,1.900000
2014-05-25,1.376594,1.886495,2.141102,1.621271,0.000000
2014-05-26,1.568215,2.010961,1.866127,2.045975,0.000000
2014-05-27,1.775851,2.054086,1.414212,1.718136,0.000000
2014-05-28,1.831313,2.218729,1.016573,1.623221,0.900000
2014-05-29,1.776293,2.069051,0.992693,1.599536,0.000000
2014-05-30,1.568339,1.841765,0.914251,1.877388,0.000000
2014-05-31,1.906896,1.931080,0.813026,1.804910,0.000000
2014-06-01,2.249638,1.831427,0.767023,1.995173,0.000000
2014-06-02,1.825788,2.014551,2.026492,1.276819,10.000000
2014-06-03,1.358269,1.773399,2.056685,1.602495,1.400000
2014-06-04,1.015446,1.455068,1.900994,1.812873,0.000000
2014-06-05,1.359403,1.920171,1.550627,1.637355,0.000000
2014-06-06,1.327086,1.906029,1.192444,1.557325,0.000000
2014-06-07,1.654934,2.135643,1.120785,1.961587,0.000000
2014-06-08,2.108627,2.136049,0.836334,1.694979,0.000000
2014-06-09,2.004922,1.790688,0.882757,1.880551,0.000000
2014-06-10,1.843762,1.542016,0.598030,1.501483,0.000000
2014-06-11,2.072707,1.384951,0.630259,1.378759,0.000000
2014-06-12,1.889809,1.638605,0.544779,1.395762,0.600000
2014-06-13,2.210579,1.844628,1.659410,1.538009,16.400000
2014-06-14,2.310073,2.913047,3.108173,1.337119,15.300000
2014-06-15,1.812028,2.571258,2.495779,0.776942,2.600000
2014-06-16,1.853252,2.185161,3.268400,1.478591,0.000000
2014-06-17,3.062359,2.822593,3.109976,2.304796,0.000000
2014-06-18,2.719770,2.863918,2.041553,2.189667,0.000000
2014-06-19,2.865614,2.774301,2.344282,2.584110,0.000000
2014-06-20,2.927452,2.970360,1.867807,1.313262,0.000000
2014-06-21,2.787513,2.948011,3.154568,1.378644,15.500000
2014-06-22,3.192603,3.152648,4.693290,2.688317,0.800000
2014-06-23,3.827521,3.116247,3.206357,2.289511,0.000000
2014-06-24,3.990568,3.036022,2.370846,2.176528,0.000000
2014-06-25,3.232450,3.030799,2.097890,2.114477,0.000000
2014-06-26,3.195442,2.632515,2.332954,2.352920,0.000000
2014-06-27,3.547640,2.484205,2.133113,1.993407,0.000000
2014-06-28,3.509537,2.054692,1.856175,1.927428,0.000000
2014-06-29,3.215744,1.817658,1.720155,2.524612,0.000000
2014-06-30,3.173582,1.704058,1.434953,1.864244,0.000000
2014-07-01,3.328512,2.210474,1.660305,2.398305,1.400000
2014-07-02,3.352935,1.707451,1.296725,1.943927,0.000000
2014-07-03,2.790507,1.874754,1.396084,1.847802,1.300000
2014-07-04,2.353434,2.126291,1.560279,0.433638,13.700000
2014-07-05,2.640018,2.941318,4.383846,2.050786,1.200000
2014-07-06,2.284163,2.608960,2.450978,1.721790,0.000000
2014-07-07,2.470963,2.427131,2.099544,1.887011,0.000000
2014-07-08,3.221994,2.328139,2.578320,2.336793,0.000000
2014-07-09,2.804312,2.310524,1.953811,0.347364,17.600000
2014-07-10,3.468897,3.222095,4.358113,2.053895,5.400000
2014-07-11,2.619241,3.074693,4.055724,2.393073,0.500000
2014-07-12,3.891051,3.090027,3.577284,2.713858,0.000000
2014-07-13,4.141247,2.926575,2.552682,1.979418,0.000000
2014-07-14,4.712180,2.852060,2.938253,2.867115,0.200000
2014-07-15,3.796233,3.290602,2.641910,2.116341,2.500000
2014-07-16,2.845241,2.948356,2.482034,1.836296,2.600000
2014-07-17,2.560363,2.328245,2.129293,1.970685,0.200000
2014-07-18,2.557239,2.212724,2.041136,1.994760,1.000000
2014-07-19,2.409886,1.915255,1.850409,1.854873,0.000000
2014-07-20,2.591604,1.739846,1.788035,2.036406,0.000000
2014-07-21,2.488561,1.306960,1.802212,1.716460,0.000000
2014-07-22,2.955951,1.857854,2.110154,2.262056,2.700000
2014-07-23,2.875520,1.551400,1.837376,2.340101,0.000000
2014-07-24,3.472231,1.355933,1.850481,2.625020,0.000000
2014-07-25,2.447068,0.894314,1.156447,1.517718,0.000000
2014-07-26,2.121840,0.645837,1.211979,1.755210,0.000000
2014-07-27,2.902065,0.608128,1.352196,2.079997,0.000000
2014-07-28,2.736410,0.554556,1.247774,1.955908,0.000000
2014-07-29,3.355827,0.515043,1.329444,2.106919,0.000000
2014-07-30,2.593411,1.489857,1.338081,1.438004,2.700000
2014-07-31,1.119786,0.866088,1.019949,1.503174,0.000000
2014-08-01,2.073428,0.869301,1.221212,2.081737,0.000000
2014-08-02,2.681188,0.786385,1.101434,2.158689,0.000000
2014-08-03,2.815302,0.492892,1.099931,2.128738,0.000000
2014-08-04,3.248894,0.386996,1.057758,2.025128,0.000000
2014-08-05,2.332659,0.350092,0.529137,1.591147,0.000000
2014-08-06,1.009840,0.333632,0.641190,0.273872,1.000000
2014-08-07,2.492217,2.372428,2.538817,0.619596,47.699998
2014-08-08,1.865909,2.044425,3.325786,1.221932,0.000000
2014-08-09,2.299171,2.719256,3.862651,1.957827,1.000000
2014-08-10,2.541644,2.790631,2.888316,2.048364,0.000000
2014-08-11,1.951468,2.515934,2.120653,1.393029,0.000000
2014-08-12,3.183797,2.529259,2.486170,2.118327,0.000000
2014-08-13,2.938110,2.811239,2.313591,2.445685,0.200000
2014-08-14,2.658404,2.718026,2.229495,2.211875,0.000000
2014-08-15,2.592254,2.555182,2.078543,2.026867,0.000000
2014-08-16,2.943403,2.529125,2.314557,2.990127,0.000000
2014-08-17,1.954100,2.164585,1.366540,1.451931,0.000000
2014-08-18,1.747359,2.000893,1.466556,1.339669,0.700000
2014-08-19,1.290924,1.567948,1.018497,0.971917,0.800000
2014-08-20,1.050557,1.240350,1.182756,1.274059,0.000000
2014-08-21,1.419173,1.445783,1.332655,1.279140,0.000000
2014-08-22,1.423416,1.426881,1.111376,1.231918,0.000000
2014-08-23,1.903165,1.365018,1.213927,1.442272,0.000000
2014-08-24,1.811997,1.185420,1.084697,1.459936,0.000000
2014-08-25,1.323454,1.040688,0.785644,1.195487,0.000000
2014-08-26,1.250225,0.893575,0.820294,1.097586,0.000000
2014-08-27,1.750963,1.283912,0.755038,0.315943,4.600000
2014-08-28,1.348764,1.537534,1.616328,1.347554,0.500000
2014-08-29,1.246170,1.270740,1.170534,1.229421,0.000000
2014-08-30,1.059714,1.303307,1.023129,1.041818,0.300000
2014-08-31,0.999000,1.027500,0.967676,1.075502,0.000000
2014-09-01,1.230784,1.466652,1.268754,1.149787,4.300000
2014-09-02,1.248157,1.189562,1.489150,1.716842,0.000000
2014-09-03,0.927065,1.055593,0.893104,0.813899,0.000000
2014-09-04,0.672142,0.813999,0.847094,1.007093,0.000000
2014-09-05,0.656233,0.739667,0.671283,1.062407,0.000000
2014-09-06,1.139598,1.011845,0.667383,0.547332,4.000000
2014-09-07,0.565435,0.863988,0.581565,0.616563,0.000000
2014-09-08,0.451477,0.582808,0.814099,0.908750,0.000000
2014-09-09,0.534017,0.660217,0.696795,0.744545,0.000000
2014-09-10,0.790591,0.747912,0.879065,1.560546,0.000000
2014-09-11,0.785977,0.796066,0.465927,0.961794,0.000000
2014-09-12,0.717745,0.703188,0.674189,1.041243,0.000000
2014-09-13,0.817016,0.689186,0.664659,0.849820,0.000000
2014-09-14,0.827742,0.645382,0.460976,0.788292,0.000000
2014-09-15,0.533576,0.550643,0.450925,0.330438,0.000000
2014-09-16,0.449963,0.345309,0.339248,0.255590,0.000000
2014-09-17,0.475598,0.320262,0.407897,0.470049,0.000000
2014-09-18,0.674170,0.323918,0.525189,0.505444,0.000000
2014-09-19,0.633326,0.571627,0.390328,0.334621,0.300000
2014-09-20,0.841622,0.296289,0.551807,1.053287,0.000000
2014-09-21,0.823024,0.296828,0.291392,0.869832,0.000000
2014-09-22,0.983761,0.275822,0.586850,1.504506,0.000000
2014-09-23,0.758505,0.252478,0.444014,0.772451,0.000000
2014-09-24,0.479271,0.201794,0.366234,0.350527,0.000000
2014-09-25,0.430540,0.173207,0.379028,0.518984,0.100000
2014-09-26,1.011429,0.933013,0.340038,0.267666,2.100000
2014-09-27,1.322270,1.069724,0.912012,0.815243,3.100000
2014-09-28,0.519657,0.564071,0.508113,0.510378,0.000000
2014-09-29,0.714041,0.850164,0.510886,0.331862,1.200000
2014-09-30,0.456572,0.563560,0.747945,0.612535,0.100000
2014-10-01,0.353536,0.418562,0.617785,0.705899,0.000000
2014-10-02,0.329733,0.354533,0.407900,0.345542,0.000000
2014-10-03,0.250524,0.313103,0.172872,0.201539,0.000000
2014-10-04,0.452637,0.475907,0.368898,0.398399,0.100000
2014-10-05,0.341822,0.396025,0.397239,0.176198,0.000000
2014-10-06,0.989661,0.800117,0.784541,0.507580,3.600000
2014-10-07,0.433752,0.623490,0.650627,0.407265,0.200000
2014-10-08,0.263468,0.318887,0.320522,0.222113,0.000000
2014-10-09,0.278302,0.342450,0.346405,0.187993,0.000000
2014-10-10,0.245149,0.343444,0.210302,0.100686,0.000000
2014-10-11,0.401764,0.407806,0.430448,0.356763,0.000000
2014-10-12,0.254065,0.317783,0.285555,0.214129,0.000000
2014-10-13,0.221057,0.368775,0.236457,0.177281,0.300000
2014-10-14,0.319716,0.304602,0.290667,0.233429,0.000000
2014-10-15,1.003140,0.563359,0.250801,0.154658,4.201000
2014-10-16,1.022549,0.753536,0.347413,0.240876,1.326000
2014-10-17,0.634270,0.713550,0.225008,0.203853,1.041000
2014-10-18,0.656581,0.669852,0.373988,0.193368,2.964000
2014-10-19,0.654718,0.664882,0.276803,0.210829,1.226000
2014-10-20,1.358186,0.812227,0.333137,0.377804,12.723000
2014-10-21,0.585205,1.030863,0.440418,0.205148,1.300000
2014-10-22,0.454411,0.568274,0.467693,0.115200,0.000000
2014-10-23,0.275865,0.349599,0.429061,0.229899,0.000000
2014-10-24,0.212609,0.441437,0.683043,0.282981,0.900000
2014-10-25,0.453733,0.619977,0.507162,0.045247,0.100000
2014-10-26,0.211826,0.274119,0.277527,0.011253,0.000000
2014-10-27,0.169837,0.227818,0.213063,0.056028,0.000000
2014-10-28,0.185504,0.250334,0.321042,0.065183,0.078000
2014-10-29,0.181579,0.229162,0.211964,0.142390,0.000000
2014-10-30,0.185915,0.231497,0.132173,0.158180,0.000000
2014-10-31,1.104687,0.591053,0.165400,0.547526,14.790000
2014-11-01,0.492349,0.662820,0.138369,-0.004923,0.700000
2014-11-02,0.162495,0.245375,0.217945,0.050451,0.000000
2014-11-03,0.149183,0.214340,0.192851,0.058718,0.000000
2014-11-04,0.148110,0.203171,0.263412,0.093114,0.000000
2014-11-05,0.161094,0.234913,0.059667,0.061600,0.100000
2014-11-06,0.110869,0.163936,0.240864,0.133744,0.000000
2014-11-07,0.070227,0.115650,0.016791,0.076111,0.000000
2014-11-08,0.041521,0.072205,0.125251,0.109514,0.000000
2014-11-09,0.028885,0.069332,0.044145,-0.019966,0.000000
2014-11-10,0.012749,0.032026,0.004584,0.035210,0.000000
2014-11-11,0.018810,0.056273,0.029453,0.027847,0.000000
2014-11-12,0.013180,0.042894,0.015537,0.021430,0.000000
2014-11-13,0.012401,0.045703,0.001657,0.040688,0.000000
2014-11-14,0.013974,0.052721,0.036939,0.026900,0.000000
2014-11-15,0.025259,0.074341,0.002726,0.019893,0.000000
2014-11-16,0.017832,0.081920,0.020218,0.001576,0.000000
2014-11-17,0.014695,0.061518,0.017771,-0.044336,0.000000
2014-11-18,0.039715,0.117315,0.033229,-0.067610,0.000000
2014-11-19,0.027587,0.118652,0.152982,-0.022122,0.000000
2014-11-20,0.038173,0.123708,0.100123,-0.063507,0.000000
2014-11-21,0.028195,0.129517,0.172158,0.030282,0.000000
2014-11-22,0.013619,0.064304,0.120927,0.017177,0.000000
2014-11-23,0.012810,0.056604,0.102677,0.018221,0.000000
2014-11-24,0.008248,0.038919,0.071329,0.017053,0.000000
2014-11-25,0.003275,0.015219,0.057962,0.090195,0.000000
2014-11-26,0.007347,0.027277,0.080162,0.053037,0.000000
2014-11-27,0.005597,0.027394,0.052365,0.110386,0.000000
2014-11-28,0.003593,0.015053,0.064045,0.079204,0.000000
2014-11-29,0.007016,0.029283,0.062809,0.020652,0.000000
2014-11-30,0.004169,0.020744,0.047682,-0.006295,0.000000
2014-12-01,0.004197,0.020851,0.043235,-0.008542,0.000000
2014-12-02,0.003786,0.018505,0.046662,0.019669,0.000000
2014-12-03,0.077373,0.103219,0.139717,0.073141,0.378000
2014-12-04,0.074217,0.123412,0.052714,0.088773,0.048000
2014-12-05,0.031732,0.078073,0.083154,0.083648,0.054000
2014-12-06,0.072638,0.131009,0.162431,0.019216,0.285000
2014-12-07,0.163557,0.146591,0.109360,0.076235,0.612000
2014-12-08,0.113811,0.143115,0.201188,0.077457,0.090000
2014-12-09,0.075465,0.175571,0.251765,0.083606,0.150000
2014-12-10,0.335028,0.220889,0.322257,0.084105,1.530000
2014-12-11,0.458936,0.198490,0.348524,0.084784,2.712000
2014-12-12,0.281618,0.173954,0.066736,0.101257,0.423000
2014-12-13,0.161267,0.122938,0.085506,0.093140,0.000000
2014-12-14,0.127627,0.119369,0.166317,0.103260,0.000000
2014-12-15,0.130070,0.174757,0.045585,0.104513,0.042000
2014-12-16,0.012592,0.166279,0.015495,0.141467,0.000000
2014-12-17,0.009101,0.145547,0.089049,0.142381,0.000000
2014-12-18,0.007225,0.082342,0.016849,0.082917,0.000000
2014-12-19,0.026742,0.049083,0.271464,0.058495,0.429000
2014-12-20,0.443426,0.183012,0.268720,0.063653,1.680000
2014-12-21,0.400833,0.212737,0.381456,0.163144,1.248000
2014-12-22,0.394197,0.222929,0.205838,0.178596,0.267000
2014-12-23,0.154768,0.160813,0.280090,0.172022,0.258000
2014-12-24,0.141439,0.170026,0.206167,0.139821,0.219000
2014-12-25,0.142276,0.136949,0.244644,0.029481,0.552000
2014-12-26,0.109635,0.118603,0.244741,0.072624,0.288000
2014-12-27,0.082961,0.105775,0.228062,0.033613,0.234000
2014-12-28,0.200702,0.162809,0.292032,0.059599,0.522000
2014-12-29,0.058022,0.096175,0.077507,0.025305,0.000000
2014-12-30,0.015860,0.144514,0.213116,0.071591,0.000000
2014-12-31,0.225685,0.167800,NaN,0.078607,1.707000
2015-01-01,0.483957,0.239329,0.143581,0.026639,0.555000
2015-01-02,0.053374,0.081638,0.013357,0.029678,0.066000
2015-01-03,0.049882,0.078133,0.037127,0.013171,0.132000
2015-01-04,0.023413,0.085860,0.110547,0.079988,0.000000
2015-01-05,0.020446,0.105010,0.151106,0.026575,0.084000
2015-01-06,0.029093,0.083490,0.057429,0.048215,0.000000
2015-01-07,0.125948,0.111484,0.222200,0.028818,0.588000
2015-01-08,0.058243,0.088069,0.006332,0.041565,0.000000
2015-01-09,0.010240,0.063702,0.052825,0.066285,0.000000
2015-01-10,0.003298,0.019747,0.079709,0.069991,0.000000
2015-01-11,0.003760,0.018683,0.192587,0.029951,0.000000
2015-01-12,0.095468,0.110789,0.210816,0.071399,0.351000
2015-01-13,0.286358,0.141162,0.383269,0.068045,3.693000
2015-01-14,0.659912,0.213648,0.378533,0.086121,0.735000
2015-01-15,0.535089,0.189362,0.473581,0.078780,2.202000
2015-01-16,0.425577,0.228123,0.245340,0.079559,0.279000
2015-01-17,0.061794,0.173686,0.056220,0.071013,0.000000
2015-01-18,0.014971,0.109573,0.129438,0.053453,0.060000
2015-01-19,0.023904,0.108583,0.172217,0.084880,0.000000
2015-01-20,0.030045,0.133192,0.231257,0.081001,0.057000
2015-01-21,0.254736,0.253214,0.263109,0.070320,0.549000
2015-01-22,0.415735,0.301700,0.449095,0.092016,1.560000
2015-01-23,0.406923,0.221723,0.317374,0.098379,1.356000
2015-01-24,0.258994,0.199455,0.230473,0.096418,0.078000
2015-01-25,0.276617,0.187165,0.364785,0.078773,1.734000
2015-01-26,0.272995,0.148438,0.210081,0.066213,0.264000
2015-01-27,0.073185,0.066092,0.136378,0.081745,0.273000
2015-01-28,0.073953,0.059472,0.041201,0.113014,0.222000
2015-01-29,0.065194,0.058072,0.198379,0.064583,0.543000
2015-01-30,0.120712,0.083328,0.080874,0.084951,0.114000
2015-01-31,0.040992,0.050927,0.095019,0.080327,0.000000
2015-02-01,0.035215,0.082064,0.080410,0.106332,0.000000
2015-02-02,0.010051,0.068580,0.037873,0.098594,0.000000
2015-02-03,0.002982,0.047646,0.060665,0.091057,0.000000
2015-02-04,0.029960,0.061453,0.126260,0.053980,0.309000
2015-02-05,0.056635,0.070284,0.005388,0.097197,0.000000
2015-02-06,0.052786,0.047439,0.150918,0.067079,1.581000
2015-02-07,0.236053,0.062715,0.125525,0.075169,2.676000
2015-02-08,0.056195,0.029278,0.055820,0.078487,0.000000
2015-02-09,0.141692,0.059092,0.162470,0.086806,0.714000
2015-02-10,0.099118,0.048707,0.013443,0.113928,0.060000
2015-02-11,0.072126,0.050793,0.183680,0.047143,0.555000
2015-02-12,0.160439,0.094308,0.224261,0.017441,0.219000
2015-02-13,0.218235,0.126022,0.411328,-0.017061,1.074000
2015-02-14,0.631066,0.177093,0.281461,0.014459,3.114000
2015-02-15,0.375891,0.155235,0.352121,0.051524,0.216000
2015-02-16,0.238316,0.151845,0.088966,0.071906,0.186000
2015-02-17,0.514650,0.181325,0.464214,0.117544,2.928000
2015-02-18,0.485285,0.251577,0.383690,0.085975,0.078000
2015-02-19,0.159636,0.295242,0.467555,0.073664,0.147000
2015-02-20,0.190313,0.309542,0.232923,0.107994,0.315000
2015-02-21,0.038371,0.265325,0.052412,0.078882,0.000000
2015-02-22,0.026600,0.296802,0.111733,0.071414,0.000000
2015-02-23,0.274721,0.239741,0.451078,0.109500,1.584000
2015-02-24,1.314771,0.348509,0.422652,0.116428,6.387000
2015-02-25,0.331969,0.158087,0.091955,0.085642,0.075000
2015-02-26,0.187910,0.202240,0.169865,0.094753,0.051000
2015-02-27,0.039541,0.222251,0.093403,0.121153,0.000000
2015-02-28,0.027193,0.332928,0.085135,0.018767,0.000000
2015-03-01,0.114769,0.277728,0.183674,0.085812,0.303000
2015-03-02,0.060086,0.165788,0.067633,0.123192,0.000000
2015-03-03,0.007772,0.045189,0.103972,0.072991,0.000000
2015-03-04,0.009472,0.052870,0.187220,0.020280,0.000000
2015-03-05,0.019279,0.088843,0.219113,0.048904,0.000000
2015-03-06,0.094834,0.181377,0.148313,0.086214,0.147000
2015-03-07,0.037293,0.130908,0.047464,0.113332,0.000000
2015-03-08,0.098154,0.203193,0.060422,0.152166,0.405000
2015-03-09,1.141375,0.463035,0.443571,0.072341,5.877000
2015-03-10,0.811203,0.324347,0.343673,0.124472,1.191000
2015-03-11,0.293168,0.168090,0.321303,0.060464,0.675000
2015-03-12,0.489209,0.189857,0.301222,0.108136,2.118000
2015-03-13,0.306811,0.344606,0.237771,0.092082,0.000000
2015-03-14,0.101271,0.402469,0.332842,0.070925,0.588000
2015-03-15,0.135344,0.140395,0.115813,0.178725,0.075000
2015-03-16,0.046512,0.114545,0.127614,0.173659,0.000000
2015-03-17,0.018772,0.076849,0.209179,0.125600,0.000000
2015-03-18,0.016238,0.087944,0.242576,0.126000,0.000000
2015-03-19,0.016707,0.083564,0.244409,0.229590,0.000000
2015-03-20,0.019156,0.100947,0.255480,0.181539,0.000000
2015-03-21,0.015656,0.081689,0.279331,0.138434,0.000000
2015-03-22,0.029650,0.120837,0.330146,0.164370,0.000000
2015-03-23,0.036103,0.152465,0.190190,0.187880,0.000000
2015-03-24,0.036888,0.175861,0.341831,0.150016,0.087000
2015-03-25,0.504306,0.442483,0.320458,0.156277,1.410000
2015-03-26,0.232505,0.418992,0.072777,0.228063,0.000000
2015-03-27,0.095381,0.227277,0.045960,0.302311,0.000000
2015-03-28,0.160588,0.325022,0.006691,0.206220,0.120000
2015-03-29,0.090299,0.409158,0.044320,0.143365,0.000000
2015-03-30,0.088737,0.933995,0.062020,0.189154,0.000000
2015-03-31,0.413613,2.222693,0.463537,0.209221,0.765000
2015-04-01,0.142603,1.158589,0.451579,0.183108,0.195000
2015-04-02,0.051990,0.891018,0.403159,0.360894,0.000000
2015-04-03,0.041784,0.703034,0.386602,0.226137,0.000000
2015-04-04,0.038492,0.506491,0.164159,0.126777,0.000000
2015-04-05,0.042072,0.513973,0.222620,0.294300,0.000000
2015-04-06,0.054247,0.543165,0.107596,0.225815,0.000000
2015-04-07,0.064164,0.542751,0.046123,0.178883,0.000000
2015-04-08,0.086479,0.444288,0.036730,0.211373,0.000000
2015-04-09,0.184278,0.461774,0.207107,0.593190,0.000000
2015-04-10,0.313652,1.458735,0.496169,0.521045,0.000000
2015-04-11,0.424478,1.656857,0.835990,0.354883,0.186000
2015-04-12,0.930231,1.095288,1.222078,0.207495,3.213000
2015-04-13,0.456621,1.088055,1.048518,0.203826,0.180000
2015-04-14,0.226029,0.620698,0.910861,0.063014,0.687000
2015-04-15,0.415546,0.832553,0.530763,0.297433,0.120000
2015-04-16,0.381498,0.985044,1.530044,0.371768,0.000000
2015-04-17,0.456772,0.965744,1.508321,0.335255,0.000000
2015-04-18,0.558579,0.939529,2.190756,0.370823,0.000000
2015-04-19,0.708422,0.958039,2.244521,0.394671,0.000000
2015-04-20,0.801398,1.076446,2.676092,0.342902,0.000000
2015-04-21,0.977585,1.160293,1.720681,0.197343,1.545000
2015-04-22,1.622040,1.029612,1.350579,0.109819,13.137000
2015-04-23,1.879440,1.012971,2.485045,0.196806,6.918000
2015-04-24,0.655216,1.037775,3.325872,0.245761,0.000000
2015-04-25,0.460563,0.700122,3.591775,0.238337,0.000000
2015-04-26,0.750082,0.984567,3.841819,0.339043,0.000000
2015-04-27,0.885657,1.089037,3.265055,0.340137,0.489000
2015-04-28,0.901332,1.320427,1.743024,0.293931,1.932000
2015-04-29,1.391628,1.555009,4.677552,0.453111,3.492000
2015-04-30,1.367533,1.485575,2.643594,0.344710,0.603000
2015-05-01,0.932234,1.247647,1.683216,0.239589,1.155000
2015-05-02,0.782576,1.082173,1.493249,0.233054,0.483000
2015-05-03,0.824302,1.065093,1.194823,0.294146,0.909000
2015-05-04,0.714537,1.017302,1.273790,0.220726,0.330000
2015-05-05,0.727448,0.944107,1.227450,0.301143,0.000000
2015-05-06,0.895166,1.128374,1.141622,0.508420,0.084000
2015-05-07,0.933826,1.266027,1.213355,0.445382,0.000000
2015-05-08,1.234657,1.641304,1.143424,0.177597,0.633000
2015-05-09,1.413209,1.507015,1.175794,NaN,0.000000
2015-05-10,1.855973,1.726158,0.877155,NaN,0.000000
2015-05-11,1.905012,1.628059,1.065745,NaN,0.000000
2015-05-12,2.083318,1.715014,1.030949,NaN,0.000000
2015-05-13,1.676749,1.675596,0.890593,NaN,0.000000
2015-05-14,2.084711,1.624993,0.998940,NaN,0.000000
2015-05-15,1.137283,1.320082,0.450887,NaN,0.177000
2015-05-16,0.830444,0.979799,0.603460,NaN,0.000000
2015-05-17,1.635358,1.447360,0.706760,NaN,0.000000
2015-05-18,2.081232,1.485356,0.747407,NaN,0.000000
2015-05-19,2.304001,1.317493,0.746132,NaN,0.000000
2015-05-20,2.277153,1.236369,0.720921,NaN,0.000000
2015-05-21,2.153109,1.311502,0.670964,NaN,0.000000
2015-05-22,2.053802,1.676610,0.766219,NaN,0.456000
2015-05-23,2.377259,1.436109,0.898727,NaN,0.000000
2015-05-24,2.392331,1.966834,0.776317,NaN,0.528000
2015-05-25,1.534425,1.406897,1.076139,3.617133,0.000000
2015-05-26,1.448648,1.459352,0.833227,1.919182,0.000000
2015-05-27,1.228399,1.276326,1.249503,3.212996,0.000000
2015-05-28,1.060042,1.269658,1.148582,3.268732,0.000000
2015-05-29,1.784907,1.562411,1.361856,3.325648,0.000000
2015-05-30,2.188228,1.616174,1.381634,2.961386,0.000000
2015-05-31,1.231328,1.398806,0.808174,1.388629,1.167000
2015-06-01,0.740786,1.137203,1.207127,2.525123,0.234000
2015-06-02,1.126963,1.372401,1.038839,1.090216,2.124000
2015-06-03,0.645824,1.048099,1.169131,1.988505,0.000000
2015-06-04,2.492766,2.328686,2.659479,3.312148,2.097000
2015-06-05,2.812459,2.561569,2.526266,2.943783,0.000000
2015-06-06,2.461064,2.443550,2.239766,3.092476,0.000000
2015-06-07,1.951027,2.107143,1.617736,2.547157,0.093000
2015-06-08,1.683680,1.729993,1.238408,1.061081,3.183000
2015-06-09,2.051627,2.546389,2.682836,3.161857,1.230000
2015-06-10,2.718500,2.380550,2.464365,2.988891,0.000000
2015-06-11,2.100429,2.572956,1.421008,1.479677,0.870000
2015-06-12,3.118310,4.028265,2.557092,2.130964,3.501000
2015-06-13,1.681902,2.627225,2.381295,1.718395,1.170000
2015-06-14,1.508800,1.866540,2.215499,2.637096,0.054000
2015-06-15,1.575945,1.627379,1.381503,1.682401,0.672000
2015-06-16,1.671378,2.349062,1.841317,2.365203,1.293000
2015-06-17,1.752010,1.400102,2.013791,3.253333,0.000000
2015-06-18,1.422121,1.087185,1.245866,1.590054,0.000000
2015-06-19,1.793794,1.007166,1.827125,2.921332,0.000000
2015-06-20,2.305756,1.180417,1.750660,2.920339,0.297000
2015-06-21,2.286738,1.512997,1.677271,2.680544,0.633000
2015-06-22,2.682683,1.239950,1.755147,3.022670,0.438000
2015-06-23,3.008320,0.800547,1.792592,3.343716,0.000000
2015-06-24,2.855820,0.719594,1.414127,2.724701,0.000000
2015-06-25,2.656989,1.007505,1.094363,2.407497,0.378000
2015-06-26,3.285373,2.156717,1.695565,2.824697,2.433000
2015-06-27,3.005184,1.416157,1.527824,3.366841,0.000000
2015-06-28,2.783177,0.644187,1.337412,3.159489,0.000000
2015-06-29,2.923974,0.546252,1.157036,2.790059,0.000000
2015-06-30,2.526963,0.502116,1.038825,2.355643,0.000000
2015-07-01,2.705872,0.467129,1.085300,2.742330,0.000000
2015-07-02,2.754638,0.457584,0.874933,1.890401,0.000000
2015-07-03,2.282476,0.821398,0.753761,2.068653,0.807000
2015-07-04,2.633462,1.664795,1.139159,3.280979,1.017000
2015-07-05,2.484965,1.125450,0.977535,2.981915,1.335000
2015-07-06,2.047233,2.092389,1.270045,2.266128,1.938000
2015-07-07,2.573697,0.876816,1.326876,3.128564,0.000000
2015-07-08,2.165359,1.508786,0.965837,1.741841,0.948000
2015-07-09,1.196779,0.772417,0.668761,1.285856,0.468000
2015-07-10,1.500107,0.411096,1.031066,1.676347,0.000000
2015-07-11,2.110254,0.339449,1.072565,1.693675,0.000000
2015-07-12,2.394982,1.453152,0.894629,0.647866,1.572000
2015-07-13,3.292223,3.310211,4.528280,2.285883,16.386000
2015-07-14,3.085719,3.667564,2.487389,1.035029,3.129000
2015-07-15,4.874483,4.781196,4.141187,1.188852,13.965000
2015-07-16,3.595422,4.306940,2.936041,1.927005,5.727000
2015-07-17,2.354417,3.177888,3.819029,2.803036,0.000000
2015-07-18,3.704518,4.185328,3.534252,2.353466,5.547000
2015-07-19,4.934777,4.829159,3.682931,1.986593,8.904000
2015-07-20,2.335917,3.529678,3.642091,2.315521,1.392000
2015-07-21,1.904745,2.744892,2.446772,1.578688,0.252000
2015-07-22,1.508447,2.171281,1.861267,1.995679,0.000000
2015-07-23,1.736656,2.514181,1.619961,1.038846,0.753000
2015-07-24,2.391073,3.743096,1.788894,1.904033,2.538000
2015-07-25,1.995493,2.436435,1.145178,0.692031,4.260000
2015-07-26,4.192987,3.438926,2.939107,1.495634,8.430000
2015-07-27,2.772645,3.502790,3.863848,2.556519,2.478000
2015-07-28,2.151584,3.067138,2.782953,1.814089,0.231000
2015-07-29,2.570874,3.111650,2.308362,2.281818,3.717000
2015-07-30,3.841809,3.792359,3.290586,1.833091,7.458000
2015-07-31,3.312319,4.047713,3.508223,1.956856,4.350000
2015-08-01,2.154236,3.556664,2.747086,1.946405,1.500000
2015-08-02,2.473349,3.099180,2.639048,1.130417,3.117000
2015-08-03,2.288222,2.680939,3.758032,1.698106,6.400000
2015-08-04,2.783959,2.679553,3.696220,2.076910,0.000000
2015-08-05,3.062163,2.574284,2.848534,2.475239,0.000000
2015-08-06,2.996459,2.291371,2.241629,2.518402,0.000000
2015-08-07,1.862542,1.829177,2.069102,1.715400,0.000000
2015-08-08,1.659632,1.500511,1.735815,1.784243,0.000000
2015-08-09,2.470528,1.298771,1.850756,2.240484,0.000000
2015-08-10,2.679306,1.042435,1.936580,2.900224,0.000000
2015-08-11,2.613030,0.869883,1.742483,2.836452,0.000000
2015-08-12,2.024224,1.601259,1.628972,1.301529,3.200000
2015-08-13,1.475275,1.460439,1.442950,0.914380,2.900000
2015-08-14,2.539083,2.455458,3.164889,2.126169,6.300000
2015-08-15,1.551531,1.818865,2.280453,1.996442,0.000000
2015-08-16,1.944879,1.687869,1.992843,2.833168,0.000000
2015-08-17,1.791610,1.407159,1.215194,1.222640,1.689000
2015-08-18,1.394255,1.855864,1.008654,1.637929,0.702000
2015-08-19,1.691084,1.945809,1.394094,1.851706,4.000000
2015-08-20,1.254444,1.238081,2.226145,2.465628,0.000000
2015-08-21,1.326559,1.179498,1.575510,2.103245,0.000000
2015-08-22,1.275870,1.079798,1.244532,1.590918,0.000000
2015-08-23,1.344114,1.452090,0.824492,0.739446,1.400000
2015-08-24,0.742227,0.844826,0.821266,0.799774,0.000000
2015-08-25,1.810055,1.716302,1.785900,1.675725,4.800000
2015-08-26,1.776294,1.296005,1.784411,2.066022,0.000000
2015-08-27,1.498249,1.213733,1.211325,1.969231,0.000000
2015-08-28,1.254533,0.977600,1.170972,1.385365,0.000000
2015-08-29,1.132177,0.858570,1.100778,1.114203,0.000000
2015-08-30,1.893020,1.415684,1.272118,1.669799,1.600000
2015-08-31,1.230888,1.024583,0.975237,0.698471,5.200000
2015-09-01,2.013047,1.964466,2.001060,1.089671,8.000000
2015-09-02,1.336678,1.712584,1.972015,1.090668,1.900000
2015-09-03,0.601442,1.472186,1.167127,0.594846,1.300000
2015-09-04,0.940128,1.103382,1.409782,1.312505,0.000000
2015-09-05,1.261150,1.395283,1.631941,1.376785,0.000000
2015-09-06,0.666326,1.072504,1.030399,0.726022,0.000000
2015-09-07,0.786466,1.022826,1.071769,0.821486,0.100000
2015-09-08,0.872144,1.016640,1.114550,1.313273,0.000000
2015-09-09,1.116240,1.071140,0.954227,1.298234,0.000000
2015-09-10,1.431851,1.058794,1.181197,1.919290,0.000000
2015-09-11,1.551997,0.933141,1.086829,2.507003,0.000000
2015-09-12,0.900247,0.625835,0.733408,0.973614,0.000000
2015-09-13,0.581374,0.417469,0.694958,0.768462,0.000000
2015-09-14,0.776686,0.409725,0.802288,1.045820,0.000000
2015-09-15,0.868910,0.400586,0.552891,1.095157,0.000000
2015-09-16,0.803921,0.375691,0.546189,0.978409,0.000000
2015-09-17,0.829452,0.426948,0.561097,1.036870,0.100000
2015-09-18,0.919754,0.353754,0.570457,1.120683,0.000000
2015-09-19,0.953760,0.628543,0.740238,1.281392,0.800000
2015-09-20,2.333410,1.761135,1.646973,0.875096,11.900000
2015-09-21,0.882648,1.127858,1.426003,0.682278,1.200000
2015-09-22,0.479981,0.606621,0.880268,0.549905,0.000000
2015-09-23,0.895725,0.885051,0.857375,0.410094,7.500000
2015-09-24,0.465040,0.704795,1.250586,0.574364,0.200000
2015-09-25,1.431472,1.220937,1.948860,1.066084,7.900000
2015-09-26,0.507001,0.675311,0.789495,0.551576,0.000000
2015-09-27,1.142599,1.198538,1.364289,0.835122,3.100000
2015-09-28,0.500835,0.585000,0.526790,0.391899,0.000000
2015-09-29,0.804998,1.000328,0.723449,0.742848,0.000000
2015-09-30,0.915448,1.209662,0.333622,1.192152,0.000000
2015-10-01,0.522702,0.708765,0.698226,0.528554,0.000000
2015-10-02,0.501869,0.509211,1.188893,0.856331,0.000000
2015-10-03,0.396915,0.493995,0.588475,0.408051,0.000000
2015-10-04,0.429181,0.538408,0.474619,0.553089,0.000000
2015-10-05,0.466210,0.585728,0.660070,0.398992,0.000000
2015-10-06,0.426466,0.563993,0.527054,0.385056,0.000000
2015-10-07,0.308829,0.415511,0.450376,0.244705,0.000000
2015-10-08,0.250733,0.288624,0.479984,0.118421,0.000000
2015-10-09,0.296708,0.276075,0.526046,0.109827,0.000000
2015-10-10,1.031975,0.857945,0.689470,0.189426,10.200000
2015-10-11,0.870858,0.806049,0.457962,0.214044,1.700000
2015-10-12,0.905730,0.852621,0.610648,0.263164,2.500000
2015-10-13,0.809643,1.205000,1.096376,0.488173,9.400000
2015-10-14,0.510806,0.609272,0.711456,0.084241,0.000000
2015-10-15,0.400771,0.493335,0.605096,0.110430,0.000000
2015-10-16,0.306032,0.406393,0.467136,0.144098,0.000000
2015-10-17,0.305339,0.392780,0.365238,0.127482,0.000000
2015-10-18,0.302521,0.397708,0.553302,0.153722,0.000000
2015-10-19,0.393174,0.604277,0.527422,0.160577,0.400000
2015-10-20,0.459870,0.763840,0.629627,0.267853,0.700000
2015-10-21,0.287626,0.352367,0.294000,0.139462,0.300000
2015-10-22,0.333233,0.388178,0.363955,0.164901,1.800000
2015-10-23,0.607809,0.686007,0.463094,0.182524,1.500000
2015-10-24,0.632010,0.669453,0.433118,0.233259,1.600000
2015-10-25,0.640657,0.758645,0.393480,0.203958,0.100000
2015-10-26,0.370138,0.507619,0.441640,0.220051,1.400000
2015-10-27,0.548863,0.772481,0.491278,0.170309,1.000000
2015-10-28,0.251146,0.402488,0.238557,0.164380,0.000000
2015-10-29,0.130893,0.246778,0.262799,0.113271,0.000000
2015-10-30,0.104512,0.237688,0.254276,0.104059,0.000000
2015-10-31,0.085832,0.219958,0.221124,0.211882,0.000000
2015-11-01,0.132222,0.277534,0.126221,0.146750,0.297000
2015-11-02,0.318475,0.463283,0.081695,0.071801,0.528000
2015-11-03,0.052504,0.166950,0.075359,0.016231,0.000000
2015-11-04,0.024688,0.108710,0.056026,0.045482,0.000000
2015-11-05,0.032733,0.122070,0.046579,0.072442,0.000000
2015-11-06,0.057291,0.192588,0.045120,0.051235,0.100000
2015-11-07,0.131844,0.283433,0.010642,0.080062,0.100000
2015-11-08,0.042970,0.137273,0.004994,0.057789,0.000000
2015-11-09,0.066831,0.230683,0.007304,0.092969,0.100000
2015-11-10,0.076861,0.170168,0.004990,0.036335,0.000000
2015-11-11,0.049915,0.183076,0.027041,0.052387,0.000000
2015-11-12,0.033224,0.111565,0.005900,0.014592,0.000000
2015-11-13,0.030491,0.108891,0.018313,-0.039244,0.000000
2015-11-14,0.020080,0.079454,0.021657,-0.021798,0.000000
2015-11-15,0.023582,0.093883,0.039788,-0.025899,0.000000
2015-11-16,0.021893,0.086326,0.029075,0.035705,0.000000
2015-11-17,0.021414,0.083957,0.036501,-0.012515,0.000000
2015-11-18,0.017261,0.067363,0.033725,-0.087313,0.000000
2015-11-19,0.011443,0.045633,0.027046,-0.087650,0.000000
2015-11-20,0.007989,0.030895,0.028136,-0.083617,0.000000
2015-11-21,0.118147,0.098483,0.030480,0.045808,0.700000
2015-11-22,0.210026,0.359157,0.027374,0.100907,0.000000
2015-11-23,0.020601,0.162989,0.030323,-0.010557,0.000000
2015-11-24,0.010931,0.045400,0.017970,-0.099547,0.000000
2015-11-25,0.011860,0.044739,0.005289,-0.015793,0.000000
2015-11-26,0.026769,0.083769,0.016308,0.076156,0.000000
2015-11-27,0.086277,0.223573,0.020232,0.176507,0.100000
2015-11-28,0.037098,0.110462,0.019129,0.066852,0.000000
2015-11-29,0.091043,0.332369,0.068777,0.217577,8.700000
2015-11-30,0.542864,0.805506,0.027762,0.111334,1.900000
2015-12-01,0.129870,0.373275,0.016009,0.000567,0.100000
2015-12-02,0.032172,0.145283,0.021567,0.064039,0.000000
2015-12-03,0.017694,0.127918,0.020930,0.031746,0.000000
2015-12-04,0.014842,0.106548,0.052215,0.114162,0.000000
2015-12-05,0.011360,0.081274,0.008690,-0.007709,0.000000
2015-12-06,0.006768,0.046403,0.017592,0.045836,0.000000
2015-12-07,0.012559,0.080520,0.032192,0.052358,0.000000
2015-12-08,0.008710,0.058424,0.026593,0.029954,0.000000
2015-12-09,0.012691,0.078629,0.028733,0.058349,0.000000
2015-12-10,0.006838,0.049678,0.020748,0.019218,0.000000
2015-12-11,0.009980,0.066480,0.019692,0.060068,0.000000
2015-12-12,0.013337,0.074306,0.011283,0.038646,0.000000
2015-12-13,0.015255,0.092681,0.030627,0.053365,0.000000
2015-12-14,0.009249,0.064863,0.029568,0.018794,0.000000
2015-12-15,0.008729,0.049643,0.020366,0.027250,0.000000
2015-12-16,0.010098,0.063078,0.021159,0.032270,0.000000
2015-12-17,0.004606,0.030747,0.012793,0.009479,0.000000
2015-12-18,0.004318,0.028236,0.018796,0.057369,0.000000
2015-12-19,0.004666,0.030322,0.022077,0.053185,0.000000
2015-12-20,0.004343,0.028257,0.014447,0.053073,0.000000
2015-12-21,0.006641,0.033844,0.002115,0.013532,0.000000
2015-12-22,0.009821,0.050134,0.003168,0.036483,0.000000
2015-12-23,0.011680,0.061548,0.018193,0.036121,0.000000
2015-12-24,0.141400,0.133013,0.014964,0.083575,0.906000
2015-12-25,0.108782,0.125001,0.019018,0.140917,0.123000
2015-12-26,0.047616,0.070884,0.012588,0.099415,0.000000
2015-12-27,0.083039,0.096733,0.014545,0.082171,0.378000
2015-12-28,0.077990,0.095401,0.021886,0.072716,0.000000
2015-12-29,0.027075,0.130312,0.015094,0.018807,0.000000
2015-12-30,0.026321,0.102783,0.039193,0.033477,0.000000
2015-12-31,0.248920,0.290394,NaN,0.230987,7.200000
2016-01-01,0.119116,0.632815,0.026650,0.164727,3.700000
2016-01-02,0.099364,0.181094,0.002476,0.047463,0.000000
2016-01-03,0.043572,0.262836,0.020069,0.158917,0.000000
2016-01-04,0.018447,0.124211,0.003516,-0.014039,0.000000
2016-01-05,0.009887,0.064274,0.029446,0.089212,0.000000
2016-01-06,0.007620,0.049835,0.043331,0.079836,0.000000
2016-01-07,0.007880,0.046176,0.048097,0.075599,0.000000
2016-01-08,0.007872,0.049311,0.058312,0.013473,0.000000
2016-01-09,0.005925,0.037061,0.040712,0.014557,0.000000
2016-01-10,0.009017,0.052813,0.043790,0.007139,0.000000
2016-01-11,0.007988,0.049293,0.035050,-0.005700,0.000000
2016-01-12,0.008952,0.054064,0.075861,0.037264,0.000000
2016-01-13,0.009293,0.059859,0.076784,0.041345,0.000000
2016-01-14,0.008082,0.053797,0.053108,0.016081,0.000000
2016-01-15,0.019202,0.066313,0.057547,0.009668,0.066000
2016-01-16,0.017521,0.039990,0.062932,0.038973,0.000000
2016-01-17,0.005154,0.030834,0.050080,-0.002057,0.000000
2016-01-18,0.006431,0.037757,0.045522,-0.010079,0.000000
2016-01-19,0.014481,0.055010,0.056476,-0.016232,0.052000
2016-01-20,0.161798,0.118870,0.066560,-0.002824,0.741000
2016-01-21,0.108329,0.111937,0.051587,-0.016832,0.000000
2016-01-22,0.189454,0.124436,0.062599,0.025819,0.799000
2016-01-23,0.122266,0.125235,0.073500,0.059013,0.000000
2016-01-24,0.041823,0.121483,0.072725,0.006269,0.000000
2016-01-25,0.009586,0.110266,0.069273,-0.006342,0.000000
2016-01-26,0.009042,0.090582,0.040470,0.052123,0.000000
2016-01-27,0.010349,0.056980,0.077490,0.069706,0.000000
2016-01-28,0.011933,0.066347,0.106405,0.096131,0.000000
2016-01-29,0.009347,0.056111,0.109046,0.121392,0.000000
2016-01-30,0.013778,0.079070,0.113130,0.080589,0.000000
2016-01-31,0.008716,0.056441,0.083488,0.041121,0.000000
2016-02-01,0.010205,0.059923,0.103771,0.049989,0.000000
2016-02-02,0.010860,0.064801,0.094294,0.045342,0.000000
2016-02-03,0.008517,0.047892,0.068696,0.042513,0.000000
2016-02-04,0.010271,0.062016,0.155290,0.058105,0.000000
2016-02-05,0.007948,0.050640,0.114769,0.074200,0.000000
2016-02-06,0.009140,0.055757,0.110642,0.025621,0.000000
2016-02-07,0.006141,0.038940,0.083218,0.027944,0.000000
2016-02-08,0.007015,0.044144,0.076597,0.017733,0.000000
2016-02-09,0.009100,0.050406,0.099002,0.083947,0.000000
2016-02-10,0.010804,0.061500,0.102032,0.112209,0.000000
2016-02-11,0.007966,0.053771,0.122569,0.066776,0.000000
2016-02-12,0.009398,0.052213,0.066195,0.044499,0.000000
2016-02-13,0.014291,0.074390,0.158924,0.136490,0.000000
2016-02-14,0.010942,0.067600,0.089065,0.109247,0.000000
2016-02-15,0.012713,0.074853,0.088818,0.079832,0.000000
2016-02-16,0.010338,0.067320,0.106099,0.079999,0.000000
2016-02-17,0.008319,0.057284,0.018046,0.032111,0.000000
2016-02-18,0.007551,0.050290,0.141868,0.086684,0.000000
2016-02-19,0.008159,0.051230,0.142494,0.062759,0.000000
2016-02-20,0.007425,0.045031,0.121612,0.059244,0.000000
2016-02-21,0.012295,0.070812,0.168499,0.033112,0.000000
2016-02-22,0.017461,0.100080,0.126255,0.042331,0.000000
2016-02-23,0.026049,0.121339,0.015919,0.096053,0.000000
2016-02-24,0.024964,0.127249,0.018020,0.084627,0.000000
2016-02-25,0.025995,0.136123,0.001804,0.065413,0.000000
2016-02-26,0.019236,0.133075,0.107422,0.047864,0.000000
2016-02-27,0.010481,0.074465,0.113759,0.081435,0.000000
2016-02-28,0.005860,0.038633,0.067032,0.127683,0.000000
2016-02-29,0.007537,0.060063,0.065084,0.052796,0.000000
2016-03-01,0.010180,0.065509,0.086895,0.094192,0.000000
2016-03-02,0.010655,0.068344,0.039171,0.097142,0.000000
2016-03-03,0.010353,0.059569,0.092763,0.041620,0.000000
2016-03-04,0.009926,0.081752,0.100020,0.125151,0.000000
2016-03-05,0.012917,0.093563,0.087192,0.087705,0.000000
2016-03-06,0.014436,0.088071,0.137851,0.224075,0.000000
2016-03-07,0.013701,0.093204,0.095722,0.189677,0.000000
2016-03-08,0.015002,0.112470,0.141655,0.153527,0.000000
2016-03-09,0.018560,0.107566,0.138974,0.065201,0.000000
2016-03-10,0.017937,0.126334,0.110773,0.086510,0.000000
2016-03-11,0.022220,0.130678,0.128282,0.108145,0.000000
2016-03-12,0.020888,0.128323,0.128501,0.089026,0.000000
2016-03-13,0.021874,0.132763,0.140374,0.078731,0.000000
2016-03-14,0.022636,0.133517,0.144099,0.097754,0.000000
2016-03-15,0.023540,0.141312,0.114668,0.056955,0.000000
2016-03-16,0.025075,0.146549,0.137384,0.089696,0.000000
2016-03-17,0.025112,0.101528,0.102288,0.130483,0.000000
2016-03-18,0.016486,0.115328,0.087924,0.203175,0.000000
2016-03-19,0.018337,0.100524,0.174604,0.353595,0.000000
2016-03-20,0.016871,0.090816,0.144151,0.211562,0.000000
2016-03-21,0.015274,0.091623,0.156342,0.313990,0.000000
2016-03-22,0.015952,0.083321,0.200213,0.202461,0.000000
2016-03-23,0.014141,0.097270,0.174518,0.269941,0.000000
2016-03-24,0.017215,0.118464,0.122255,0.218625,0.000000
2016-03-25,0.021600,0.185653,0.050881,0.200553,0.000000
2016-03-26,0.030661,0.335001,0.008301,0.199160,0.000000
2016-03-27,0.038523,0.609916,0.022438,0.178550,0.000000
2016-03-28,0.048442,0.737698,0.197420,0.395061,0.000000
2016-03-29,0.050931,0.628674,0.351917,0.135903,0.000000
2016-03-30,0.082739,0.967324,0.701106,0.252081,1.000000
2016-03-31,0.393867,0.645755,0.811410,0.175369,1.400000
2016-04-01,0.181539,0.291125,0.418496,0.259666,0.700000
2016-04-02,0.127628,0.150666,0.067197,0.220721,0.200000
2016-04-03,0.021969,0.208526,0.071127,0.289400,0.000000
2016-04-04,0.024874,0.190792,0.078138,0.146187,0.000000
2016-04-05,0.023778,0.161331,0.075962,0.362935,0.000000
2016-04-06,0.022633,0.193697,0.090794,0.371705,0.000000
2016-04-07,0.025322,0.187650,0.060370,0.256143,0.000000
2016-04-08,0.025868,0.183745,0.093748,0.288321,0.000000
2016-04-09,0.025876,0.174130,0.089059,0.304619,0.000000
2016-04-10,0.025605,0.188032,0.086385,0.242401,0.000000
2016-04-11,0.027248,0.201248,0.062125,0.292941,0.000000
2016-04-12,0.029613,0.196446,0.063653,0.153063,0.000000
2016-04-13,0.029737,0.157916,0.089782,0.373146,0.000000
2016-04-14,0.024604,0.241974,0.043131,0.195681,0.000000
2016-04-15,0.038495,0.459769,0.210266,0.418110,0.000000
2016-04-16,0.048279,0.877093,0.627006,0.233776,0.000000
2016-04-17,0.192597,1.509480,2.191611,0.272414,0.200000
2016-04-18,1.087966,1.873496,1.697640,0.149269,12.800000
2016-04-19,1.252694,1.345110,2.260636,1.024647,38.100000
2016-04-20,1.303526,1.317602,1.681982,0.481352,5.300000
2016-04-21,0.717192,1.013998,1.641475,0.619472,1.400000
2016-04-22,0.184685,0.846890,1.118517,0.591268,0.000000
2016-04-23,0.159834,0.758417,0.882017,0.421902,0.000000
2016-04-24,0.176772,0.866744,0.610204,0.303992,0.000000
2016-04-25,0.244153,1.047890,1.109383,0.230110,0.000000
2016-04-26,0.366284,1.019139,1.596315,0.105199,0.000000
2016-04-27,0.509250,1.289288,1.924336,0.222236,0.000000
2016-04-28,0.800144,1.477668,1.998092,0.395016,0.000000
2016-04-29,0.928845,1.328975,1.387813,0.285841,0.000000
2016-04-30,0.947826,1.528046,1.554737,1.411233,0.000000
2016-05-01,1.033749,1.759728,1.339621,1.424323,0.000000
2016-05-02,1.339063,1.824262,1.280187,1.768714,0.000000
2016-05-03,1.383924,1.626557,1.096906,1.826721,0.000000
2016-05-04,1.538845,1.559224,0.849297,0.899710,8.700000
2016-05-05,1.237025,1.509062,2.396671,2.280862,0.600000
2016-05-06,1.038989,1.617223,1.637407,1.884507,0.000000
2016-05-07,1.015971,1.304251,1.645045,2.571974,0.000000
2016-05-08,0.826385,1.034287,1.293417,2.474742,0.000000
2016-05-09,0.781837,1.318457,1.124475,2.588646,0.000000
2016-05-10,0.841028,1.460537,0.969084,1.703960,0.000000
2016-05-11,0.891684,1.586100,0.925397,2.019454,0.000000
2016-05-12,0.964291,1.688954,0.818267,2.253258,0.000000
2016-05-13,1.108802,1.762595,0.984283,2.745554,0.000000
2016-05-14,1.235848,1.771968,0.929198,2.677941,0.000000
2016-05-15,1.374511,1.524858,1.002364,3.010291,0.000000
2016-05-16,1.026193,1.077637,0.671528,1.591649,0.000000
2016-05-17,0.693644,1.370034,0.389758,0.805708,0.000000
2016-05-18,1.418019,1.044505,0.417557,0.841275,1.700000
2016-05-19,0.656699,1.373530,0.788460,2.347946,0.000000
2016-05-20,0.756234,1.710341,0.799613,1.995521,0.000000
2016-05-21,1.049235,1.787004,0.772345,2.272539,0.000000
2016-05-22,1.300144,1.902972,1.064367,2.781603,0.000000
2016-05-23,1.260844,1.667895,0.919719,1.499680,0.000000
2016-05-24,2.154398,1.649786,1.012463,1.322513,5.400000
2016-05-25,0.926243,1.577373,1.767902,2.084089,0.000000
2016-05-26,1.383706,1.442631,1.083994,0.836995,4.500000
2016-05-27,1.186091,1.275598,1.597233,1.473102,1.000000
2016-05-28,0.893783,1.844892,1.476095,1.448477,0.500000
2016-05-29,2.382147,1.260755,2.237776,0.896786,12.400001
2016-05-30,0.975987,1.531636,1.884671,1.096870,0.800000
2016-05-31,0.986162,2.340066,2.466370,1.928697,0.000000
2016-06-01,1.536258,2.441324,3.106943,2.623184,0.100000
2016-06-02,1.662531,2.381010,2.208305,2.066377,0.000000
2016-06-03,1.426823,2.376707,1.853232,1.813509,0.300000
2016-06-04,1.764746,2.890311,1.910299,1.722837,2.900000
2016-06-05,2.323942,2.679540,4.659587,3.493454,8.500000
2016-06-06,2.084715,2.654708,2.900214,2.757401,0.000000
2016-06-07,1.849535,2.494723,2.570165,2.619156,0.000000
2016-06-08,1.568773,2.719725,2.163249,2.137535,0.000000
2016-06-09,2.082599,2.670480,2.596223,3.140323,0.000000
2016-06-10,2.567971,2.667848,2.481016,3.462285,0.000000
2016-06-11,2.670692,2.379117,1.892558,2.891053,0.000000
2016-06-12,2.301974,2.374063,1.983131,2.510962,0.000000
2016-06-13,1.824644,3.170590,1.426189,2.284998,0.500000
2016-06-14,2.547460,2.165138,1.977679,2.169571,5.000000
2016-06-15,1.229696,3.093494,1.607118,1.687452,0.100000
2016-06-16,3.711316,2.976311,4.322311,3.075520,13.900000
2016-06-17,2.273950,2.648705,4.331413,2.606016,8.000000
2016-06-18,1.998366,3.075647,4.420114,3.144568,0.000000
2016-06-19,2.701974,2.855114,3.004428,2.899401,0.000000
2016-06-20,3.663740,2.988442,3.070127,3.327308,0.000000
2016-06-21,2.840456,2.979530,2.304296,3.358757,0.000000
2016-06-22,2.417899,2.831639,2.074059,2.556264,0.000000
2016-06-23,2.391630,2.587410,2.372697,2.759514,0.000000
2016-06-24,2.400533,2.800824,2.081686,2.757673,0.000000
2016-06-25,2.243137,3.321548,2.800505,2.623262,5.500000
2016-06-26,2.744185,3.229607,3.037984,2.481571,3.800000
2016-06-27,3.068021,3.160419,3.535846,3.955437,1.600000
2016-06-28,3.278951,3.145046,2.680857,2.786164,0.000000
2016-06-29,3.512334,3.031341,2.496487,3.096005,1.900000
2016-06-30,2.775362,3.343570,2.166143,2.238444,0.000000
2016-07-01,2.731439,3.376439,3.473144,2.224332,8.000000
2016-07-02,2.856000,2.988563,3.076416,3.022441,0.800000
2016-07-03,2.868829,2.972312,2.702127,3.032771,0.000000
2016-07-04,2.781678,3.068183,2.112979,2.166587,0.000000
2016-07-05,3.122242,2.685369,2.476718,3.014620,1.600000
2016-07-06,2.815722,2.258154,1.980960,2.248631,0.000000
2016-07-07,2.424667,1.670634,1.897716,2.323225,0.000000
2016-07-08,1.624768,1.551481,1.101649,1.317707,0.000000
2016-07-09,1.974350,1.443983,1.406363,2.173956,0.000000
2016-07-10,2.154171,1.336213,1.073620,1.867955,0.000000
2016-07-11,1.884437,3.728060,1.792912,1.500724,12.199999
2016-07-12,2.806757,2.928338,3.622555,2.471030,0.800000
2016-07-13,2.975294,2.388721,2.862068,2.778725,0.000000
2016-07-14,2.993400,3.189783,2.362535,2.897876,0.000000
2016-07-15,3.592040,2.272489,2.722707,3.132647,4.800000
2016-07-16,2.537903,2.225526,1.928726,2.740075,0.000000
2016-07-17,3.407003,1.905706,1.939858,3.634613,0.000000
2016-07-18,2.319681,1.799461,1.170246,1.909765,0.000000
2016-07-19,1.482355,1.785230,0.861234,1.483126,0.500000
2016-07-20,1.724512,2.410819,1.552464,2.208373,2.800000
2016-07-21,2.214100,1.806876,2.150299,2.879422,3.400000
2016-07-22,1.816392,1.355409,1.677145,2.462341,0.400000
2016-07-23,1.099012,2.499279,0.933697,1.213917,0.000000
2016-07-24,1.896702,2.030805,1.788492,1.224344,8.700000
2016-07-25,1.850179,2.206423,2.381898,2.363517,0.000000
2016-07-26,2.092454,2.102733,2.093062,2.415884,0.200000
2016-07-27,2.412925,1.653552,1.929133,2.258948,0.800000
2016-07-28,2.592636,1.502501,1.671069,2.752177,0.000000
2016-07-29,2.941930,1.058970,1.603554,3.165634,0.000000
2016-07-30,2.135080,2.508519,1.375167,2.045198,0.000000
2016-07-31,2.824831,2.227841,2.936415,2.340476,7.900000
2016-08-01,1.979271,1.562122,1.785157,1.769744,0.400000
2016-08-02,2.186541,1.486469,1.915417,2.440297,0.000000
2016-08-03,2.686834,1.279465,1.533445,2.490163,0.000000
2016-08-04,2.475742,1.146496,1.286151,2.061971,0.000000
2016-08-05,1.680786,0.852733,0.998810,2.049165,0.300000
2016-08-06,1.136033,0.578608,0.608921,0.834200,0.300000
2016-08-07,1.874395,0.540105,1.007545,1.356026,0.000000
2016-08-08,1.930822,0.997420,1.117986,1.547417,0.000000
2016-08-09,1.724367,0.626688,0.625671,1.136582,0.700000
2016-08-10,1.896545,0.453221,0.909167,1.948057,0.000000
2016-08-11,1.924612,1.239879,0.896277,1.981579,0.000000
2016-08-12,2.121754,0.862058,1.107124,2.244668,1.600000
2016-08-13,2.153408,0.534818,0.942555,1.999829,0.000000
2016-08-14,2.392810,0.404930,0.909015,2.504827,0.000000
2016-08-15,2.350301,0.345558,0.853995,2.970600,0.000000
2016-08-16,1.587810,0.322512,0.471211,1.797036,0.000000
2016-08-17,1.446295,0.315277,0.633823,1.758163,0.000000
2016-08-18,1.878070,0.938720,0.693308,1.990627,0.000000
2016-08-19,2.234588,1.695358,0.816152,2.142996,1.100000
2016-08-20,1.902955,2.192510,0.765216,1.012269,3.100000
2016-08-21,2.243902,1.787194,2.014811,1.823252,6.300000
2016-08-22,2.127585,1.414121,2.187985,2.198357,1.300000
2016-08-23,2.165606,1.577010,1.606164,2.091426,0.000000
2016-08-24,1.964374,1.154739,1.663183,2.133127,2.300000
2016-08-25,1.845050,1.398460,1.408658,2.035678,0.000000
2016-08-26,1.398707,1.884170,0.942830,1.063313,1.300000
2016-08-27,1.704880,1.231543,2.082980,1.937451,5.700000
2016-08-28,0.819054,0.942209,1.171302,1.264855,0.200000
2016-08-29,0.728870,0.915671,0.985763,1.337934,0.000000
2016-08-30,0.792289,1.619738,0.649200,0.685621,2.800000
2016-08-31,1.110103,1.597852,0.698943,0.716656,1.500000
2016-09-01,1.934800,1.687241,1.086677,0.867228,4.800000
2016-09-02,1.699023,1.152726,1.451718,1.831629,4.200000
2016-09-03,0.957776,1.312513,2.225015,2.279985,0.000000
2016-09-04,0.960470,1.433863,1.252838,1.427778,0.000000
2016-09-05,1.317751,1.301526,1.455015,2.031925,0.000000
2016-09-06,1.244012,1.021390,1.229103,1.934242,0.000000
2016-09-07,1.002883,1.738062,0.921147,1.361328,0.000000
2016-09-08,1.701886,0.727987,1.767550,1.061566,7.900000
2016-09-09,0.588797,1.775237,1.223391,0.665684,0.000000
2016-09-10,2.018117,1.139032,1.736265,0.738799,13.200000
2016-09-11,0.914948,1.379201,2.258036,1.781519,0.000000
2016-09-12,1.196983,1.275142,1.479729,1.798452,0.000000
2016-09-13,0.808412,1.563837,1.048330,1.124694,0.000000
2016-09-14,1.147988,1.285950,1.846609,1.239336,1.800000
2016-09-15,1.060475,1.667560,1.181955,0.865610,1.300000
2016-09-16,1.370312,1.257321,1.328498,1.746948,0.300000
2016-09-17,0.951817,1.004221,0.980141,1.062472,0.000000
2016-09-18,0.719650,0.863023,0.884679,0.883657,0.000000
2016-09-19,0.609109,0.649624,0.816952,0.527592,0.100000
2016-09-20,0.496500,0.976939,0.581990,0.433168,0.000000
2016-09-21,0.876377,1.157570,0.566777,1.179463,0.100000
2016-09-22,1.401062,1.061027,0.586049,1.865314,0.000000
2016-09-23,1.064842,1.051105,0.566838,1.314409,0.000000
2016-09-24,1.153533,1.108042,0.661411,1.059895,2.900000
2016-09-25,0.888274,0.690245,0.566838,1.238459,0.100000
2016-09-26,0.498728,1.499573,0.665458,0.512840,0.000000
2016-09-27,1.984078,1.046734,1.409117,0.796134,13.200000
2016-09-28,0.916909,0.706814,1.317323,0.958858,0.800000
2016-09-29,0.531168,0.572151,1.179084,0.724832,0.000000
2016-09-30,0.451521,0.406875,1.161506,0.622490,0.000000
2016-10-01,0.324138,0.607843,0.475840,0.404931,0.000000
2016-10-02,0.436553,1.048867,0.678606,0.360765,1.200000
2016-10-03,0.663081,0.448085,1.018917,0.601219,0.800000
2016-10-04,0.343716,0.502014,0.768205,0.443339,0.100000
2016-10-05,0.305505,0.559048,0.444292,0.281853,0.700000
2016-10-06,0.394640,0.366080,0.691383,0.372356,0.100000
2016-10-07,0.274629,0.341357,0.457367,0.355821,0.000000
2016-10-08,0.266744,0.283547,0.441115,0.389043,0.000000
2016-10-09,0.236978,0.379308,0.301415,0.268902,0.000000
2016-10-10,0.272418,0.283498,0.537256,0.298299,0.100000
2016-10-11,0.199308,0.221174,0.353541,0.289774,0.000000
2016-10-12,0.151064,0.254231,0.155042,0.194535,0.000000
2016-10-13,0.154399,0.194473,0.229085,0.259927,0.100000
2016-10-14,0.135569,0.170135,0.202615,0.168937,0.000000
2016-10-15,0.091089,0.177437,0.233446,0.275081,0.000000
2016-10-16,0.081573,0.186362,0.182652,0.110589,0.000000
2016-10-17,0.086331,0.492229,0.201076,0.105910,0.000000
2016-10-18,0.463193,0.424878,0.236184,0.264177,1.900000
2016-10-19,0.240118,0.196851,0.171702,0.196856,0.000000
2016-10-20,0.067366,0.176981,0.079373,0.059893,0.000000
2016-10-21,0.062068,0.177754,0.080316,0.069024,0.000000
2016-10-22,0.064686,0.195546,0.076862,0.043880,0.000000
2016-10-23,0.069541,0.217223,0.073773,0.029453,0.000000
2016-10-24,0.081895,0.209220,0.106683,0.097484,0.000000
2016-10-25,0.074946,0.291511,0.097386,0.036060,0.000000
2016-10-26,0.083900,0.447580,0.108228,0.075479,0.500000
2016-10-27,0.299406,0.803280,0.138021,0.101125,0.600000
2016-10-28,0.390977,0.240145,0.290355,0.347433,0.400000
2016-10-29,0.100952,0.163958,0.239379,0.152545,0.000000
2016-10-30,0.059148,0.126515,0.119319,0.109634,0.000000
2016-10-31,0.045748,0.085581,0.063386,0.119947,0.000000
2016-11-01,0.032665,0.112495,0.005768,0.036101,0.000000
2016-11-02,0.071893,0.409585,0.006899,0.198872,0.200000
2016-11-03,0.178361,0.174798,0.020643,0.149548,0.500000
2016-11-04,0.150717,0.111470,0.009399,0.020776,0.000000
2016-11-05,0.047372,0.086778,0.020758,0.080415,0.000000
2016-11-06,0.033824,0.072052,0.011077,-0.030748,0.000000
2016-11-07,0.028890,0.162774,0.012148,-0.009104,0.000000
2016-11-08,0.206389,0.497304,0.011412,0.018979,2.800000
2016-11-09,0.484019,0.400092,0.052730,0.069014,1.100000
2016-11-10,0.120470,0.263938,0.007960,-0.006775,0.100000
2016-11-11,0.092815,0.262183,0.005295,0.120338,0.000000
2016-11-12,0.086710,0.206625,0.001076,0.121248,0.000000
2016-11-13,0.066074,0.218713,0.002800,0.005133,0.000000
2016-11-14,0.107997,0.359536,0.008345,0.026597,0.700000
2016-11-15,0.252867,0.173180,0.001279,-0.060196,0.000000
2016-11-16,0.045502,0.089544,0.001344,0.093458,0.000000
2016-11-17,0.022378,0.095468,0.003175,0.144951,0.000000
2016-11-18,0.022972,0.045031,0.004755,0.107849,0.000000
2016-11-19,0.010975,0.074640,0.003898,0.072772,0.000000
2016-11-20,0.017189,0.076331,0.009774,0.099774,0.000000
2016-11-21,0.017565,0.033067,0.008812,0.036216,0.000000
2016-11-22,0.007717,0.050161,0.003464,0.030830,0.000000
2016-11-23,0.011941,0.034924,0.005932,0.029268,0.000000
2016-11-24,0.008047,0.102641,0.004330,-0.024536,0.000000
2016-11-25,0.059377,0.198168,0.010380,0.014497,0.252000
2016-11-26,0.116869,0.029870,0.013967,-0.008690,0.147000
2016-11-27,0.023913,0.038332,0.010942,0.036923,0.000000
2016-11-28,0.009906,0.037389,0.004078,-0.011893,0.000000
2016-11-29,0.009258,0.047150,0.007664,0.076011,0.000000
2016-11-30,0.012336,0.048351,0.010346,0.125636,0.000000
2016-12-01,0.011706,0.047162,0.007495,0.078984,0.000000
2016-12-02,0.011751,0.159547,0.009147,0.023562,0.000000
2016-12-03,0.110647,0.259670,0.038776,-0.022819,0.372000
2016-12-04,0.296365,0.194458,0.099962,0.195775,1.290000
2016-12-05,0.270119,0.137682,0.111644,0.189676,1.113000
2016-12-06,0.136069,0.088865,0.005942,0.020196,0.225000
2016-12-07,0.030570,0.081494,0.006299,0.172118,0.000000
2016-12-08,0.023909,0.074247,0.009038,0.146647,0.225000
2016-12-09,0.097090,0.074261,0.011705,0.169568,1.021000
2016-12-10,0.093279,0.121263,0.010001,0.096213,0.075000
2016-12-11,0.264112,0.175587,0.040643,0.204696,1.321000
2016-12-12,0.351262,0.111597,0.022321,0.209923,1.023000
2016-12-13,0.037248,0.103372,0.008082,0.249758,0.000000
2016-12-14,0.008731,0.101247,0.009256,0.211129,0.000000
2016-12-15,0.005660,0.028286,0.003150,0.096395,0.000000
2016-12-16,0.004742,0.043407,0.004122,0.086596,0.000000
2016-12-17,0.020962,0.073724,0.014220,0.098690,0.138000
2016-12-18,0.124359,0.089625,0.038303,0.062149,1.683000
2016-12-19,0.214693,0.091433,0.055958,-0.000239,2.091000
2016-12-20,0.133701,0.108561,0.038533,0.017363,0.045000
2016-12-21,0.134978,0.098425,0.046529,0.145532,0.048000
2016-12-22,0.068156,0.092209,0.054550,0.174631,0.071000
2016-12-23,0.039182,0.085130,0.051438,0.215976,0.000000
2016-12-24,0.059035,0.124062,0.103102,0.279260,0.189000
2016-12-25,0.042791,0.132666,0.090502,0.134115,0.000000
2016-12-26,0.009132,0.030540,0.073946,0.015807,0.000000
2016-12-27,0.007687,0.034804,0.098548,0.060451,0.000000
2016-12-28,0.009994,0.094270,0.075508,0.240063,0.039000
2016-12-29,0.061186,0.104393,0.156972,0.169641,0.321000
2016-12-30,0.105532,NaN,NaN,0.164771,0.216000
2016-12-31,0.178236,0.223538,0.040259,0.171638,0.561000
2017-01-01,0.227250,0.189062,0.260702,0.151073,0.726000
2017-01-02,0.210571,0.225973,0.337717,0.121687,0.174000
2017-01-03,0.096262,0.226483,0.168486,0.132705,0.351000
2017-01-04,0.427494,0.198568,0.081070,0.220553,2.430000
2017-01-05,0.263353,0.146631,0.208915,0.039745,0.324000
2017-01-06,0.114345,0.124422,0.087307,-0.009268,0.144000
2017-01-07,0.031242,0.085381,0.128759,0.019316,0.066000
2017-01-08,0.072600,0.110539,0.072332,-0.025546,0.465000
2017-01-09,0.219463,0.115351,0.073786,-0.046341,0.824000
2017-01-10,0.257557,0.156209,0.067100,0.030837,0.540000
2017-01-11,0.080202,0.091093,0.103469,0.039971,0.481000
2017-01-12,0.081315,0.084862,0.032222,0.008121,0.000000
2017-01-13,0.174653,0.176484,0.139440,-0.005690,0.330000
2017-01-14,0.039408,0.179055,0.073162,0.076489,0.054000
2017-01-15,0.096278,0.175634,0.188275,0.085725,0.100000
2017-01-16,0.010748,0.059916,0.042144,0.044448,0.000000
2017-01-17,0.018537,0.036371,0.098214,0.001937,0.417000
2017-01-18,0.188819,0.118646,0.273197,0.027692,0.651000
2017-01-19,0.367232,0.190432,0.448122,0.153156,1.437000
2017-01-20,0.349740,0.146163,0.005581,0.130374,1.959000
2017-01-21,0.123161,0.077293,0.136657,0.040204,0.000000
2017-01-22,0.122865,0.128351,0.005575,-0.045229,0.000000
2017-01-23,0.027051,0.090271,0.025893,0.000571,0.000000
2017-01-24,0.026885,0.208453,0.035922,0.033955,0.000000
2017-01-25,0.038083,0.122995,0.013997,0.110635,0.000000
2017-01-26,0.033605,0.106052,0.022388,0.140520,0.000000
2017-01-27,0.029554,0.105092,0.052589,0.195424,0.000000
2017-01-28,0.043046,0.125067,0.053672,0.189915,0.100000
2017-01-29,0.076869,0.214766,0.125941,0.093803,0.000000
2017-01-30,0.021096,0.083354,0.002693,0.124151,0.000000
2017-01-31,0.010548,0.043440,0.002247,0.018229,0.000000
2017-02-01,0.017104,0.066504,0.023899,0.000261,0.000000
2017-02-02,0.012915,0.059774,0.018988,0.007843,0.000000
2017-02-03,0.014083,0.062113,0.245394,-0.003797,0.000000
2017-02-04,0.008695,0.039546,0.200922,0.021318,0.000000
2017-02-05,0.010664,0.049695,0.220671,0.020321,0.000000
2017-02-06,0.012952,0.055741,0.235446,0.004806,0.000000
2017-02-07,0.011047,0.047689,0.197974,0.039544,0.000000
2017-02-08,0.008309,0.038554,0.205398,0.019992,0.000000
2017-02-09,0.009706,0.045110,0.208513,0.061955,0.000000
2017-02-10,0.006534,0.029692,0.164092,0.046546,0.000000
2017-02-11,0.410520,0.146157,0.185079,0.064244,4.600000
2017-02-12,0.015214,0.190887,0.224736,0.055286,0.000000
2017-02-13,0.039622,0.124522,0.052174,0.103446,0.000000
2017-02-14,0.049829,0.234754,0.005182,0.090122,0.000000
2017-02-15,0.311022,0.334499,0.265210,0.029768,0.883000
2017-02-16,0.166926,0.318660,0.224015,0.223932,0.240000
2017-02-17,0.047363,0.175935,0.100653,0.160103,0.000000
2017-02-18,0.017103,0.103357,0.070883,0.088852,0.006000
2017-02-19,0.178305,0.174610,0.201047,0.048280,0.734000
2017-02-20,0.469914,0.259432,0.167903,0.108891,1.497000
2017-02-21,0.315750,0.237617,0.108775,0.126423,0.684000
2017-02-22,0.100023,0.205672,0.039477,0.097061,0.000000
2017-02-23,0.022448,0.221326,0.037396,0.074473,0.012000
2017-02-24,0.021701,0.203901,0.247801,0.086398,0.000000
2017-02-25,0.010496,0.089327,0.167190,0.116851,0.000000
2017-02-26,0.090596,0.129125,0.004998,0.091909,0.381000
2017-02-27,0.030085,0.089995,0.011558,0.090816,0.000000
2017-02-28,0.011469,0.032295,0.026571,0.099324,0.000000
2017-03-01,0.005963,0.040259,0.056768,0.073686,0.000000
2017-03-02,0.008893,0.066056,0.174847,0.069590,0.000000
2017-03-03,0.008946,0.061486,0.019686,0.223616,0.000000
2017-03-04,0.006063,0.050210,0.139141,0.273069,0.000000
2017-03-05,0.004836,0.039142,0.062937,0.124501,0.000000
2017-03-06,0.005027,0.034980,0.035276,0.094056,0.000000
2017-03-07,0.005402,0.041281,0.064023,0.136723,0.000000
2017-03-08,0.005820,0.042177,0.057189,0.069931,0.000000
2017-03-09,0.008341,0.055418,0.040584,0.080752,0.000000
2017-03-10,0.008726,0.065139,0.088813,0.087461,0.000000
2017-03-11,0.010184,0.073439,0.180390,0.086606,0.000000
2017-03-12,0.016797,0.113585,0.258515,0.124811,0.000000
2017-03-13,0.017542,0.124709,0.370287,0.135595,0.000000
2017-03-14,0.016548,0.124308,0.269796,0.215768,0.000000
2017-03-15,0.009239,0.077995,0.257299,0.214203,0.000000
2017-03-16,0.012119,0.088322,0.550002,0.137361,0.000000
2017-03-17,0.011546,0.091617,0.374076,0.297805,0.000000
2017-03-18,0.011991,0.091160,0.306423,0.262736,0.000000
2017-03-19,0.010307,0.075387,0.257435,0.270626,0.000000
2017-03-20,0.015122,0.110601,0.246208,0.223295,0.000000
2017-03-21,0.015997,0.124235,0.312695,0.124336,0.000000
2017-03-22,0.016708,0.123795,0.429987,0.162190,0.000000
2017-03-23,0.020164,0.142007,0.307464,0.258038,0.000000
2017-03-24,0.020685,0.159795,0.411783,0.193836,0.000000
2017-03-25,0.023158,0.163715,0.401400,0.245098,0.000000
2017-03-26,0.017175,0.131447,0.318949,0.221624,0.000000
2017-03-27,0.028404,0.186894,0.504309,0.279735,0.000000
2017-03-28,0.413839,0.284768,0.540053,0.237376,3.600000
2017-03-29,0.607299,0.780587,0.664395,0.195741,10.100000
2017-03-30,0.204387,0.912861,0.635221,0.218138,2.800000
2017-03-31,0.109103,1.083785,0.262328,0.401189,0.000000
2017-04-01,0.111505,0.905285,1.127053,0.241486,0.000000
2017-04-02,0.101015,0.705362,1.491794,0.244144,0.000000
2017-04-03,0.641403,0.897963,1.771204,0.276039,2.100000
2017-04-04,0.391547,0.588408,1.098639,0.436447,0.900000
2017-04-05,0.236493,0.708379,2.514282,0.229307,0.300000
2017-04-06,0.064128,0.432645,0.825096,0.270552,0.000000
2017-04-07,0.050516,0.341613,0.534949,0.148551,0.000000
2017-04-08,0.050462,0.306893,0.453475,0.361752,0.000000
2017-04-09,0.053535,0.385927,0.682981,0.345142,0.000000
2017-04-10,0.054292,0.374167,0.913623,0.259739,0.000000
2017-04-11,0.065539,0.474334,1.526499,0.520716,0.000000
2017-04-12,0.072331,0.505154,1.425303,0.289572,0.000000
2017-04-13,0.077870,0.541588,1.138303,0.433564,0.000000
2017-04-14,0.078092,0.495936,0.724845,0.559574,0.000000
2017-04-15,0.147355,0.375523,0.297083,0.582193,0.200000
2017-04-16,0.035686,0.201256,0.025791,0.716740,0.000000
2017-04-17,0.049695,0.197307,0.117257,0.357878,0.100000
2017-04-18,0.063574,0.265481,0.202271,0.313500,0.100000
2017-04-19,0.047310,0.250371,0.270908,0.351336,0.000000
2017-04-20,0.035601,0.257983,0.097048,0.323816,0.000000
2017-04-21,0.033152,0.198440,0.211580,0.392230,0.000000
2017-04-22,0.038647,0.231109,0.209931,0.452857,0.000000
2017-04-23,0.051091,0.337988,0.641131,0.551068,0.000000
2017-04-24,0.096068,0.765552,1.332585,0.771860,0.000000
2017-04-25,0.168962,0.966923,1.184724,0.624264,0.000000
2017-04-26,0.186082,0.777895,0.967249,0.471419,0.000000
2017-04-27,0.306879,0.875373,1.002376,0.783199,0.000000
2017-04-28,0.385824,0.893994,0.852651,0.536186,0.000000
2017-04-29,0.505632,0.768038,0.665057,0.601354,0.000000
2017-04-30,0.641971,0.989420,0.663205,0.719371,0.000000
2017-05-01,0.646970,0.991594,0.600728,0.842786,0.000000
2017-05-02,0.574365,0.834672,0.402224,1.086883,0.000000
2017-05-03,0.732757,1.126941,0.700190,0.661031,0.000000
2017-05-04,0.553416,0.819383,0.344638,2.027136,0.000000
2017-05-05,2.135071,1.345967,1.301658,0.664056,24.000001
2017-05-06,1.311401,1.261396,1.828186,0.148359,2.400000
2017-05-07,1.074254,1.303668,1.985483,0.868649,0.000000
2017-05-08,1.096305,1.469312,2.485441,1.579778,0.000000
2017-05-09,1.169553,1.564504,1.953001,2.079371,0.000000
2017-05-10,1.068800,1.496335,1.774109,1.562658,0.000000
2017-05-11,0.963728,1.403507,1.377344,1.885286,0.000000
2017-05-12,0.815300,1.183777,0.877900,1.348687,0.000000
2017-05-13,1.084692,1.173972,0.644587,1.126852,1.400000
2017-05-14,1.059249,1.201289,1.021621,0.705967,1.800000
2017-05-15,0.915085,1.354421,1.137190,1.407023,0.000000
2017-05-16,1.140842,1.663954,1.398543,1.890986,0.000000
2017-05-17,1.230819,1.809348,1.112929,2.882298,0.000000
2017-05-18,1.366607,1.908984,0.934877,2.708928,1.700000
2017-05-19,1.212129,1.793549,1.133998,2.054399,0.100000
2017-05-20,1.379054,1.853845,1.047273,2.562819,0.000000
2017-05-21,1.373861,1.907526,1.176736,2.798654,0.000000
2017-05-22,1.313597,1.912778,0.867774,4.200918,0.000000
2017-05-23,1.067458,1.619009,0.753816,2.962092,0.200000
2017-05-24,1.154020,1.481241,0.845316,2.445178,0.000000
2017-05-25,1.268179,1.452511,0.766017,2.709939,0.000000
2017-05-26,1.128184,1.320259,0.642383,2.229574,0.000000
2017-05-27,1.446216,1.495060,0.742326,2.652046,0.000000
2017-05-28,1.782416,1.449139,0.664973,3.467698,0.000000
2017-05-29,1.931603,1.359451,0.788708,2.808312,0.000000
2017-05-30,1.556647,2.316410,1.285513,2.239833,8.600001
2017-05-31,2.426365,2.404899,2.100177,1.476843,28.499999
2017-06-01,1.785612,1.866971,2.410596,0.608259,1.900000
2017-06-02,1.489148,1.745498,2.963140,1.317560,2.500000
2017-06-03,1.821877,2.154609,2.810980,1.681180,4.800000
2017-06-04,1.597173,1.947960,4.171452,1.551283,0.000000
2017-06-05,2.143784,2.665346,2.815565,2.721742,0.000000
2017-06-06,2.418167,2.680482,2.448351,2.566819,0.000000
2017-06-07,2.851169,2.790772,2.935701,2.554542,0.000000
2017-06-08,2.146237,2.664301,2.639310,2.593395,0.000000
2017-06-09,2.083976,2.620660,3.178873,2.729460,6.700000
2017-06-10,1.103971,1.568008,1.449776,2.454384,0.000000
2017-06-11,1.459242,1.829584,1.554984,1.224354,0.800000
2017-06-12,1.925765,2.400923,2.868865,1.171950,8.400000
2017-06-13,1.190740,1.687904,2.738378,1.891431,0.000000
2017-06-14,1.999013,2.315555,1.886252,1.981818,3.300000
2017-06-15,1.580046,2.205580,1.646940,1.244756,0.800000
2017-06-16,2.527813,3.075920,4.541673,0.959432,4.900000
2017-06-17,1.935854,2.572296,2.547071,4.403061,0.000000
2017-06-18,2.742968,2.985545,2.784861,2.350961,1.200000
2017-06-19,2.646871,2.955929,2.175122,3.045561,0.000000
2017-06-20,2.823607,3.399275,4.194062,2.494453,6.200000
2017-06-21,2.584873,2.942291,2.814142,3.969169,0.000000
2017-06-22,2.862554,3.018556,2.542562,3.241764,0.000000
2017-06-23,3.177930,2.935292,2.180381,3.433849,0.000000
2017-06-24,3.389480,2.951343,2.080501,3.644674,0.000000
2017-06-25,2.901925,3.196604,2.222699,3.964517,2.100000
2017-06-26,2.099711,2.828935,1.366517,3.104147,2.800000
2017-06-27,2.538240,2.573289,1.934927,1.538924,0.000000
2017-06-28,2.428080,2.963937,1.732278,3.177878,0.400000
2017-06-29,2.178972,2.895935,1.850926,2.677275,7.000000
2017-06-30,2.530602,2.955939,2.834597,1.747253,0.000000
2017-07-01,2.276093,2.830438,2.041744,2.918132,0.300000
2017-07-02,2.614523,2.706129,1.831251,2.725924,0.000000
2017-07-03,2.198054,2.329000,1.084932,3.315829,5.900000
2017-07-04,3.306678,3.160150,2.155914,0.736379,16.700000
2017-07-05,3.556746,3.256083,5.498950,1.230757,9.300000
2017-07-06,4.122213,3.185062,4.183901,3.938011,0.000000
2017-07-07,4.217036,3.078301,3.227240,4.109414,0.000000
2017-07-08,2.908065,3.025775,2.533186,3.746421,13.400000
2017-07-09,3.347163,3.569485,5.551515,1.697576,5.700000
2017-07-10,2.980021,3.265755,3.867966,3.529175,0.000000
2017-07-11,3.373003,3.335130,3.480710,3.910039,0.000000
2017-07-12,2.247268,2.747130,1.886336,4.021052,0.000000
2017-07-13,2.154442,2.668870,2.124431,1.626688,0.000000
2017-07-14,3.057786,3.047438,2.460127,2.782957,0.000000
2017-07-15,2.177262,2.712443,1.820799,3.179893,0.100000
2017-07-16,1.790261,2.142642,1.915721,2.470906,0.000000
2017-07-17,2.742263,2.474869,2.006148,2.598785,0.000000
2017-07-18,2.191662,2.339853,1.507700,3.262070,0.000000
2017-07-19,2.219160,1.936438,1.879144,2.309077,0.000000
2017-07-20,2.833059,1.958299,1.779368,2.539537,0.000000
2017-07-21,2.137378,2.123486,1.622640,2.757159,1.400000
2017-07-22,2.016907,1.917082,1.607230,2.629927,0.000000
2017-07-23,3.372046,1.728679,1.719847,2.588469,0.000000
2017-07-24,3.058077,1.394643,1.524325,3.158582,0.000000
2017-07-25,2.841095,1.347626,1.189146,2.492592,0.000000
2017-07-26,2.375041,1.979169,1.329132,1.684867,1.500000
2017-07-27,1.256944,1.316756,0.863582,2.294306,0.200000
2017-07-28,1.526805,0.994351,1.078522,1.759426,0.000000
2017-07-29,1.608061,0.954454,0.872042,2.033960,0.000000
2017-07-30,2.418478,1.697766,1.680348,1.376769,2.500000
2017-07-31,2.884083,1.502200,1.564694,2.673270,0.000000
2017-08-01,2.789290,1.314234,1.175361,3.144191,0.000000
2017-08-02,2.818179,1.139363,1.351827,2.678709,0.300000
2017-08-03,3.078631,0.704929,1.293138,2.886788,0.000000
2017-08-04,2.578972,1.639829,1.265323,3.000496,4.100000
2017-08-05,1.528795,1.142461,1.413065,1.854605,0.000000
2017-08-06,2.546949,1.228341,1.356849,2.214164,0.000000
2017-08-07,3.111152,1.252204,1.302134,2.862073,0.000000
2017-08-08,2.910116,0.965445,1.153484,3.072861,0.000000
2017-08-09,3.554561,0.585857,1.172736,2.480022,0.000000
2017-08-10,3.366025,0.459456,0.893807,3.377875,0.000000
2017-08-11,2.174480,0.434598,0.525742,2.890729,0.000000
2017-08-12,1.573550,0.443599,0.384440,1.994708,0.186000
2017-08-13,1.796382,0.512240,0.668748,0.912301,0.000000
2017-08-14,1.865759,0.363519,0.629853,2.365029,0.000000
2017-08-15,1.869640,0.343976,0.614986,2.346442,0.000000
2017-08-16,2.025319,0.341252,0.544724,2.212146,0.000000
2017-08-17,2.022184,1.103989,0.868655,2.124714,1.900000
2017-08-18,2.735899,1.897790,1.477570,2.393661,4.800000
2017-08-19,1.531018,1.209553,1.113893,2.633378,0.000000
2017-08-20,1.476677,0.895080,0.873301,2.147233,0.000000
2017-08-21,1.885397,0.939482,0.799300,1.728811,0.000000
2017-08-22,1.764174,0.874458,0.770568,1.833155,0.000000
2017-08-23,1.903276,0.702051,0.689945,2.070884,0.000000
2017-08-24,1.262455,0.394137,0.562314,2.103728,0.000000
2017-08-25,1.669322,0.317789,0.593163,1.575061,0.000000
2017-08-26,1.567649,0.282207,0.649550,1.744003,0.000000
2017-08-27,1.166744,0.243660,0.495855,2.552714,0.000000
2017-08-28,1.605152,0.233754,0.513172,1.460329,0.000000
2017-08-29,1.857106,0.236276,0.462154,1.825646,0.000000
2017-08-30,1.514629,0.239156,0.523643,1.582498,0.000000
2017-08-31,1.316311,0.206461,0.445128,2.181467,0.000000
2017-09-01,1.257436,0.203081,0.381751,1.418811,0.000000
2017-09-02,1.052872,0.193481,0.371935,1.376799,0.000000
2017-09-03,1.033793,0.192812,0.214941,1.475183,0.000000
2017-09-04,1.434873,0.183018,0.316784,1.443587,0.000000
2017-09-05,1.983368,0.180073,0.378862,1.224115,0.000000
2017-09-06,1.870481,0.175567,0.305576,1.450620,0.000000
2017-09-07,1.358095,0.167668,0.277141,1.922802,0.000000
2017-09-08,0.917774,0.153336,0.227506,1.737576,0.000000
2017-09-09,1.065229,0.727699,0.335719,0.804781,7.100000
2017-09-10,0.733656,1.192953,0.622537,0.438439,0.600000
2017-09-11,0.539448,1.055020,0.932397,0.406517,0.300000
2017-09-12,0.719576,0.717600,0.700658,1.077327,0.000000
2017-09-13,0.907979,0.694317,0.714097,0.794385,0.000000
2017-09-14,1.210375,0.718461,0.583291,1.058476,0.000000
2017-09-15,0.789466,0.627204,0.405114,1.332899,0.000000
2017-09-16,0.804108,0.519809,0.501347,0.866610,0.000000
2017-09-17,0.724097,0.438927,0.465098,0.632392,0.000000
2017-09-18,0.693389,0.350582,0.396667,0.866509,0.000000
2017-09-19,0.659070,0.246033,0.325915,0.664652,0.000000
2017-09-20,0.598601,0.203538,0.323162,0.695116,0.000000
2017-09-21,0.679883,0.189025,0.302293,0.699454,0.000000
2017-09-22,0.500439,0.157392,0.302576,0.727390,0.000000
2017-09-23,0.531027,0.161683,0.250977,0.576711,0.000000
2017-09-24,0.790844,0.159441,0.339807,0.559305,0.000000
2017-09-25,0.423838,0.129837,0.246166,0.913538,0.000000
2017-09-26,0.560810,0.510714,0.184005,0.413766,0.500000
2017-09-27,0.677961,0.168912,0.188530,0.412466,0.000000
2017-09-28,0.570248,0.158920,0.314107,0.758345,0.000000
2017-09-29,2.796253,1.656193,1.708744,0.632053,28.700000
2017-09-30,1.732973,1.694468,1.812900,0.176578,4.700000
2017-10-01,0.619327,0.770834,0.977782,1.045703,0.000000
2017-10-02,0.755245,1.030086,1.151978,0.726239,0.100000
2017-10-03,0.509595,0.728289,0.990185,0.747226,0.000000
2017-10-04,0.491128,0.633324,0.522988,0.266448,0.000000
2017-10-05,0.384606,0.626424,0.331790,0.589899,0.000000
2017-10-06,1.013437,0.993002,1.210216,0.218097,2.200000
2017-10-07,0.325543,0.414488,0.385614,0.702367,0.000000
2017-10-08,0.416269,0.631649,0.653664,0.257452,0.400000
2017-10-09,0.703194,0.707114,0.602780,0.307125,2.300000
2017-10-10,0.472534,0.650638,0.659022,0.335212,0.000000
2017-10-11,0.410974,0.653106,0.844910,0.267713,1.900000
2017-10-12,0.524734,1.067117,0.804113,0.472912,0.200000
2017-10-13,0.240036,0.370884,0.512931,0.493319,0.000000
2017-10-14,0.140345,0.289115,0.302133,0.247265,0.000000
2017-10-15,0.185774,0.380543,0.563925,0.159680,1.500000
2017-10-16,0.578890,0.860689,0.541096,0.172324,0.100000
2017-10-17,0.103976,0.290967,0.658335,0.243633,0.000000
2017-10-18,0.102421,0.259733,0.308948,0.129649,0.000000
2017-10-19,0.154248,0.443615,0.327849,0.140759,0.700000
2017-10-20,0.585370,0.747035,0.526682,0.117058,3.800000
2017-10-21,0.337953,0.677542,0.337440,0.200952,0.600000
2017-10-22,0.638459,0.757489,0.539615,0.095632,1.800000
2017-10-23,0.482096,0.850689,0.637955,0.160628,1.500000
2017-10-24,0.651060,0.808751,0.685363,0.233271,1.800000
2017-10-25,0.264840,0.687404,0.155255,0.348829,0.000000
2017-10-26,0.145371,0.418546,0.124079,0.092737,0.000000
2017-10-27,0.340951,0.761925,0.467684,0.003935,0.600000
2017-10-28,0.126880,0.366964,0.242412,0.163890,0.000000
2017-10-29,0.084935,0.300359,0.237214,0.128906,0.000000
2017-10-30,0.077817,0.265174,0.571908,0.116028,0.000000
2017-10-31,0.063067,0.134232,0.388671,0.328661,0.000000
2017-11-01,0.052125,0.206518,0.099279,0.150191,0.200000
2017-11-02,0.043751,0.284582,0.022536,0.041156,0.500000
2017-11-03,0.062688,0.189158,0.036382,0.107900,0.000000
2017-11-04,0.077121,0.134203,0.002001,0.132889,0.000000
2017-11-05,0.034321,0.115801,0.004673,0.024481,0.000000
2017-11-06,0.023926,0.105992,0.005987,0.055872,0.000000
2017-11-07,0.019051,0.251169,0.004011,-0.008605,2.800000
2017-11-08,0.016836,0.409821,0.000622,0.008211,1.100000
2017-11-09,0.024661,0.321058,0.002300,-0.002518,0.100000
2017-11-10,0.024903,0.230949,0.002069,0.040606,0.000000
2017-11-11,0.248413,0.231046,0.017278,0.043650,0.000000
2017-11-12,0.222815,0.160434,0.013007,-0.007913,0.000000
2017-11-13,0.131433,0.240318,0.017396,-0.027160,0.700000
2017-11-14,0.188917,0.277673,0.016102,-0.026672,0.000000
2017-11-15,0.276706,0.164484,0.037713,-0.060844,0.000000
2017-11-16,0.172244,0.107892,0.004659,-0.047161,0.000000
2017-11-17,0.122917,0.093864,NaN,0.030558,0.000000
