Date,Noah_MP_SM,CLM_SM,CLASS_SM,OBS_SM
2014-01-03,0.110488,0.085627,0.040000,NaN
2014-01-04,0.110325,0.085567,0.040000,NaN
2014-01-05,0.110176,0.084866,0.040000,NaN
2014-01-06,0.110039,0.084265,0.040000,NaN
2014-01-07,0.109914,0.084254,0.040000,NaN
2014-01-08,0.109799,0.084254,0.040000,NaN
2014-01-09,0.109695,0.084253,0.040000,NaN
2014-01-10,0.109600,0.084252,0.040000,NaN
2014-01-11,0.109514,0.084251,0.040000,NaN
2014-01-12,0.109436,0.084250,0.040000,NaN
2014-01-13,0.109367,0.084249,0.040000,NaN
2014-01-14,0.109305,0.084249,0.040000,NaN
2014-01-15,0.109250,0.084247,0.040000,NaN
2014-01-16,0.109201,0.084246,0.040000,NaN
2014-01-17,0.109159,0.084244,0.040000,NaN
2014-01-18,0.109122,0.084243,0.040000,NaN
2014-01-19,0.109091,0.084242,0.040000,NaN
2014-01-20,0.109066,0.084241,0.040000,NaN
2014-01-21,0.109045,0.084240,0.040000,NaN
2014-01-22,0.109029,0.084238,0.040000,NaN
2014-01-23,0.109018,0.084237,0.040000,NaN
2014-01-24,0.109011,0.084235,0.040000,NaN
2014-01-25,0.109007,0.084234,0.040000,NaN
2014-01-26,0.109007,0.084232,0.040000,NaN
2014-01-27,0.109010,0.084231,0.040000,NaN
2014-01-28,0.109018,0.084230,0.040000,NaN
2014-01-29,0.109028,0.084229,0.040000,NaN
2014-01-30,0.109041,0.084227,0.040000,NaN
2014-01-31,0.109057,0.084226,0.040000,NaN
2014-02-01,0.109076,0.084225,0.040000,NaN
2014-02-02,0.109098,0.084223,0.040000,NaN
2014-02-03,0.109121,0.084222,0.040000,NaN
2014-02-04,0.109147,0.084221,0.040000,NaN
2014-02-05,0.109176,0.084220,0.040000,NaN
2014-02-06,0.109206,0.084218,0.040000,NaN
2014-02-07,0.109238,0.084217,0.040000,NaN
2014-02-08,0.109272,0.084216,0.040000,NaN
2014-02-09,0.109307,0.084215,0.040000,NaN
2014-02-10,0.109345,0.084214,0.040000,NaN
2014-02-11,0.109383,0.084213,0.040000,NaN
2014-02-12,0.109424,0.084212,0.040000,NaN
2014-02-13,0.109465,0.084211,0.040000,NaN
2014-02-14,0.109508,0.084210,0.040000,NaN
2014-02-15,0.109552,0.084209,0.040000,NaN
2014-02-16,0.109596,0.084208,0.040000,NaN
2014-02-17,0.109642,0.084206,0.040000,NaN
2014-02-18,0.109689,0.084205,0.040000,NaN
2014-02-19,0.109736,0.084204,0.040000,NaN
2014-02-20,0.109785,0.084203,0.040000,NaN
2014-02-21,0.109834,0.084202,0.040000,NaN
2014-02-22,0.109885,0.084201,0.040000,NaN
2014-02-23,0.109936,0.084200,0.040000,NaN
2014-02-24,0.109987,0.084199,0.040000,0.269124
2014-02-25,0.110039,0.084197,0.040000,0.269017
2014-02-26,0.110092,0.084196,0.040000,NaN
2014-02-27,0.110145,0.084195,0.040000,NaN
2014-02-28,0.110199,0.084193,0.040000,NaN
2014-03-01,0.110252,0.084192,0.040000,NaN
2014-03-02,0.110307,0.084191,0.040000,NaN
2014-03-03,0.110362,0.084189,0.040000,NaN
2014-03-04,0.110417,0.084188,0.040000,NaN
2014-03-05,0.110472,0.084187,0.040000,NaN
2014-03-06,0.110528,0.084186,0.040000,NaN
2014-03-07,0.110584,0.084184,0.040000,NaN
2014-03-08,0.110640,0.084183,0.040000,NaN
2014-03-09,0.110695,0.084181,0.040000,NaN
2014-03-10,0.110751,0.084180,0.040000,NaN
2014-03-11,0.110807,0.084178,0.040000,NaN
2014-03-12,0.110863,0.084175,0.040000,NaN
2014-03-13,0.110919,0.084172,0.040000,NaN
2014-03-14,0.110975,0.084170,0.040000,NaN
2014-03-15,0.111032,0.084167,0.040000,NaN
2014-03-16,0.112671,0.084164,0.040000,NaN
2014-03-17,0.114378,0.084161,0.040000,NaN
2014-03-18,0.114806,0.084159,0.040000,NaN
2014-03-19,0.114834,0.084156,0.040000,NaN
2014-03-20,0.114744,0.084154,0.040000,NaN
2014-03-21,0.114627,0.084153,0.040000,NaN
2014-03-22,0.114512,0.084151,0.040000,NaN
2014-03-23,0.114409,0.084149,0.040000,NaN
2014-03-24,0.114318,0.084148,0.040000,NaN
2014-03-25,0.114240,0.084146,0.040000,NaN
2014-03-26,0.114172,0.084144,0.040000,NaN
2014-03-27,0.114115,0.084142,0.040000,NaN
2014-03-28,0.114067,0.084140,0.040000,NaN
2014-03-29,0.114026,0.084137,0.040000,NaN
2014-03-30,0.113992,0.084136,0.040000,NaN
2014-03-31,0.113965,0.084134,0.040000,NaN
2014-04-01,0.113944,0.084132,0.040000,NaN
2014-04-02,0.113927,0.084130,0.040000,NaN
2014-04-03,0.113915,0.084128,0.040000,NaN
2014-04-04,0.113908,0.084126,0.040000,NaN
2014-04-05,0.113904,0.084124,0.040000,NaN
2014-04-06,0.113904,0.084121,0.040000,NaN
2014-04-07,0.114158,0.084117,0.040000,NaN
2014-04-08,0.118970,0.084113,0.040000,0.263757
2014-04-09,0.141091,0.084108,0.040000,0.264441
2014-04-10,0.142938,0.084105,0.040000,0.264970
2014-04-11,0.137445,0.084102,0.040000,0.265616
2014-04-12,0.133710,0.084100,0.040000,0.265712
2014-04-13,0.131212,0.084096,0.040000,0.265503
2014-04-14,0.129288,0.084092,0.040000,0.265396
2014-04-15,0.128934,0.084088,0.040000,0.264517
2014-04-16,0.128059,0.084084,0.040000,0.264830
2014-04-17,0.127685,0.084079,0.040000,0.265146
2014-04-18,0.130250,0.084073,0.040000,0.265678
2014-04-19,0.133132,0.084069,0.040000,0.266640
2014-04-20,0.132164,0.084067,0.040000,0.268684
2014-04-21,0.130386,0.084066,0.040000,0.287247
2014-04-22,0.128729,0.084066,0.040000,0.310554
2014-04-23,0.127390,0.084066,0.040000,0.316167
2014-04-24,0.126157,0.084067,0.040000,0.320535
2014-04-25,0.125259,0.084068,0.040000,0.324812
2014-04-26,0.128302,0.084068,0.040000,0.331370
2014-04-27,0.129002,0.084069,0.040000,0.338317
2014-04-28,0.127588,0.084071,0.040000,0.396885
2014-04-29,0.129421,0.084250,0.047698,0.510384
2014-04-30,0.143618,0.103595,0.102471,0.505047
2014-05-01,0.162800,0.141195,0.151881,0.495024
2014-05-02,0.176159,0.152354,0.151155,0.479897
2014-05-03,0.182118,0.154707,0.147035,0.470594
2014-05-04,0.185999,0.156634,0.151112,0.465099
2014-05-05,0.188972,0.158186,0.153052,0.460992
2014-05-06,0.189387,0.159434,0.149602,0.456550
2014-05-07,0.195298,0.160340,0.148604,0.454050
2014-05-08,0.208731,0.160881,0.155750,0.454991
2014-05-09,0.225594,0.160958,0.164635,0.456127
2014-05-10,0.241442,0.160014,0.175733,0.456144
2014-05-11,0.257463,0.157992,0.191515,0.456415
2014-05-12,0.268974,0.155538,0.202251,0.456808
2014-05-13,0.268375,0.151772,0.188432,0.456676
2014-05-14,0.267209,0.147521,0.180445,0.456504
2014-05-15,0.267050,0.144516,0.180718,0.457111
2014-05-16,0.266878,0.141398,0.185206,0.456263
2014-05-17,0.266161,0.138382,0.188174,0.455443
2014-05-18,0.265213,0.135681,0.189411,0.454983
2014-05-19,0.264348,0.133403,0.188940,0.454785
2014-05-20,0.268528,0.131935,0.188380,0.457666
2014-05-21,0.275305,0.131809,0.188068,0.457538
2014-05-22,0.275871,0.131564,0.187854,0.456212
2014-05-23,0.276893,0.131084,0.188382,0.456610
2014-05-24,0.283914,0.132042,0.195542,0.458467
2014-05-25,0.285310,0.132843,0.198671,0.456734
2014-05-26,0.282617,0.132357,0.196131,0.455547
2014-05-27,0.279588,0.131264,0.194443,0.454842
2014-05-28,0.276714,0.130028,0.193494,0.453922
2014-05-29,0.274899,0.128829,0.196028,0.453281
2014-05-30,0.272949,0.127722,0.201816,0.452635
2014-05-31,0.270830,0.126710,0.214154,0.452138
2014-06-01,0.268494,0.125743,0.225293,0.451534
2014-06-02,0.270762,0.125100,0.220149,0.455590
2014-06-03,0.282127,0.126155,0.214758,0.463332
2014-06-04,0.282584,0.127123,0.217771,0.466959
2014-06-05,0.280334,0.127157,0.217167,0.467319
2014-06-06,0.277788,0.126719,0.216321,0.467571
2014-06-07,0.275403,0.126105,0.216013,0.467639
2014-06-08,0.272933,0.125396,0.218042,0.467117
2014-06-09,0.270453,0.124695,0.226308,0.466234
2014-06-10,0.268109,0.124023,0.229893,0.464476
2014-06-11,0.266017,0.123394,0.230209,0.464646
2014-06-12,0.264064,0.122808,0.226639,0.464385
2014-06-13,0.263177,0.122284,0.226648,0.470756
2014-06-14,0.286893,0.122928,0.223006,0.513338
2014-06-15,0.317484,0.124745,0.226097,0.542772
2014-06-16,0.311227,0.127067,0.234338,0.542414
2014-06-17,0.302763,0.129830,0.237116,0.539229
2014-06-18,0.295657,0.132669,0.238124,0.537324
2014-06-19,0.290305,0.135074,0.239228,0.535229
2014-06-20,0.285435,0.136307,0.241085,0.533239
2014-06-21,0.299284,0.137156,0.241748,0.574663
2014-06-22,0.304655,0.139558,0.241244,0.587606
2014-06-23,0.297967,0.141628,0.244629,0.592318
2014-06-24,0.291296,0.142569,0.246722,0.596219
2014-06-25,0.285784,0.141823,0.252184,0.599881
2014-06-26,0.281548,0.139861,0.257579,0.603350
2014-06-27,0.277443,0.137465,0.260611,0.601461
2014-06-28,0.273710,0.135139,0.261938,0.598705
2014-06-29,0.270187,0.133034,0.262330,0.595082
2014-06-30,0.267105,0.131149,0.262116,0.592904
2014-07-01,0.264894,0.129598,0.259947,0.592229
2014-07-02,0.262956,0.128209,0.260313,0.589511
2014-07-03,0.260883,0.127017,0.256426,0.587323
2014-07-04,0.260975,0.126010,0.252341,0.605091
2014-07-05,0.280501,0.126754,0.248204,0.677853
2014-07-06,0.281976,0.128250,0.247354,0.664447
2014-07-07,0.278352,0.128724,0.247645,0.652778
2014-07-08,0.274572,0.128321,0.248318,0.638650
2014-07-09,0.275664,0.127863,0.246794,0.654981
2014-07-10,0.300904,0.129429,0.250593,0.740868
2014-07-11,0.300585,0.131657,0.254180,0.725430
2014-07-12,0.294008,0.133807,0.254753,0.701778
2014-07-13,0.287233,0.135454,0.254327,0.679716
2014-07-14,0.281904,0.135994,0.253150,0.660274
2014-07-15,0.277688,0.135507,0.251386,0.642856
2014-07-16,0.276878,0.134278,0.250130,0.631703
2014-07-17,0.276536,0.132943,0.250162,0.620881
2014-07-18,0.274227,0.131587,0.248633,0.608282
2014-07-19,0.272088,0.130258,0.247945,0.597257
2014-07-20,0.269493,0.128958,0.247084,0.584875
2014-07-21,0.266742,0.127790,0.246133,0.574154
2014-07-22,0.265756,0.126789,0.243107,0.565746
2014-07-23,0.265280,0.125859,0.243695,0.558298
2014-07-24,0.262989,0.125017,0.243652,0.549789
2014-07-25,0.260307,0.124251,0.243073,0.541441
2014-07-26,0.258131,0.123570,0.242146,0.534554
2014-07-27,0.255980,0.122943,0.241810,0.527997
2014-07-28,0.253646,0.122359,0.241538,0.522229
2014-07-29,0.251431,0.121827,0.241124,0.517063
2014-07-30,0.249978,0.121358,0.236810,0.513341
2014-07-31,0.250105,0.120959,0.238138,0.510480
2014-08-01,0.249514,0.120612,0.238104,0.507570
2014-08-02,0.248094,0.120234,0.237973,0.504673
2014-08-03,0.246366,0.119887,0.237786,0.501391
2014-08-04,0.244423,0.119566,0.237720,0.498298
2014-08-05,0.242343,0.119271,0.237688,0.495503
2014-08-06,0.240820,0.118989,0.235987,0.493503
2014-08-07,0.297921,0.119737,0.252252,0.631713
2014-08-08,0.320407,0.136325,0.270137,0.673092
2014-08-09,0.307327,0.159031,0.267953,0.652636
2014-08-10,0.298718,0.172656,0.265915,0.634214
2014-08-11,0.291893,0.180264,0.263818,0.616286
2014-08-12,0.286681,0.184151,0.261470,0.602427
2014-08-13,0.281710,0.185347,0.259742,0.588500
2014-08-14,0.277570,0.184228,0.256939,0.575201
2014-08-15,0.273854,0.181191,0.254202,0.563967
2014-08-16,0.270393,0.176633,0.251980,0.555348
2014-08-17,0.267112,0.170665,0.249631,0.546123
2014-08-18,0.264808,0.164675,0.247367,0.540254
2014-08-19,0.263162,0.159196,0.245593,0.535187
2014-08-20,0.262074,0.154872,0.244904,0.531230
2014-08-21,0.260721,0.150282,0.244119,0.527646
2014-08-22,0.259181,0.145985,0.243034,0.524208
2014-08-23,0.257567,0.142179,0.241918,0.520974
2014-08-24,0.255804,0.138952,0.240947,0.517981
2014-08-25,0.254094,0.136298,0.239648,0.515382
2014-08-26,0.252708,0.134117,0.238739,0.512920
2014-08-27,0.251583,0.132350,0.236659,0.511138
2014-08-28,0.253735,0.131123,0.235599,0.512141
2014-08-29,0.254976,0.129827,0.235518,0.511798
2014-08-30,0.254648,0.128732,0.235481,0.511596
2014-08-31,0.253911,0.127755,0.235864,0.510392
2014-09-01,0.253583,0.126910,0.235229,0.510183
2014-09-02,0.256736,0.126421,0.234914,0.510889
2014-09-03,0.257209,0.126033,0.234823,0.509771
2014-09-04,0.256496,0.125658,0.234997,0.508626
2014-09-05,0.255492,0.125311,0.235495,0.507852
2014-09-06,0.254681,0.124964,0.234587,0.507620
2014-09-07,0.256854,0.124852,0.233700,0.509395
2014-09-08,0.257947,0.124884,0.233623,0.509142
2014-09-09,0.257629,0.124798,0.233659,0.508464
2014-09-10,0.256835,0.124590,0.233535,0.507657
2014-09-11,0.255765,0.124293,0.233700,0.506573
2014-09-12,0.254702,0.123977,0.234236,0.505065
2014-09-13,0.253643,0.123637,0.234285,0.504043
2014-09-14,0.252600,0.123291,0.233840,0.503012
2014-09-15,0.251596,0.122944,0.233225,0.502144
2014-09-16,0.250768,0.122663,0.232916,0.501453
2014-09-17,0.250012,0.122421,0.232424,0.501445
2014-09-18,0.249291,0.122152,0.232234,0.501143
2014-09-19,0.248557,0.121872,0.231397,0.500774
2014-09-20,0.248027,0.121619,0.231287,0.500052
2014-09-21,0.247317,0.121335,0.231325,0.498816
2014-09-22,0.246594,0.121062,0.230245,0.498044
2014-09-23,0.245750,0.120795,0.230287,0.496844
2014-09-24,0.245024,0.120572,0.229931,0.496517
2014-09-25,0.244424,0.120379,0.229434,0.496603
2014-09-26,0.244142,0.120251,0.228189,0.496843
2014-09-27,0.245631,0.120157,0.227923,0.498464
2014-09-28,0.248054,0.120013,0.227878,0.499470
2014-09-29,0.248914,0.119886,0.227932,0.499808
2014-09-30,0.249756,0.119799,0.227827,0.499821
2014-10-01,0.249957,0.119725,0.227793,0.499547
2014-10-02,0.249715,0.119669,0.228116,0.499518
2014-10-03,0.249317,0.119608,0.227882,0.499718
2014-10-04,0.248904,0.119565,0.227655,0.499919
2014-10-05,0.248452,0.119475,0.227598,0.499511
2014-10-06,0.248926,0.119413,0.227576,0.500132
2014-10-07,0.251357,0.119444,0.227911,0.500618
2014-10-08,0.252248,0.119568,0.228601,0.500428
2014-10-09,0.252293,0.119692,0.227502,0.500230
2014-10-10,0.251968,0.119776,0.228383,0.500409
2014-10-11,0.251513,0.119828,0.228393,0.500574
2014-10-12,0.250958,0.119827,0.228631,0.499814
2014-10-13,0.250451,0.119851,0.227506,0.499402
2014-10-14,0.250130,0.119888,0.226697,0.499257
2014-10-15,0.249841,0.119913,0.228002,0.499277
2014-10-16,0.249624,0.119960,0.228781,0.499033
2014-10-17,0.249510,0.119989,0.228540,0.499013
2014-10-18,0.249449,0.120006,0.228041,0.498902
2014-10-19,0.249425,0.120031,0.227974,0.498725
2014-10-20,0.249587,0.120022,0.227246,0.499123
2014-10-21,0.262229,0.120576,0.228142,0.500863
2014-10-22,0.268152,0.121875,0.232013,0.500218
2014-10-23,0.268205,0.123043,0.235255,0.500170
2014-10-24,0.267300,0.123844,0.236848,0.499712
2014-10-25,0.266303,0.124299,0.237430,0.499240
2014-10-26,0.265384,0.124456,0.237286,0.498691
2014-10-27,0.264568,0.124598,0.237022,0.498120
2014-10-28,0.263846,0.124703,0.236555,0.497621
2014-10-29,0.263206,0.124785,0.235925,0.497191
2014-10-30,0.262633,0.124817,0.235260,0.496770
2014-10-31,0.262323,0.124808,0.234860,0.497376
2014-11-01,0.278194,0.124776,0.234101,0.499176
2014-11-02,0.282606,0.124804,0.235038,0.498553
2014-11-03,0.280734,0.124818,0.235315,0.497422
2014-11-04,0.278691,0.124829,0.235293,0.496557
2014-11-05,0.276941,0.124716,0.235221,0.495788
2014-11-06,0.275462,0.122672,0.235482,0.495133
2014-11-07,0.274204,0.119210,0.235522,0.494106
2014-11-08,0.273118,0.113123,0.235525,0.493361
2014-11-09,0.272168,0.107989,0.235310,0.492660
2014-11-10,0.271329,0.103341,0.233583,0.491719
2014-11-11,0.270580,0.098825,0.232524,0.490905
2014-11-12,0.269910,0.097457,0.232404,0.489961
2014-11-13,0.269306,0.095687,0.233489,0.488996
2014-11-14,0.266150,0.094795,0.234427,0.487866
2014-11-15,0.259732,0.094511,0.234518,0.486688
2014-11-16,0.252250,0.094507,0.234527,0.485512
2014-11-17,0.243922,0.094503,0.233616,0.484571
2014-11-18,0.235257,0.094500,0.229304,0.483514
2014-11-19,0.228937,0.094496,0.225522,0.482737
2014-11-20,0.223241,0.094492,0.221077,0.482175
2014-11-21,0.218493,0.094487,0.217933,0.481577
2014-11-22,0.212285,0.094485,0.213323,0.481160
2014-11-23,0.203248,0.094483,0.201332,0.480714
2014-11-24,0.193601,0.094394,0.190981,0.480036
2014-11-25,0.181985,0.092271,0.183698,0.479221
2014-11-26,0.168696,0.089652,0.177241,0.478108
2014-11-27,0.157117,0.089260,0.155887,0.476520
2014-11-28,0.146810,0.088321,0.121755,0.474946
2014-11-29,0.137928,0.087327,0.070600,0.472633
2014-11-30,0.131775,0.087298,0.040097,0.469131
2014-12-01,0.126897,0.086989,0.040000,0.465184
2014-12-02,0.122964,0.086419,0.040000,0.460789
2014-12-03,0.120037,0.086044,0.040000,0.456314
2014-12-04,0.118700,0.086035,0.040000,0.451865
2014-12-05,0.118098,0.086035,0.040000,0.448208
2014-12-06,0.117543,0.086035,0.040000,0.445806
2014-12-07,0.117282,0.086035,0.040000,0.443865
2014-12-08,0.117216,0.086035,0.040000,0.441923
2014-12-09,0.117161,0.086034,0.040000,0.439741
2014-12-10,0.117112,0.086034,0.040000,0.437303
2014-12-11,0.117069,0.086033,0.040000,0.434828
2014-12-12,0.117031,0.086033,0.040000,0.432586
2014-12-13,0.116999,0.086033,0.040000,0.430543
2014-12-14,0.116972,0.086032,0.040000,0.428529
2014-12-15,0.116950,0.086032,0.040000,0.426312
2014-12-16,0.116931,0.086032,0.040000,0.423457
2014-12-17,0.116917,0.086031,0.040000,0.419966
2014-12-18,0.116906,0.086031,0.040000,0.416325
2014-12-19,0.116899,0.086030,0.040000,0.412556
2014-12-20,0.116895,0.086030,0.040000,0.408456
2014-12-21,0.116895,0.086029,0.040000,0.404035
2014-12-22,0.116897,0.086029,0.040000,0.399678
2014-12-23,0.116902,0.086028,0.040000,0.395729
2014-12-24,0.116909,0.086028,0.040000,0.392304
2014-12-25,0.116919,0.086027,0.040000,0.388982
2014-12-26,0.116931,0.086027,0.040000,0.385295
2014-12-27,0.116946,0.086027,0.040000,0.381295
2014-12-28,0.116962,0.086026,0.040000,0.377169
2014-12-29,0.116980,0.086026,0.040000,0.372825
2014-12-30,0.117000,0.086025,0.040000,0.368059
2014-12-31,0.117022,0.086024,NaN,0.363023
2015-01-01,0.117044,0.086023,0.040000,0.358284
2015-01-02,0.117069,0.086023,0.040000,0.354201
2015-01-03,0.117094,0.086023,0.040000,0.350706
2015-01-04,0.117121,0.086022,0.040000,0.347157
2015-01-05,0.117149,0.086022,0.040000,0.343094
2015-01-06,0.117177,0.086021,0.040000,0.338667
2015-01-07,0.117207,0.086021,0.040000,0.333782
2015-01-08,0.117238,0.086020,0.040000,0.328970
2015-01-09,0.117269,0.086020,0.040000,0.323923
2015-01-10,0.117302,0.086020,0.040000,0.318912
2015-01-11,0.117335,0.086020,0.040000,0.313747
2015-01-12,0.117370,0.086020,0.040000,0.308003
2015-01-13,0.117404,0.086019,0.040000,0.302438
2015-01-14,0.117439,0.086018,0.040000,0.299029
2015-01-15,0.117475,0.086017,0.040000,0.297472
2015-01-16,0.117511,0.086016,0.040000,0.296878
2015-01-17,0.117547,0.086015,0.040000,0.296723
2015-01-18,0.117585,0.086014,0.040000,0.296728
2015-01-19,0.117622,0.086013,0.040000,0.296705
2015-01-20,0.117660,0.086012,0.040000,0.296622
2015-01-21,0.117698,0.086011,0.040000,0.296431
2015-01-22,0.117736,0.086010,0.040000,0.296202
2015-01-23,0.117774,0.086008,0.040000,0.296048
2015-01-24,0.117813,0.086007,0.040000,0.295982
2015-01-25,0.117851,0.086006,0.040000,0.295949
2015-01-26,0.117890,0.086005,0.040000,0.295880
2015-01-27,0.117928,0.086004,0.040000,0.295700
2015-01-28,0.117967,0.086004,0.040000,0.295505
2015-01-29,0.118006,0.086004,0.040000,0.295195
2015-01-30,0.118045,0.086003,0.040000,0.294584
2015-01-31,0.118085,0.086003,0.040000,0.293703
2015-02-01,0.118124,0.086002,0.040000,0.292682
2015-02-02,0.118164,0.086002,0.040000,0.291451
2015-02-03,0.118203,0.086001,0.040000,0.290479
2015-02-04,0.118242,0.086001,0.040000,0.289786
2015-02-05,0.118281,0.086000,0.040000,0.289156
2015-02-06,0.118320,0.085999,0.040000,0.288602
2015-02-07,0.118359,0.085999,0.040000,0.287990
2015-02-08,0.118398,0.085999,0.040000,0.287200
2015-02-09,0.118437,0.085999,0.040000,0.286372
2015-02-10,0.118476,0.085998,0.040000,0.285644
2015-02-11,0.118515,0.085998,0.040000,0.285048
2015-02-12,0.118554,0.085997,0.040000,0.284537
2015-02-13,0.118593,0.085996,0.040000,0.284091
2015-02-14,0.118631,0.085995,0.040000,0.283739
2015-02-15,0.118670,0.085993,0.040000,0.283566
2015-02-16,0.118709,0.085992,0.040000,0.283504
2015-02-17,0.118748,0.085991,0.040000,0.283466
2015-02-18,0.118786,0.085989,0.040000,0.283487
2015-02-19,0.118825,0.085987,0.040000,0.283478
2015-02-20,0.118863,0.085985,0.040000,0.283485
2015-02-21,0.118901,0.085983,0.040000,0.283498
2015-02-22,0.118938,0.085981,0.040000,0.283516
2015-02-23,0.118976,0.085979,0.040000,0.283583
2015-02-24,0.119013,0.085977,0.040000,0.283621
2015-02-25,0.119050,0.085975,0.040000,0.283664
2015-02-26,0.119086,0.085974,0.040000,0.283717
2015-02-27,0.119123,0.085972,0.040000,0.283719
2015-02-28,0.119159,0.085971,0.040000,0.283704
2015-03-01,0.119195,0.085968,0.040000,0.283628
2015-03-02,0.119230,0.085966,0.040000,0.283584
2015-03-03,0.119266,0.085965,0.040000,0.283450
2015-03-04,0.119300,0.085963,0.040000,0.283288
2015-03-05,0.119335,0.085961,0.040000,0.283010
2015-03-06,0.119369,0.085959,0.040000,0.282641
2015-03-07,0.119404,0.085956,0.040000,0.282276
2015-03-08,0.119437,0.085953,0.040000,0.281969
2015-03-09,0.119471,0.085949,0.040000,0.281758
2015-03-10,0.119504,0.085947,0.040000,0.281717
2015-03-11,0.119537,0.085945,0.040000,0.281630
2015-03-12,0.119570,0.085943,0.040000,0.281403
2015-03-13,0.119602,0.085941,0.040000,0.281163
2015-03-14,0.119634,0.085938,0.040000,0.280990
2015-03-15,0.119667,0.085936,0.040000,0.280679
2015-03-16,0.119699,0.085934,0.040000,0.280272
2015-03-17,0.119731,0.085933,0.040000,0.280032
2015-03-18,0.119762,0.085930,0.040000,0.279765
2015-03-19,0.119793,0.085928,0.040000,0.279492
2015-03-20,0.119824,0.085926,0.040000,0.279192
2015-03-21,0.119855,0.085924,0.040000,0.278881
2015-03-22,0.119886,0.085922,0.040000,0.278596
2015-03-23,0.119917,0.085919,0.040000,0.278332
2015-03-24,0.119947,0.085915,0.040000,0.278159
2015-03-25,0.119977,0.085912,0.040000,0.278095
2015-03-26,0.120006,0.085909,0.040000,0.278071
2015-03-27,0.120379,0.085904,0.040000,0.278134
2015-03-28,0.143906,0.085896,0.040000,0.279122
2015-03-29,0.161161,0.085890,0.040000,0.280280
2015-03-30,0.164982,0.085884,0.040000,0.281160
2015-03-31,0.167693,0.085879,0.040000,0.281844
2015-04-01,0.162932,0.085876,0.040000,0.282470
2015-04-02,0.157060,0.085873,0.040000,0.283038
2015-04-03,0.151912,0.085869,0.040000,0.283519
2015-04-04,0.146440,0.085866,0.040000,0.283907
2015-04-05,0.141119,0.085863,0.040000,0.284246
2015-04-06,0.138658,0.085859,0.040000,0.284491
2015-04-07,0.139803,0.085853,0.040000,0.284628
2015-04-08,0.143780,0.085848,0.040000,0.284690
2015-04-09,0.154256,0.085841,0.040000,0.284816
2015-04-10,0.161067,0.085831,0.040000,0.285581
2015-04-11,0.155053,0.085825,0.040000,0.286954
2015-04-12,0.150360,0.085829,0.040000,0.348353
2015-04-13,0.150200,0.085838,0.040000,0.355383
2015-04-14,0.147629,0.085856,0.040000,0.362243
2015-04-15,0.144856,0.085880,0.040000,0.367085
2015-04-16,0.143047,0.085904,0.040000,0.376678
2015-04-17,0.140795,0.085930,0.040000,0.387282
2015-04-18,0.138573,0.085956,0.040000,0.413066
2015-04-19,0.136445,0.085992,0.040010,0.640022
2015-04-20,0.139833,0.086323,0.040035,0.629625
2015-04-21,0.150234,0.095585,0.040048,0.621288
2015-04-22,0.163102,0.113579,0.040049,0.615413
2015-04-23,0.173319,0.127530,0.040126,0.610142
2015-04-24,0.176063,0.139777,0.040463,0.605956
2015-04-25,0.175123,0.148870,0.040853,0.600158
2015-04-26,0.178442,0.156579,0.041474,0.597807
2015-04-27,0.181652,0.171957,0.042518,0.595564
2015-04-28,0.184927,0.207339,0.043914,0.592576
2015-04-29,0.200694,0.230411,0.052827,0.589935
2015-04-30,0.215574,0.235240,0.149364,0.586752
2015-05-01,0.229016,0.235242,0.171077,0.584386
2015-05-02,0.236364,0.233253,0.158938,0.581760
2015-05-03,0.238624,0.230739,0.151111,0.577913
2015-05-04,0.238584,0.228007,0.145510,0.574468
2015-05-05,0.238062,0.224955,0.140874,0.571748
2015-05-06,0.241948,0.221323,0.137739,0.570447
2015-05-07,0.253279,0.217387,0.137143,0.571144
2015-05-08,0.271124,0.213101,0.143267,0.570143
2015-05-09,0.288912,0.208473,0.154673,0.567930
2015-05-10,0.288887,0.202693,0.161071,0.565468
2015-05-11,0.286450,0.196460,0.175527,0.561556
2015-05-12,0.283868,0.189465,0.207967,0.558652
2015-05-13,0.281394,0.181903,0.224574,0.556344
2015-05-14,0.279333,0.173824,0.240930,0.553335
2015-05-15,0.277287,0.166050,0.267985,0.550693
2015-05-16,0.276230,0.160906,0.281370,0.547730
2015-05-17,0.275262,0.155111,0.277734,0.543960
2015-05-18,0.273716,0.148504,0.268763,0.542424
2015-05-19,0.271858,0.142772,0.271094,0.541210
2015-05-20,0.269873,0.138227,0.282320,0.540100
2015-05-21,0.267929,0.134719,0.282618,0.538991
2015-05-22,0.266209,0.131957,0.276938,0.538479
2015-05-23,0.264761,0.129785,0.274362,0.538291
2015-05-24,0.263058,0.127954,0.278718,0.538336
2015-05-25,0.261864,0.126527,0.286434,0.553663
2015-05-26,0.260706,0.125317,0.286405,0.561992
2015-05-27,0.259738,0.124429,0.283296,0.567288
2015-05-28,0.258914,0.123693,0.283466,0.568123
2015-05-29,0.258130,0.122986,0.287771,0.565816
2015-05-30,0.256977,0.122312,0.289067,0.561438
2015-05-31,0.255757,0.121807,0.279964,0.558973
2015-06-01,0.255852,0.121611,0.275445,0.564160
2015-06-02,0.256248,0.121291,0.270105,0.564094
2015-06-03,0.257716,0.121046,0.269178,0.566306
2015-06-04,0.259005,0.120709,0.267745,0.573204
2015-06-05,0.259450,0.120283,0.268854,0.572690
2015-06-06,0.258315,0.119862,0.271053,0.569379
2015-06-07,0.256832,0.119489,0.273164,0.567947
2015-06-08,0.255728,0.119170,0.270664,0.570528
2015-06-09,0.257182,0.118935,0.268641,0.580308
2015-06-10,0.257851,0.118654,0.270647,0.580712
2015-06-11,0.256678,0.118378,0.265530,0.580274
2015-06-12,0.256228,0.118157,0.262406,0.585994
2015-06-13,0.256943,0.117937,0.261570,0.648986
2015-06-14,0.257411,0.117738,0.256308,0.657440
2015-06-15,0.256906,0.117542,0.251751,0.656323
2015-06-16,0.256479,0.117372,0.249397,0.659263
2015-06-17,0.256292,0.117195,0.247899,0.658179
2015-06-18,0.255381,0.117007,0.245950,0.654244
2015-06-19,0.254409,0.116834,0.244637,0.649986
2015-06-20,0.253023,0.116657,0.243453,0.643420
2015-06-21,0.251722,0.116497,0.242183,0.637894
2015-06-22,0.250507,0.116342,0.241682,0.633513
2015-06-23,0.249100,0.116178,0.241378,0.626461
2015-06-24,0.247221,0.116020,0.241127,0.615974
2015-06-25,0.245473,0.115867,0.240443,0.608808
2015-06-26,0.244049,0.115717,0.237757,0.603831
2015-06-27,0.243137,0.115575,0.237556,0.596594
2015-06-28,0.242008,0.115437,0.238068,0.589162
2015-06-29,0.240506,0.115309,0.238101,0.581812
2015-06-30,0.238935,0.115190,0.237984,0.576059
2015-07-01,0.237415,0.115079,0.238045,0.570918
2015-07-02,0.235765,0.114974,0.238432,0.566116
2015-07-03,0.234192,0.114874,0.236847,0.590552
2015-07-04,0.233252,0.114790,0.234837,0.589467
2015-07-05,0.232285,0.114703,0.235155,0.582907
2015-07-06,0.232025,0.114628,0.230495,0.589438
2015-07-07,0.232144,0.114561,0.233622,0.592051
2015-07-08,0.231461,0.114477,0.233177,0.583729
2015-07-09,0.231236,0.114407,0.232010,0.577195
2015-07-10,0.231114,0.114351,0.233639,0.573271
2015-07-11,0.230564,0.114281,0.234297,0.567148
2015-07-12,0.229645,0.114204,0.231954,0.566030
2015-07-13,0.240344,0.114404,0.232394,0.616316
2015-07-14,0.255418,0.115329,0.233898,0.622863
2015-07-15,0.263806,0.116279,0.232171,0.668968
2015-07-16,0.278305,0.117404,0.239560,0.670066
2015-07-17,0.280753,0.118610,0.245972,0.655387
2015-07-18,0.276498,0.119803,0.247466,0.639218
2015-07-19,0.278991,0.121022,0.248669,0.625386
2015-07-20,0.284277,0.122378,0.252265,0.613754
2015-07-21,0.281376,0.123743,0.253273,0.602365
2015-07-22,0.276981,0.124989,0.252945,0.592111
2015-07-23,0.273150,0.125880,0.252207,0.592924
2015-07-24,0.270713,0.126316,0.251421,0.622131
2015-07-25,0.270519,0.126432,0.250845,0.669138
2015-07-26,0.274353,0.126605,0.250910,0.689983
2015-07-27,0.279392,0.127312,0.252505,0.687828
2015-07-28,0.279192,0.128019,0.253204,0.670793
2015-07-29,0.276339,0.128187,0.252934,0.654782
2015-07-30,0.278594,0.128285,0.253107,0.639381
2015-07-31,0.282782,0.128907,0.255084,0.626231
2015-08-01,0.283687,0.129563,0.256311,0.673454
2015-08-02,0.282405,0.129879,0.256103,0.669603
2015-08-03,0.289819,0.130444,0.257418,0.672851
2015-08-04,0.288407,0.131591,0.257772,0.656419
2015-08-05,0.282799,0.131804,0.257011,0.637573
2015-08-06,0.277703,0.131317,0.255661,0.621070
2015-08-07,0.273421,0.130529,0.254115,0.606405
2015-08-08,0.270176,0.129654,0.251925,0.593818
2015-08-09,0.267325,0.128729,0.249910,0.583525
2015-08-10,0.264240,0.127786,0.248067,0.574012
2015-08-11,0.261287,0.126884,0.246352,0.565274
2015-08-12,0.259037,0.126067,0.243770,0.558155
2015-08-13,0.260196,0.125369,0.242873,0.555026
2015-08-14,0.266748,0.125148,0.242747,0.562761
2015-08-15,0.270980,0.125787,0.241358,0.562211
2015-08-16,0.269270,0.125906,0.241279,0.557297
2015-08-17,0.266582,0.125668,0.241333,0.552932
2015-08-18,0.265614,0.125349,0.241170,0.549394
2015-08-19,0.265678,0.124970,0.241121,0.547082
2015-08-20,0.267774,0.124952,0.241099,0.544776
2015-08-21,0.266470,0.124880,0.241124,0.541790
2015-08-22,0.264394,0.124646,0.241537,0.539649
2015-08-23,0.262429,0.124319,0.240509,0.537777
2015-08-24,0.261551,0.124010,0.240064,0.536674
2015-08-25,0.262177,0.123705,0.239769,0.536926
2015-08-26,0.265076,0.123628,0.239656,0.536620
2015-08-27,0.264060,0.123546,0.239641,0.534422
2015-08-28,0.262182,0.123353,0.239873,0.532108
2015-08-29,0.260276,0.123101,0.239469,0.530326
2015-08-30,0.258682,0.122806,0.237916,0.529822
2015-08-31,0.258118,0.122496,0.237423,0.528915
2015-09-01,0.264863,0.122685,0.238418,0.539162
2015-09-02,0.276433,0.124086,0.237604,0.549843
2015-09-03,0.277795,0.125652,0.239486,0.549749
2015-09-04,0.276712,0.127164,0.240064,0.547798
2015-09-05,0.274314,0.128293,0.240346,0.544491
2015-09-06,0.271541,0.128834,0.240431,0.540754
2015-09-07,0.269273,0.129038,0.240638,0.538003
2015-09-08,0.267281,0.128940,0.240629,0.535391
2015-09-09,0.265354,0.128552,0.240652,0.533076
2015-09-10,0.263431,0.128011,0.240385,0.530701
2015-09-11,0.261466,0.127404,0.239840,0.529039
2015-09-12,0.259525,0.126773,0.239084,0.527267
2015-09-13,0.258020,0.126223,0.238319,0.526026
2015-09-14,0.256792,0.125716,0.237662,0.525443
2015-09-15,0.255602,0.125204,0.236895,0.524904
2015-09-16,0.254463,0.124701,0.236070,0.524025
2015-09-17,0.253470,0.124235,0.235567,0.523365
2015-09-18,0.252508,0.123774,0.235032,0.522658
2015-09-19,0.251573,0.123329,0.234116,0.521834
2015-09-20,0.255968,0.123193,0.235175,0.529176
2015-09-21,0.268239,0.124503,0.233673,0.533736
2015-09-22,0.270165,0.125997,0.233014,0.532684
2015-09-23,0.270539,0.127315,0.233746,0.534937
2015-09-24,0.279226,0.128989,0.236139,0.543384
2015-09-25,0.285044,0.130886,0.239912,0.555515
2015-09-26,0.289091,0.132962,0.244777,0.554656
2015-09-27,0.287526,0.135171,0.247016,0.550001
2015-09-28,0.286415,0.137541,0.248877,0.547222
2015-09-29,0.283432,0.139958,0.249248,0.545258
2015-09-30,0.280317,0.142231,0.249212,0.542350
2015-10-01,0.277471,0.144235,0.248998,0.538011
2015-10-02,0.275225,0.145998,0.248742,0.535446
2015-10-03,0.273346,0.147400,0.248342,0.534078
2015-10-04,0.271787,0.148339,0.247765,0.532935
2015-10-05,0.270382,0.148820,0.247295,0.531919
2015-10-06,0.269087,0.148824,0.246897,0.531342
2015-10-07,0.267943,0.148413,0.246675,0.530798
2015-10-08,0.266970,0.147947,0.246452,0.529215
2015-10-09,0.266090,0.147498,0.246200,0.529066
2015-10-10,0.265379,0.146984,0.245908,0.542035
2015-10-11,0.264969,0.146444,0.246719,0.540740
2015-10-12,0.264654,0.145869,0.247716,0.538154
2015-10-13,0.266018,0.145234,0.249490,0.537942
2015-10-14,0.287012,0.146483,0.256815,0.541941
2015-10-15,0.294476,0.149431,0.260604,0.539874
2015-10-16,0.295109,0.152275,0.260569,0.538379
2015-10-17,0.293697,0.154888,0.259596,0.537663
2015-10-18,0.290569,0.157382,0.259029,0.537926
2015-10-19,0.287643,0.160067,0.258327,0.537636
2015-10-20,0.285593,0.162638,0.257659,0.539022
2015-10-21,0.284245,0.164933,0.257157,0.540023
2015-10-22,0.282865,0.166628,0.256541,0.538581
2015-10-23,0.281626,0.167720,0.256180,0.536669
2015-10-24,0.280815,0.168278,0.256551,0.535018
2015-10-25,0.279958,0.168453,0.257061,0.533922
2015-10-26,0.279071,0.168318,0.257107,0.533097
2015-10-27,0.278378,0.167888,0.256935,0.532070
2015-10-28,0.279616,0.167121,0.256377,0.531372
2015-10-29,0.279777,0.166261,0.255407,0.530407
2015-10-30,0.279092,0.165172,0.254434,0.529324
2015-10-31,0.278334,0.163617,0.253050,0.527846
2015-11-01,0.277634,0.157464,0.252388,0.526619
2015-11-02,0.273819,0.146230,0.250562,0.525697
2015-11-03,0.262613,0.135769,0.248622,0.524513
2015-11-04,0.246103,0.128088,0.247647,0.523465
2015-11-05,0.223583,0.121241,0.246948,0.522009
2015-11-06,0.201231,0.117892,0.244516,0.521158
2015-11-07,0.188110,0.116046,0.244892,0.520214
2015-11-08,0.180579,0.115877,0.242855,0.518984
2015-11-09,0.170879,0.115730,0.241572,0.518270
2015-11-10,0.165020,0.115571,0.238896,0.518009
2015-11-11,0.161440,0.115412,0.238496,0.517356
2015-11-12,0.156045,0.115061,0.236299,0.516776
2015-11-13,0.147101,0.113533,0.233726,0.516460
2015-11-14,0.137703,0.110713,0.233430,0.515103
2015-11-15,0.130274,0.108487,0.233734,0.513734
2015-11-16,0.125605,0.107138,0.235123,0.512775
2015-11-17,0.122674,0.106273,0.236559,0.512082
2015-11-18,0.119922,0.104715,0.237481,0.511122
2015-11-19,0.116106,0.102127,0.237581,0.510085
2015-11-20,0.110922,0.098530,0.236833,0.508761
2015-11-21,0.107935,0.096669,0.228528,0.506774
2015-11-22,0.107689,0.096579,0.218143,0.504727
2015-11-23,0.107611,0.096570,0.212579,0.503810
2015-11-24,0.107529,0.096561,0.204456,0.503065
2015-11-25,0.107451,0.096290,0.192939,0.502009
2015-11-26,0.107378,0.096001,0.186468,0.500156
2015-11-27,0.107320,0.095992,0.184845,0.497874
2015-11-28,0.107310,0.095983,0.183909,0.496053
2015-11-29,0.107778,0.095975,0.183158,0.494396
2015-11-30,0.120525,0.095965,0.182491,0.493364
2015-12-01,0.124965,0.095957,0.181431,0.493538
2015-12-02,0.124034,0.095949,0.170592,0.494010
2015-12-03,0.121609,0.095941,0.143966,0.493193
2015-12-04,0.117407,0.095934,0.102850,0.490816
2015-12-05,0.113765,0.095889,0.052438,0.487205
2015-12-06,0.108895,0.093838,0.040000,0.483703
2015-12-07,0.106009,0.092466,0.040000,0.480613
2015-12-08,0.105286,0.092362,0.040000,0.477524
2015-12-09,0.104658,0.091973,0.040000,0.474791
2015-12-10,0.104102,0.091659,0.040000,0.471990
2015-12-11,0.103606,0.090820,0.040000,0.469210
2015-12-12,0.103161,0.090812,0.040000,0.466618
2015-12-13,0.102760,0.090809,0.040000,0.464063
2015-12-14,0.102398,0.090806,0.040000,0.461306
2015-12-15,0.102069,0.090515,0.040000,0.458882
2015-12-16,0.101769,0.090295,0.040000,0.455991
2015-12-17,0.101440,0.089742,0.040000,0.452557
2015-12-18,0.099633,0.087919,0.040000,0.448198
2015-12-19,0.097921,0.086909,0.040000,0.442122
2015-12-20,0.097089,0.086377,0.040000,0.434335
2015-12-21,0.096413,0.085875,0.040000,0.425158
2015-12-22,0.096218,0.085853,0.040000,0.415177
2015-12-23,0.096051,0.085852,0.040000,0.404961
2015-12-24,0.095896,0.085850,0.040000,0.395772
2015-12-25,0.095752,0.085849,0.040000,0.387140
2015-12-26,0.095618,0.085849,0.040000,0.378934
2015-12-27,0.095493,0.085848,0.040000,0.369916
2015-12-28,0.095376,0.085847,0.040000,0.359057
2015-12-29,0.095266,0.085798,0.040000,0.347355
2015-12-30,0.095163,0.085753,0.040000,0.336053
2015-12-31,0.095226,0.085752,NaN,0.328680
2016-01-01,0.104913,0.083405,0.040000,0.325592
2016-01-02,0.111592,0.083405,0.040000,0.325630
2016-01-03,0.110426,0.083405,0.040000,0.325901
2016-01-04,0.108864,0.083404,0.040000,0.325909
2016-01-05,0.107524,0.083404,0.040000,0.325126
2016-01-06,0.106094,0.083404,0.040000,0.321353
2016-01-07,0.103234,0.083404,0.040000,0.314660
2016-01-08,0.101694,0.083404,0.040000,0.308127
2016-01-09,0.100443,0.083403,0.040000,0.303731
2016-01-10,0.099314,0.083403,0.040000,0.300800
2016-01-11,0.098760,0.083403,0.040000,0.299446
2016-01-12,0.098264,0.083403,0.040000,0.298647
2016-01-13,0.097817,0.083403,0.040000,0.298145
2016-01-14,0.097413,0.083402,0.040000,0.298044
2016-01-15,0.097046,0.083402,0.040000,0.298037
2016-01-16,0.096711,0.083402,0.040000,0.297820
2016-01-17,0.096404,0.083402,0.040000,0.297133
2016-01-18,0.096122,0.083402,0.040000,0.296216
2016-01-19,0.095862,0.083401,0.040000,0.295616
2016-01-20,0.095621,0.083401,0.040000,0.295425
2016-01-21,0.095397,0.083401,0.040000,0.295243
2016-01-22,0.095190,0.083401,0.040000,0.295053
2016-01-23,0.094996,0.083401,0.040000,0.294940
2016-01-24,0.094815,0.083400,0.040000,0.294663
2016-01-25,0.094645,0.083400,0.040000,0.294257
2016-01-26,0.094485,0.083400,0.040000,0.293784
2016-01-27,0.094335,0.083400,0.040000,0.293478
2016-01-28,0.094193,0.083399,0.040000,0.293462
2016-01-29,0.094059,0.083399,0.040000,0.293475
2016-01-30,0.093931,0.083399,0.040000,0.293380
2016-01-31,0.093810,0.083399,0.040000,0.293417
2016-02-01,0.093695,0.083398,0.040000,0.293450
2016-02-02,0.093585,0.083398,0.040000,0.293372
2016-02-03,0.093480,0.083398,0.040000,0.293373
2016-02-04,0.093379,0.083398,0.040000,0.293256
2016-02-05,0.093282,0.083397,0.040000,0.293086
2016-02-06,0.093189,0.083397,0.040000,0.292852
2016-02-07,0.093100,0.083397,0.040000,0.292724
2016-02-08,0.093014,0.083396,0.040000,0.292204
2016-02-09,0.092930,0.083396,0.040000,0.291527
2016-02-10,0.092850,0.083396,0.040000,0.291223
2016-02-11,0.092772,0.083396,0.040000,0.291342
2016-02-12,0.092697,0.083395,0.040000,0.291648
2016-02-13,0.092623,0.083395,0.040000,0.291930
2016-02-14,0.092552,0.083395,0.040000,0.292149
2016-02-15,0.092483,0.083395,0.040000,0.292381
2016-02-16,0.092415,0.083394,0.040000,0.292594
2016-02-17,0.092349,0.083394,0.040000,0.292803
2016-02-18,0.092285,0.083394,0.040000,0.292925
2016-02-19,0.092223,0.083393,0.040000,0.292805
2016-02-20,0.092161,0.083393,0.040000,0.292466
2016-02-21,0.092101,0.083393,0.040000,0.291930
2016-02-22,0.092043,0.083393,0.040000,0.291548
2016-02-23,0.091985,0.083392,0.040000,0.291394
2016-02-24,0.091987,0.083392,0.040000,0.291486
2016-02-25,0.092556,0.083391,0.040000,0.291770
2016-02-26,0.092825,0.083391,0.040000,0.292018
2016-02-27,0.092787,0.083391,0.040000,0.292314
2016-02-28,0.092680,0.083390,0.040000,0.292578
2016-02-29,0.092563,0.083390,0.040000,0.292632
2016-03-01,0.092450,0.083390,0.040000,0.292359
2016-03-02,0.092344,0.083390,0.040000,0.292108
2016-03-03,0.092244,0.083389,0.040000,0.291936
2016-03-04,0.092151,0.083389,0.040000,0.291856
2016-03-05,0.092064,0.083389,0.040000,0.291834
2016-03-06,0.091981,0.083389,0.040000,0.291862
2016-03-07,0.091898,0.083388,0.040000,0.291956
2016-03-08,0.091817,0.083388,0.040000,0.292069
2016-03-09,0.091738,0.083388,0.040000,0.292202
2016-03-10,0.091662,0.083387,0.040000,0.292343
2016-03-11,0.091589,0.083387,0.040000,0.292518
2016-03-12,0.091517,0.083387,0.040000,0.292705
2016-03-13,0.091449,0.083386,0.040000,0.292949
2016-03-14,0.091383,0.083386,0.040000,0.293195
2016-03-15,0.091319,0.083386,0.040000,0.293452
2016-03-16,0.091257,0.083385,0.040000,0.293724
2016-03-17,0.091196,0.083385,0.040000,0.294001
2016-03-18,0.091139,0.083384,0.040000,0.294256
2016-03-19,0.091085,0.083384,0.040000,0.294456
2016-03-20,0.091033,0.083384,0.040000,0.294443
2016-03-21,0.090983,0.083384,0.040000,0.294359
2016-03-22,0.090935,0.083383,0.040000,0.294315
2016-03-23,0.090888,0.083383,0.040000,0.294322
2016-03-24,0.090841,0.083382,0.040000,0.294341
2016-03-25,0.090794,0.083382,0.040000,0.294319
2016-03-26,0.090743,0.083382,0.040000,0.294214
2016-03-27,0.090690,0.083382,0.040000,0.294155
2016-03-28,0.090764,0.083382,0.040000,0.294314
2016-03-29,0.095731,0.083382,0.040000,0.295070
2016-03-30,0.098806,0.083383,0.040000,0.296390
2016-03-31,0.098838,0.083385,0.040000,0.297728
2016-04-01,0.100640,0.083388,0.040000,0.298921
2016-04-02,0.101221,0.083390,0.040000,0.299944
2016-04-03,0.100492,0.083390,0.040000,0.300871
2016-04-04,0.099684,0.083389,0.040000,0.301677
2016-04-05,0.098961,0.083389,0.040000,0.302420
2016-04-06,0.098333,0.083389,0.040000,0.303076
2016-04-07,0.097781,0.083389,0.040000,0.303662
2016-04-08,0.097293,0.083389,0.040000,0.304187
2016-04-09,0.096858,0.083389,0.040000,0.304672
2016-04-10,0.096468,0.083389,0.040000,0.305106
2016-04-11,0.096116,0.083389,0.040000,0.305517
2016-04-12,0.095794,0.083388,0.040000,0.305896
2016-04-13,0.095502,0.083388,0.040000,0.306238
2016-04-14,0.095235,0.083388,0.040000,0.306510
2016-04-15,0.094988,0.083388,0.040000,0.306746
2016-04-16,0.094983,0.083388,0.040000,0.307002
2016-04-17,0.094896,0.083440,0.040000,0.308249
2016-04-18,0.102219,0.120827,0.040000,0.324956
2016-04-19,0.153875,0.209714,0.040000,0.341985
2016-04-20,0.153609,0.226233,0.041872,0.348761
2016-04-21,0.149959,0.243817,0.072674,0.353640
2016-04-22,0.143577,0.268071,0.135767,0.357915
2016-04-23,0.138664,0.294067,0.149435,0.361645
2016-04-24,0.132997,0.310695,0.139032,0.367516
2016-04-25,0.128493,0.315822,0.127193,0.373965
2016-04-26,0.124841,0.298815,0.119387,0.380429
2016-04-27,0.121683,0.287212,0.114202,0.443099
2016-04-28,0.118750,0.277865,0.140748,0.477505
2016-04-29,0.120549,0.272620,0.169509,0.491132
2016-04-30,0.134212,0.268324,0.164174,0.490373
2016-05-01,0.151220,0.263962,0.166662,0.488556
2016-05-02,0.173399,0.259711,0.169223,0.486310
2016-05-03,0.204380,0.255560,0.172125,0.483016
2016-05-04,0.239792,0.253751,0.182713,0.479561
2016-05-05,0.278281,0.255534,0.190817,0.477535
2016-05-06,0.297563,0.254889,0.210384,0.471948
2016-05-07,0.299056,0.252434,0.213842,0.468036
2016-05-08,0.296131,0.249794,0.210619,0.465211
2016-05-09,0.293959,0.246883,0.210034,0.463675
2016-05-10,0.292062,0.243896,0.221438,0.462497
2016-05-11,0.290258,0.240868,0.239993,0.461729
2016-05-12,0.288486,0.237821,0.245069,0.461085
2016-05-13,0.286683,0.234798,0.242382,0.460500
2016-05-14,0.284700,0.231880,0.248465,0.459895
2016-05-15,0.282577,0.229109,0.263418,0.458918
2016-05-16,0.280423,0.226378,0.277267,0.458425
2016-05-17,0.278981,0.223991,0.275484,0.458557
2016-05-18,0.278188,0.221996,0.265865,0.458863
2016-05-19,0.278595,0.219604,0.272057,0.459611
2016-05-20,0.278381,0.216950,0.277403,0.459479
2016-05-21,0.277533,0.214101,0.281557,0.458635
2016-05-22,0.276172,0.211305,0.279753,0.457839
2016-05-23,0.274303,0.208448,0.277150,0.457567
2016-05-24,0.273284,0.206470,0.271118,0.458581
2016-05-25,0.277234,0.204398,0.269071,0.460987
2016-05-26,0.279046,0.203605,0.269490,0.461896
2016-05-27,0.284027,0.202967,0.268008,0.463654
2016-05-28,0.284470,0.202763,0.268030,0.464777
2016-05-29,0.292639,0.204493,0.277174,0.470444
2016-05-30,0.302975,0.207576,0.269144,0.474936
2016-05-31,0.300000,0.209630,0.262509,0.477142
2016-06-01,0.296048,0.210060,0.259284,0.478445
2016-06-02,0.291994,0.209360,0.255860,0.480564
2016-06-03,0.288490,0.207742,0.254670,0.484025
2016-06-04,0.286042,0.206457,0.253665,0.489086
2016-06-05,0.297769,0.205831,0.254377,0.508984
2016-06-06,0.299078,0.205195,0.252639,0.511828
2016-06-07,0.293949,0.204023,0.253147,0.510549
2016-06-08,0.289997,0.201913,0.256125,0.509020
2016-06-09,0.286601,0.198922,0.259000,0.506350
2016-06-10,0.282952,0.195523,0.260090,0.502920
2016-06-11,0.279084,0.191666,0.259707,0.499054
2016-06-12,0.275626,0.187282,0.259276,0.497570
2016-06-13,0.272921,0.183295,0.257626,0.497787
2016-06-14,0.272394,0.179862,0.252934,0.504012
2016-06-15,0.274952,0.177514,0.252552,0.512035
2016-06-16,0.281935,0.178419,0.256829,0.535394
2016-06-17,0.297640,0.180822,0.256609,0.560995
2016-06-18,0.305003,0.182671,0.252662,0.576000
2016-06-19,0.299037,0.183709,0.255764,0.579691
2016-06-20,0.292734,0.183906,0.260949,0.582461
2016-06-21,0.286785,0.182135,0.266662,0.585705
2016-06-22,0.282411,0.179151,0.269443,0.588274
2016-06-23,0.278854,0.175286,0.270495,0.588600
2016-06-24,0.275486,0.171206,0.270045,0.587306
2016-06-25,0.275785,0.168116,0.263895,0.595169
2016-06-26,0.279362,0.166436,0.263269,0.603508
2016-06-27,0.283308,0.164643,0.263219,0.610169
2016-06-28,0.281049,0.161631,0.263770,0.604820
2016-06-29,0.276644,0.158219,0.258233,0.596320
2016-06-30,0.274187,0.156377,0.253751,0.592281
2016-07-01,0.279267,0.156808,0.250396,0.609227
2016-07-02,0.282809,0.155418,0.250165,0.611991
2016-07-03,0.279594,0.152826,0.249527,0.604505
2016-07-04,0.275328,0.149782,0.246215,0.594855
2016-07-05,0.272407,0.146837,0.243487,0.587667
2016-07-06,0.269860,0.144150,0.241955,0.580778
2016-07-07,0.266843,0.141845,0.240676,0.574062
2016-07-08,0.264076,0.140021,0.239678,0.568196
2016-07-09,0.262077,0.138260,0.238754,0.563224
2016-07-10,0.259828,0.136786,0.238327,0.557463
2016-07-11,0.257966,0.136994,0.236619,0.556871
2016-07-12,0.272545,0.138237,0.233346,0.588451
2016-07-13,0.276323,0.138252,0.232921,0.580954
2016-07-14,0.273313,0.137719,0.232858,0.572450
2016-07-15,0.274101,0.137370,0.232804,0.568816
2016-07-16,0.273371,0.136502,0.232750,0.562186
2016-07-17,0.270011,0.135388,0.234131,0.555021
2016-07-18,0.266172,0.134295,0.234245,0.548468
2016-07-19,0.263464,0.133477,0.232481,0.544132
2016-07-20,0.263522,0.132714,0.229824,0.542499
2016-07-21,0.265799,0.132080,0.229243,0.540979
2016-07-22,0.266922,0.131379,0.229162,0.538505
2016-07-23,0.265810,0.131125,0.229625,0.534519
2016-07-24,0.269350,0.132356,0.229439,0.540277
2016-07-25,0.276520,0.132678,0.228857,0.543685
2016-07-26,0.274841,0.132343,0.228581,0.538971
2016-07-27,0.272241,0.131733,0.228515,0.533928
2016-07-28,0.269801,0.130992,0.229339,0.529484
2016-07-29,0.266655,0.130247,0.231165,0.525197
2016-07-30,0.263584,0.129830,0.231697,0.521520
2016-07-31,0.267818,0.129979,0.228194,0.528275
2016-08-01,0.271580,0.129776,0.227104,0.524834
2016-08-02,0.270141,0.129319,0.226981,0.520879
2016-08-03,0.267362,0.128788,0.228575,0.517142
2016-08-04,0.264324,0.128254,0.230458,0.513398
2016-08-05,0.261673,0.127795,0.230590,0.510078
2016-08-06,0.259916,0.127368,0.229795,0.507857
2016-08-07,0.258600,0.126864,0.230640,0.506061
2016-08-08,0.256738,0.126380,0.231554,0.503166
2016-08-09,0.254930,0.125935,0.230415,0.500877
2016-08-10,0.253739,0.125488,0.230367,0.499091
2016-08-11,0.252225,0.125077,0.230759,0.496766
2016-08-12,0.251550,0.124689,0.227661,0.495338
2016-08-13,0.250848,0.124327,0.229962,0.493753
2016-08-14,0.249516,0.123989,0.230484,0.492187
2016-08-15,0.247842,0.123667,0.230514,0.490357
2016-08-16,0.246224,0.123375,0.230608,0.488735
2016-08-17,0.244935,0.123096,0.230235,0.487908
2016-08-18,0.243647,0.122831,0.230671,0.487262
2016-08-19,0.242339,0.122599,0.228034,0.486447
2016-08-20,0.241909,0.122490,0.224834,0.485883
2016-08-21,0.245474,0.122676,0.223390,0.489231
2016-08-22,0.251367,0.122937,0.223236,0.489904
2016-08-23,0.253149,0.123035,0.223190,0.489066
2016-08-24,0.252549,0.123058,0.223144,0.488387
2016-08-25,0.253038,0.123043,0.223096,0.488249
2016-08-26,0.252585,0.123284,0.223202,0.488337
2016-08-27,0.256644,0.124031,0.223653,0.491573
2016-08-28,0.260212,0.124581,0.222977,0.491645
2016-08-29,0.260085,0.124849,0.222836,0.491660
2016-08-30,0.259031,0.125154,0.222940,0.491576
2016-08-31,0.260928,0.125652,0.223458,0.492911
2016-09-01,0.262732,0.126473,0.225324,0.493809
2016-09-02,0.269500,0.127712,0.228587,0.501350
2016-09-03,0.272315,0.128799,0.228424,0.501333
2016-09-04,0.270454,0.129582,0.229069,0.500235
2016-09-05,0.268157,0.129932,0.226425,0.498914
2016-09-06,0.265822,0.129980,0.223742,0.497400
2016-09-07,0.263694,0.129984,0.223379,0.495632
2016-09-08,0.264705,0.130881,0.225890,0.496393
2016-09-09,0.271524,0.131999,0.227916,0.499145
2016-09-10,0.278526,0.133527,0.227548,0.511182
2016-09-11,0.291806,0.135145,0.231998,0.521584
2016-09-12,0.288068,0.136781,0.235690,0.516960
2016-09-13,0.283689,0.138447,0.236980,0.513070
2016-09-14,0.281642,0.140092,0.237608,0.510139
2016-09-15,0.280041,0.141591,0.237967,0.508029
2016-09-16,0.278887,0.142763,0.238157,0.506895
2016-09-17,0.276749,0.143624,0.238240,0.504708
2016-09-18,0.274494,0.144140,0.238241,0.502532
2016-09-19,0.272492,0.144496,0.238219,0.501243
2016-09-20,0.270864,0.144570,0.238197,0.500363
2016-09-21,0.269399,0.144089,0.238175,0.499647
2016-09-22,0.267896,0.143200,0.238102,0.498359
2016-09-23,0.266179,0.142228,0.237919,0.496955
2016-09-24,0.264733,0.141462,0.237725,0.495815
2016-09-25,0.265877,0.140565,0.237623,0.495542
2016-09-26,0.266223,0.140113,0.237468,0.495132
2016-09-27,0.270429,0.141465,0.237514,0.500020
2016-09-28,0.285239,0.143272,0.239127,0.510408
2016-09-29,0.285767,0.145014,0.241031,0.509613
2016-09-30,0.282959,0.146622,0.241726,0.508144
2016-10-01,0.280374,0.148032,0.242058,0.507154
2016-10-02,0.278309,0.149312,0.242184,0.506194
2016-10-03,0.277923,0.150403,0.242303,0.505951
2016-10-04,0.277486,0.151255,0.242493,0.505828
2016-10-05,0.276334,0.151943,0.242504,0.505194
2016-10-06,0.275691,0.152409,0.242413,0.503955
2016-10-07,0.274900,0.152714,0.242368,0.503406
2016-10-08,0.273825,0.152865,0.242304,0.503384
2016-10-09,0.272740,0.152906,0.242184,0.503223
2016-10-10,0.271752,0.152754,0.242098,0.502547
2016-10-11,0.270949,0.152412,0.241996,0.501802
2016-10-12,0.270257,0.152123,0.241369,0.500588
2016-10-13,0.269642,0.151810,0.240542,0.499803
2016-10-14,0.269134,0.151432,0.239706,0.499161
2016-10-15,0.268735,0.150937,0.239327,0.498354
2016-10-16,0.268224,0.150460,0.237977,0.497472
2016-10-17,0.265181,0.149913,0.237447,0.496654
2016-10-18,0.260207,0.149231,0.237309,0.495978
2016-10-19,0.255843,0.148481,0.236280,0.495279
2016-10-20,0.249597,0.147486,0.235925,0.494578
2016-10-21,0.241257,0.144021,0.235113,0.493872
2016-10-22,0.231863,0.142352,0.235076,0.493215
2016-10-23,0.223673,0.142032,0.233386,0.492362
2016-10-24,0.219363,0.141696,0.230609,0.491781
2016-10-25,0.218140,0.141411,0.230130,0.491571
2016-10-26,0.217189,0.141126,0.230012,0.491564
2016-10-27,0.216198,0.141526,0.229887,0.491597
2016-10-28,0.215834,0.142712,0.229753,0.491364
2016-10-29,0.214603,0.142578,0.229727,0.491389
2016-10-30,0.210416,0.142156,0.229734,0.491262
2016-10-31,0.203148,0.134482,0.232406,0.490835
2016-11-01,0.190742,0.122162,0.233336,0.490155
2016-11-02,0.173068,0.115333,0.232126,0.489481
2016-11-03,0.155988,0.113288,0.228916,0.488078
2016-11-04,0.145735,0.111912,0.227827,0.486695
2016-11-05,0.137538,0.111888,0.224852,0.485532
2016-11-06,0.134604,0.111831,0.224094,0.484801
2016-11-07,0.131656,0.111318,0.223946,0.483987
2016-11-08,0.129314,0.111283,0.223979,0.483195
2016-11-09,0.131665,0.111249,0.225361,0.482694
2016-11-10,0.134271,0.111219,0.224534,0.482517
2016-11-11,0.134927,0.111181,0.224201,0.482279
2016-11-12,0.134757,0.111148,0.222385,0.481641
2016-11-13,0.134400,0.111116,0.222616,0.482214
2016-11-14,0.134031,0.111089,0.223007,0.482081
2016-11-15,0.133766,0.111070,0.222348,0.481651
2016-11-16,0.132439,0.109353,0.222904,0.480798
2016-11-17,0.128484,0.107395,0.225971,0.478843
2016-11-18,0.125050,0.103299,0.227069,0.475335
2016-11-19,0.120291,0.099619,0.227242,0.471261
2016-11-20,0.115305,0.099616,0.227072,0.462590
2016-11-21,0.114362,0.097534,0.218404,0.455200
2016-11-22,0.111968,0.094509,0.205292,0.449791
2016-11-23,0.108329,0.093741,0.194721,0.442714
2016-11-24,0.106644,0.092721,0.188340,0.436165
2016-11-25,0.105253,0.092718,0.174116,0.428496
2016-11-26,0.105104,0.091742,0.152304,0.421900
2016-11-27,0.104652,0.090648,0.125629,0.415341
2016-11-28,0.103725,0.090648,0.086370,0.405143
2016-11-29,0.103627,0.090647,0.047688,0.394437
2016-11-30,0.103561,0.090646,0.040000,0.383324
2016-12-01,0.103502,0.090645,0.040000,0.371897
2016-12-02,0.103450,0.090645,0.040000,0.361538
2016-12-03,0.103403,0.090644,0.040000,0.347944
2016-12-04,0.103362,0.090424,0.040000,0.338275
2016-12-05,0.103326,0.089388,0.040000,0.330137
2016-12-06,0.103295,0.088843,0.040000,0.321254
2016-12-07,0.103268,0.088251,0.040000,0.311693
2016-12-08,0.103245,0.087943,0.040000,0.300408
2016-12-09,0.103225,0.087371,0.040000,0.288540
2016-12-10,0.103209,0.087226,0.040000,0.284406
2016-12-11,0.103197,0.087166,0.040000,0.282682
2016-12-12,0.103187,0.087166,0.040000,0.282491
2016-12-13,0.103179,0.087165,0.040000,0.283190
2016-12-14,0.103175,0.087165,0.040000,0.283330
2016-12-15,0.103172,0.087080,0.040000,0.283013
2016-12-16,0.103171,0.086298,0.040000,0.281796
2016-12-17,0.103172,0.085958,0.040000,0.279669
2016-12-18,0.103175,0.085906,0.040000,0.279001
2016-12-19,0.103180,0.085906,0.040000,NaN
2016-12-20,0.103186,0.085905,0.040000,NaN
2016-12-21,0.103194,0.085905,0.040000,NaN
2016-12-22,0.103202,0.085898,0.040000,NaN
2016-12-23,0.103212,0.085656,0.040000,NaN
2016-12-24,0.103223,0.085605,0.040000,NaN
2016-12-25,0.103235,0.085605,0.040000,NaN
2016-12-26,0.103248,0.085605,0.040000,NaN
2016-12-27,0.103261,0.085604,0.040000,NaN
2016-12-28,0.103275,0.085604,0.040000,NaN
2016-12-29,0.103289,0.085604,0.040000,NaN
2016-12-30,0.103304,NaN,NaN,NaN
2016-12-31,0.103336,0.085603,0.040000,NaN
2017-01-01,0.103353,0.085603,0.040000,NaN
2017-01-02,0.103370,0.085602,0.040000,NaN
2017-01-03,0.103387,0.085602,0.040000,NaN
2017-01-04,0.103404,0.085601,0.040000,NaN
2017-01-05,0.103422,0.085601,0.040000,NaN
2017-01-06,0.103440,0.085600,0.040000,NaN
2017-01-07,0.103459,0.085600,0.040000,NaN
2017-01-08,0.103477,0.085600,0.040000,NaN
2017-01-09,0.103496,0.085599,0.040000,NaN
2017-01-10,0.103515,0.085599,0.040000,NaN
2017-01-11,0.103534,0.085599,0.040000,NaN
2017-01-12,0.103553,0.085598,0.040000,NaN
2017-01-13,0.103572,0.085598,0.040000,NaN
2017-01-14,0.103592,0.085597,0.040000,NaN
2017-01-15,0.103611,0.085597,0.040000,NaN
2017-01-16,0.103630,0.085596,0.040000,NaN
2017-01-17,0.103648,0.085596,0.040000,NaN
2017-01-18,0.103667,0.085595,0.040000,NaN
2017-01-19,0.103686,0.085595,0.040000,NaN
2017-01-20,0.103705,0.085595,0.040000,NaN
2017-01-21,0.103723,0.085594,0.040000,NaN
2017-01-22,0.103743,0.085594,0.040000,NaN
2017-01-23,0.103762,0.085593,0.040000,NaN
2017-01-24,0.103780,0.085593,0.040000,NaN
2017-01-25,0.103799,0.085592,0.040000,NaN
2017-01-26,0.103817,0.085592,0.040000,NaN
2017-01-27,0.103835,0.085591,0.040000,NaN
2017-01-28,0.103853,0.085590,0.040000,NaN
2017-01-29,0.103871,0.085590,0.040000,0.278708
2017-01-30,0.103888,0.085589,0.040000,0.278978
2017-01-31,0.103904,0.085588,0.040000,0.279428
2017-02-01,0.103921,0.085588,0.040000,0.279591
2017-02-02,0.103937,0.085587,0.040000,0.279279
2017-02-03,0.103954,0.085587,0.040000,0.278786
2017-02-04,0.103970,0.085586,0.040000,0.278471
2017-02-05,0.103986,0.085585,0.040000,0.278181
2017-02-06,0.104002,0.085585,0.040000,0.277915
2017-02-07,0.104018,0.085584,0.040000,0.277607
2017-02-08,0.104034,0.085584,0.040000,0.277351
2017-02-09,0.104050,0.085583,0.040000,0.277269
2017-02-10,0.104067,0.085583,0.040000,0.277117
2017-02-11,0.104089,0.085582,0.040000,0.276965
2017-02-12,0.105621,0.085582,0.040000,0.276788
2017-02-13,0.106852,0.085581,0.040000,0.276709
2017-02-14,0.107483,0.085580,0.040000,0.276676
2017-02-15,0.107761,0.085579,0.040000,0.276908
2017-02-16,0.107664,0.085579,0.040000,0.277773
2017-02-17,0.107484,0.085578,0.040000,0.278506
2017-02-18,0.107300,0.085577,0.040000,0.278526
2017-02-19,0.107130,0.085577,0.040000,0.278061
2017-02-20,0.106978,0.085576,0.040000,0.277389
2017-02-21,0.106842,0.085576,0.040000,0.276785
2017-02-22,0.106721,0.085575,0.040000,0.276566
2017-02-23,0.106613,0.085574,0.040000,0.276565
2017-02-24,0.106516,0.085574,0.040000,0.276607
2017-02-25,0.106429,0.085573,0.040000,0.276537
2017-02-26,0.106350,0.085573,0.040000,0.276475
2017-02-27,0.106280,0.085572,0.040000,0.276467
2017-02-28,0.106216,0.085572,0.040000,0.276246
2017-03-01,0.106158,0.085571,0.040000,0.275944
2017-03-02,0.106106,0.085571,0.040000,0.275341
2017-03-03,0.106059,0.085570,0.040000,0.274580
2017-03-04,0.106016,0.085569,0.040000,0.273901
2017-03-05,0.105978,0.085569,0.040000,0.273555
2017-03-06,0.105943,0.085392,0.040000,0.273408
2017-03-07,0.105912,0.084775,0.040000,0.273181
2017-03-08,0.105883,0.084534,0.040000,0.272864
2017-03-09,0.105858,0.084369,0.040000,0.272403
2017-03-10,0.105835,0.084369,0.040000,0.271895
2017-03-11,0.105814,0.084368,0.040000,0.271400
2017-03-12,0.105796,0.084368,0.040000,0.270984
2017-03-13,0.105779,0.084367,0.040000,0.270672
2017-03-14,0.105764,0.084367,0.040000,0.270616
2017-03-15,0.105751,0.084366,0.040000,0.270841
2017-03-16,0.105739,0.084366,0.040000,0.271120
2017-03-17,0.105729,0.084365,0.040000,0.271363
2017-03-18,0.105720,0.084364,0.040000,0.271595
2017-03-19,0.105712,0.084364,0.040000,0.271694
2017-03-20,0.105706,0.084363,0.040000,0.271756
2017-03-21,0.105700,0.084363,0.040000,0.271870
2017-03-22,0.105695,0.084362,0.040000,0.271976
2017-03-23,0.105690,0.084362,0.040000,0.272102
2017-03-24,0.105687,0.084361,0.040000,0.272212
2017-03-25,0.105684,0.084361,0.040000,0.272310
2017-03-26,0.105681,0.084360,0.040000,0.272486
2017-03-27,0.105679,0.084359,0.040000,0.272633
2017-03-28,0.105705,0.084359,0.040000,0.272802
2017-03-29,0.120679,0.084358,0.040000,0.272951
2017-03-30,0.142401,0.084358,0.040000,0.273370
2017-03-31,0.152611,0.084359,0.040000,0.274329
2017-04-01,0.150446,0.084597,0.040000,0.275117
2017-04-02,0.142859,0.090962,0.040000,0.275908
2017-04-03,0.137680,0.101719,0.040000,0.276714
2017-04-04,0.136016,0.106192,0.040000,0.277535
2017-04-05,0.133930,0.109223,0.040000,0.278262
2017-04-06,0.131214,0.113777,0.040000,0.279042
2017-04-07,0.128713,0.117147,0.040000,0.279780
2017-04-08,0.126660,0.117807,0.040000,0.280548
2017-04-09,0.124937,0.117858,0.040000,0.281267
2017-04-10,0.123464,0.117860,0.040000,0.281896
2017-04-11,0.122186,0.117856,0.040000,0.282474
2017-04-12,0.121051,0.117852,0.040000,0.282976
2017-04-13,0.120034,0.117849,0.040000,0.283434
2017-04-14,0.119113,0.117851,0.040000,0.283852
2017-04-15,0.118285,0.117863,0.040000,0.284288
2017-04-16,0.117586,0.117876,0.040097,0.284738
2017-04-17,0.117010,0.114628,0.041449,0.285192
2017-04-18,0.116495,0.109056,0.044128,0.285408
2017-04-19,0.116034,0.108923,0.046660,0.286200
2017-04-20,0.115601,0.108919,0.048643,0.286434
2017-04-21,0.115193,0.108914,0.050179,0.286722
2017-04-22,0.114812,0.108909,0.051473,0.286931
2017-04-23,0.114455,0.108905,0.052212,NaN
2017-04-24,0.114152,0.108901,0.052683,NaN
2017-04-25,0.113748,0.108906,0.052878,NaN
2017-04-26,0.113209,0.111443,0.052867,NaN
2017-04-27,0.112608,0.142411,0.052974,NaN
2017-04-28,0.111842,0.184823,0.054465,NaN
2017-04-29,0.110918,0.192989,0.074855,NaN
2017-04-30,0.110096,0.194576,0.118008,NaN
2017-05-01,0.117991,0.194884,0.153469,NaN
2017-05-02,0.131308,0.194379,0.155593,NaN
2017-05-03,0.143786,0.193558,0.154832,NaN
2017-05-04,0.160226,0.192226,0.156673,NaN
2017-05-05,0.188528,0.191052,0.156873,NaN
2017-05-06,0.225967,0.194810,0.162242,NaN
2017-05-07,0.224907,0.205846,0.164717,NaN
2017-05-08,0.231398,0.214706,0.176599,NaN
2017-05-09,0.248087,0.218755,0.194919,NaN
2017-05-10,0.267939,0.219561,0.199719,NaN
2017-05-11,0.288136,0.218514,0.187553,NaN
2017-05-12,0.293282,0.216608,0.186281,NaN
2017-05-13,0.291406,0.214473,0.189693,NaN
2017-05-14,0.292124,0.212523,0.199650,NaN
2017-05-15,0.292164,0.210451,0.203168,NaN
2017-05-16,0.290107,0.208155,0.203995,NaN
2017-05-17,0.287633,0.205620,0.204375,NaN
2017-05-18,0.286321,0.203054,0.210013,0.522085
2017-05-19,0.285631,0.200534,0.229007,0.518124
2017-05-20,0.283793,0.197659,0.247235,0.516865
2017-05-21,0.281537,0.194662,0.253886,0.514120
2017-05-22,0.279356,0.191361,0.255880,0.510935
2017-05-23,0.277535,0.187936,0.257683,0.507136
2017-05-24,0.276189,0.184534,0.267367,0.505147
2017-05-25,0.274678,0.180811,0.271028,0.503358
2017-05-26,0.273082,0.177011,0.271076,0.501053
2017-05-27,0.271746,0.173084,0.271088,0.497763
2017-05-28,0.269894,0.168906,0.272115,NaN
2017-05-29,0.267805,0.164910,0.273880,NaN
2017-05-30,0.274886,0.162365,0.266988,0.495127
2017-05-31,0.303600,0.162774,0.276551,0.503015
2017-06-01,0.328407,0.170101,0.281894,NaN
2017-06-02,0.318533,0.184098,0.275725,0.588753
2017-06-03,0.315850,0.195611,0.270996,0.584030
2017-06-04,0.315129,0.204592,0.267860,0.583758
2017-06-05,0.308376,0.210038,0.265546,0.583190
2017-06-06,0.302549,0.211529,0.263853,0.574790
2017-06-07,0.297412,0.210340,0.263057,NaN
2017-06-08,0.292635,0.207691,0.261924,NaN
2017-06-09,0.291228,0.204324,0.259152,NaN
2017-06-10,0.297320,0.202183,0.258544,NaN
2017-06-11,0.295604,0.200561,0.258506,NaN
2017-06-12,0.300739,0.199002,0.253561,NaN
2017-06-13,0.304860,0.198905,0.250701,NaN
2017-06-14,0.301384,0.198579,0.249975,NaN
2017-06-15,0.301367,0.198598,0.249637,NaN
2017-06-16,0.304148,0.198462,0.249817,NaN
2017-06-17,0.302371,0.197649,0.250284,NaN
2017-06-18,0.299137,0.196605,0.250294,NaN
2017-06-19,0.294829,0.194539,0.249967,NaN
2017-06-20,0.296987,0.192130,0.249168,NaN
2017-06-21,0.297262,0.190272,0.249158,NaN
2017-06-22,0.292641,0.187648,0.249169,NaN
2017-06-23,0.288239,0.183939,0.249777,NaN
2017-06-24,0.283918,0.179474,0.250334,NaN
2017-06-25,0.281135,0.174591,0.247486,NaN
2017-06-26,0.281791,0.169560,0.245456,NaN
2017-06-27,0.281997,0.165841,0.246451,NaN
2017-06-28,0.279399,0.161185,0.246201,NaN
2017-06-29,0.277357,0.156806,0.243734,NaN
2017-06-30,0.284157,0.154746,0.241570,NaN
2017-07-01,0.283814,0.153106,0.241445,NaN
2017-07-02,0.281079,0.150439,0.242755,NaN
2017-07-03,0.278452,0.147495,0.241196,NaN
2017-07-04,0.302770,0.148617,0.243114,NaN
2017-07-05,0.319206,0.153398,0.254302,NaN
2017-07-06,0.313985,0.158344,0.260181,NaN
2017-07-07,0.304104,0.163338,0.259870,NaN
2017-07-08,0.297539,0.166862,0.258676,NaN
2017-07-09,0.321630,0.170363,0.263644,0.688309
2017-07-10,0.315775,0.175181,0.266259,0.714108
2017-07-11,0.307027,0.179199,0.265104,0.702720
2017-07-12,0.300207,0.181076,0.263309,0.683645
2017-07-13,0.295694,0.181419,0.260989,0.665997
2017-07-14,0.291665,0.179466,0.258883,0.651180
2017-07-15,0.287593,0.175755,0.256536,0.635567
2017-07-16,0.284858,0.171892,0.254610,0.621692
2017-07-17,0.282389,0.167513,0.253089,0.610292
2017-07-18,0.279614,0.162297,0.251439,0.599342
2017-07-19,0.277343,0.157322,0.250068,0.588790
2017-07-20,0.275038,0.152773,0.248768,0.578556
2017-07-21,0.273341,0.148866,0.246328,0.569449
2017-07-22,0.272608,0.145937,0.246106,0.561940
2017-07-23,0.270836,0.142994,0.245394,0.556040
2017-07-24,0.268240,0.140656,0.244974,0.549323
2017-07-25,0.265876,0.138505,0.243876,0.541854
2017-07-26,0.264502,0.136922,0.241417,0.534917
2017-07-27,0.263731,0.135528,0.241179,0.530890
2017-07-28,0.262973,0.134468,0.240635,0.527765
2017-07-29,0.261767,0.133280,0.239683,0.525043
2017-07-30,0.262180,0.132275,0.235930,0.521807
2017-07-31,0.262287,0.131273,0.237591,0.518763
2017-08-01,0.260805,0.130365,0.237395,0.515292
2017-08-02,0.259153,0.129627,0.236975,0.511918
2017-08-03,0.257279,0.128912,0.237061,0.508619
2017-08-04,0.255599,0.128307,0.233912,0.505420
2017-08-05,0.257378,0.127809,0.230895,0.503322
2017-08-06,0.257616,0.127284,0.233117,0.503034
2017-08-07,0.256284,0.126774,0.234132,0.501776
2017-08-08,0.254366,0.126324,0.234294,0.499737
2017-08-09,0.252322,0.125888,0.234075,0.496822
2017-08-10,0.250021,0.125511,0.234331,0.493789
2017-08-11,0.247918,0.125145,0.234024,0.490601
2017-08-12,0.246312,0.124768,0.232948,0.487650
2017-08-13,0.245147,0.124438,0.232751,0.486284
2017-08-14,0.243865,0.124110,0.233167,0.485900
2017-08-15,0.242641,0.123813,0.233200,0.484565
2017-08-16,0.241430,0.123522,0.233131,0.484003
2017-08-17,0.240518,0.123242,0.228462,0.482966
2017-08-18,0.241776,0.123019,0.225949,0.481747
2017-08-19,0.244091,0.122844,0.225613,0.481578
2017-08-20,0.244769,0.122688,0.225568,0.481390
2017-08-21,0.244545,0.122534,0.227886,0.481078
2017-08-22,0.243747,0.122366,0.228852,0.480317
2017-08-23,0.242705,0.122179,0.229059,0.478762
2017-08-24,0.241641,0.122016,0.228843,0.477076
2017-08-25,0.240697,0.121865,0.228547,0.476134
2017-08-26,0.239628,0.121704,0.228640,0.475524
2017-08-27,0.238610,0.121550,0.228875,0.474166
2017-08-28,0.237734,0.121410,0.228405,0.473090
2017-08-29,0.236677,0.121261,0.228442,0.472985
2017-08-30,0.235610,0.121105,0.228305,0.471994
2017-08-31,0.234652,0.120955,0.228561,0.470246
2017-09-01,0.233780,0.120823,0.228404,0.469048
2017-09-02,0.232965,0.120692,0.228293,0.468925
2017-09-03,0.232232,0.120562,0.228197,0.468680
2017-09-04,0.231535,0.120448,0.227758,0.468443
2017-09-05,0.230633,0.120333,0.228063,0.467528
2017-09-06,0.229589,0.120224,0.227932,0.466005
2017-09-07,0.228621,0.120113,0.227657,0.464691
2017-09-08,0.227823,0.120011,0.227423,0.463290
2017-09-09,0.227335,0.119924,0.224519,0.463268
2017-09-10,0.231205,0.120034,0.220721,0.464020
2017-09-11,0.235128,0.120421,0.220194,0.468753
2017-09-12,0.236894,0.120701,0.220099,0.469574
2017-09-13,0.237492,0.120879,0.220055,0.469417
2017-09-14,0.237382,0.120973,0.220506,0.469580
2017-09-15,0.236875,0.121010,0.220750,0.469112
2017-09-16,0.236376,0.121025,0.219787,0.468427
2017-09-17,0.235783,0.121015,0.219799,0.468414
2017-09-18,0.235189,0.120990,0.220077,0.468534
2017-09-19,0.234605,0.120955,0.221891,0.468310
2017-09-20,0.234040,0.120915,0.222560,0.468041
2017-09-21,0.233497,0.120863,0.222622,0.468114
2017-09-22,0.232963,0.120807,0.222606,0.468116
2017-09-23,0.232487,0.120753,0.222419,0.467634
2017-09-24,0.232005,0.120682,0.222347,0.467072
2017-09-25,0.231458,0.120613,0.222363,0.466572
2017-09-26,0.231076,0.120571,0.220162,0.466407
2017-09-27,0.230843,0.120528,0.220002,0.466878
2017-09-28,0.230475,0.120451,0.220478,0.466549
2017-09-29,0.238866,0.120542,0.219661,0.465452
2017-09-30,0.284564,0.121480,0.227322,0.478740
2017-10-01,0.286544,0.123252,0.237433,0.501693
2017-10-02,0.281425,0.126266,0.240001,0.501792
2017-10-03,0.277192,0.130040,0.240887,0.500297
2017-10-04,0.273828,0.133992,0.241125,0.498321
2017-10-05,0.271069,0.137788,0.241124,0.496780
2017-10-06,0.269350,0.141316,0.241082,0.495432
2017-10-07,0.269255,0.144600,0.241155,0.494401
2017-10-08,0.268114,0.147638,0.240904,0.493733
2017-10-09,0.267048,0.150476,0.240632,0.493002
2017-10-10,0.267412,0.153122,0.240820,0.492455
2017-10-11,0.267127,0.155580,0.241202,0.493057
2017-10-12,0.266735,0.157847,0.241530,0.492535
2017-10-13,0.267128,0.159839,0.241765,0.491965
2017-10-14,0.266717,0.161529,0.241554,0.491365
2017-10-15,0.265785,0.162846,0.241398,0.490635
2017-10-16,0.264954,0.163774,0.241015,0.489687
2017-10-17,0.264252,0.164076,0.240761,0.488922
2017-10-18,0.263580,0.163675,0.240665,0.488252
2017-10-19,0.262956,0.163119,0.240548,0.487488
2017-10-20,0.262461,0.162511,0.240451,0.486639
2017-10-21,0.265267,0.161821,0.240678,0.485986
2017-10-22,0.266759,0.161233,0.241642,0.485354
2017-10-23,0.266830,0.160605,0.242632,0.484703
2017-10-24,0.266396,0.159996,0.243523,0.484039
2017-10-25,0.267635,0.159249,0.244150,0.483546
2017-10-26,0.268111,0.158439,0.244135,0.482900
2017-10-27,0.269093,0.157770,0.244167,0.482330
2017-10-28,0.271807,0.158690,0.244905,0.486293
2017-10-29,0.271955,0.159718,0.245266,0.487912
2017-10-30,0.271002,0.159830,0.245014,0.486887
2017-10-31,0.268012,0.158210,0.244708,0.486479
2017-11-01,0.260468,0.133952,0.244386,0.485914
2017-11-02,0.248177,0.115399,0.244161,0.485287
2017-11-03,0.235257,0.111330,0.243773,0.484950
2017-11-04,0.226821,0.109680,0.243273,0.484051
2017-11-05,0.211311,0.109636,0.242164,0.483414
2017-11-06,0.191747,0.109048,0.240206,0.482636
2017-11-07,0.166657,0.108179,0.239295,0.481192
2017-11-08,0.144210,0.108152,0.239235,0.479697
2017-11-09,0.130877,0.108125,0.240205,0.477589
2017-11-10,0.124866,0.108098,0.240182,0.475746
2017-11-11,0.121898,0.108071,0.240496,0.473976
2017-11-12,0.118496,0.108045,0.239345,0.472732
2017-11-13,0.115410,0.108020,0.236487,0.471860
2017-11-14,0.113484,0.107863,0.234892,0.469915
2017-11-15,0.112379,0.106372,0.233785,0.468482
2017-11-16,0.112031,0.103953,0.228340,0.467372
2017-11-17,0.111901,0.103187,NaN,0.466016
