Date,Noah_MP,CLM,CLASS,OBS
2014-01-03,-8.644379,-21.139069,-8.330774,NaN
2014-01-04,-7.946411,-21.467422,-8.616391,NaN
2014-01-05,-7.642365,-23.386337,-9.256317,NaN
2014-01-06,-7.161957,-22.793747,-9.020991,NaN
2014-01-07,-6.502075,-21.529312,-8.540167,NaN
2014-01-08,-5.969635,-20.025787,-8.168584,NaN
2014-01-09,-5.520020,-18.873169,-7.661356,NaN
2014-01-10,-5.110046,-17.831970,-7.167047,NaN
2014-01-11,-4.905334,-18.044220,-7.012544,NaN
2014-01-12,-4.923615,-18.709930,-7.146384,NaN
2014-01-13,-5.073792,-19.358582,-7.472396,NaN
2014-01-14,-5.430969,-20.360535,-8.193619,NaN
2014-01-15,-5.056000,-17.515564,-7.416096,NaN
2014-01-16,-4.398285,-15.331940,-6.652316,NaN
2014-01-17,-3.794556,-13.826172,-5.809352,NaN
2014-01-18,-3.531738,-13.609375,-5.436833,NaN
2014-01-19,-3.634277,-13.929718,-5.313518,NaN
2014-01-20,-3.844452,-14.522980,-5.453167,NaN
2014-01-21,-4.132050,-14.994476,-5.577921,NaN
2014-01-22,-4.379211,-15.116119,-5.744776,NaN
2014-01-23,-4.175018,-13.909027,-5.463033,NaN
2014-01-24,-3.752289,-12.648651,-4.862716,NaN
2014-01-25,-3.453400,-11.860596,-4.425523,NaN
2014-01-26,-3.460999,-11.824371,-4.362473,NaN
2014-01-27,-4.122467,-12.974396,-4.994629,NaN
2014-01-28,-4.450226,-13.174988,-5.045808,NaN
2014-01-29,-4.925293,-13.900696,-5.193998,NaN
2014-01-30,-5.602112,-14.730560,-5.853614,NaN
2014-01-31,-5.596375,-14.036255,-5.786967,NaN
2014-02-01,-5.230011,-13.039032,-5.422562,NaN
2014-02-02,-4.815430,-12.295532,-4.969051,NaN
2014-02-03,-4.767120,-12.546387,-4.937010,NaN
2014-02-04,-4.954498,-13.082153,-5.170121,NaN
2014-02-05,-5.206055,-13.537598,-5.411076,NaN
2014-02-06,-5.455627,-13.805420,-5.770678,NaN
2014-02-07,-5.397125,-13.404663,-5.570287,NaN
2014-02-08,-5.565857,-13.909698,-5.764052,NaN
2014-02-09,-5.969635,-14.775452,-6.027338,NaN
2014-02-10,-6.426971,-15.598602,-6.487664,NaN
2014-02-11,-6.940063,-16.353516,-7.059053,NaN
2014-02-12,-7.325531,-16.738586,-7.472542,NaN
2014-02-13,-7.603912,-17.079468,-7.664002,NaN
2014-02-14,-7.906860,-17.644211,-8.031307,NaN
2014-02-15,-7.964874,-17.470947,-8.020127,NaN
2014-02-16,-7.732117,-16.957367,-7.861682,NaN
2014-02-17,-7.602478,-16.749573,-7.810824,NaN
2014-02-18,-7.320557,-16.243866,-7.525428,NaN
2014-02-19,-7.060272,-16.185547,-7.364389,NaN
2014-02-20,-7.051910,-16.716705,-7.501676,NaN
2014-02-21,-7.210144,-17.240952,-7.795427,NaN
2014-02-22,-7.432404,-17.637650,-8.111546,NaN
2014-02-23,-7.658386,-17.936920,-8.396236,NaN
2014-02-24,-7.765076,-17.779633,-8.498580,-9.342915
2014-02-25,-7.810059,-17.626007,-8.541155,-9.513333
2014-02-26,-7.684937,-17.020233,-8.303386,NaN
2014-02-27,-7.658081,-16.807495,-8.185589,NaN
2014-02-28,-7.810120,-17.018188,-8.395480,NaN
2014-03-01,-8.238342,-17.618805,-8.789503,NaN
2014-03-02,-8.513947,-17.777710,-8.986086,NaN
2014-03-03,-8.655029,-17.671158,-9.030746,NaN
2014-03-04,-8.713013,-17.486984,-8.964239,NaN
2014-03-05,-8.784119,-17.380203,-8.894173,NaN
2014-03-06,-8.838257,-17.270004,-8.793129,NaN
2014-03-07,-8.996429,-17.397476,-8.831884,NaN
2014-03-08,-9.099884,-17.378632,-8.815078,NaN
2014-03-09,-8.846588,-16.811829,-8.546715,NaN
2014-03-10,-8.368408,-16.052734,-8.106259,NaN
2014-03-11,-7.890594,-15.406372,-7.782831,NaN
2014-03-12,-6.331909,-13.283539,-7.184032,NaN
2014-03-13,-5.057465,-11.814880,-6.307108,NaN
2014-03-14,-5.040466,-11.435059,-6.051502,NaN
2014-03-15,-4.920135,-10.969574,-5.666406,NaN
2014-03-16,-3.889984,-9.712494,-5.237424,NaN
2014-03-17,-4.122406,-9.644501,-5.066658,NaN
2014-03-18,-4.525055,-9.681976,-4.931405,NaN
2014-03-19,-4.939758,-9.645630,-4.883739,NaN
2014-03-20,-6.049835,-10.315643,-4.940660,NaN
2014-03-21,-7.733185,-11.475098,-5.334072,NaN
2014-03-22,-8.751373,-12.061035,-5.756866,NaN
2014-03-23,-8.394440,-11.514679,-5.786905,NaN
2014-03-24,-8.634857,-11.553070,-5.794990,NaN
2014-03-25,-8.578888,-11.370483,-6.027863,NaN
2014-03-26,-8.602173,-11.268158,-6.103160,NaN
2014-03-27,-8.774963,-11.372467,-6.191434,NaN
2014-03-28,-8.704437,-11.246490,-6.227854,NaN
2014-03-29,-8.174866,-10.665619,-6.044386,NaN
2014-03-30,-9.292633,-11.698944,-6.298888,NaN
2014-03-31,-9.519073,-11.859985,-6.541974,NaN
2014-04-01,-8.951355,-11.149811,-6.398581,NaN
2014-04-02,-9.424652,-11.592773,-6.509982,NaN
2014-04-03,-9.487671,-11.585571,-6.653971,NaN
2014-04-04,-8.551117,-10.768524,-6.317497,NaN
2014-04-05,-8.018677,-10.254242,-6.126700,NaN
2014-04-06,-7.194611,-9.613678,-6.034345,NaN
2014-04-07,-5.563660,-8.553925,-4.965834,NaN
2014-04-08,-3.136078,-6.343719,-3.289174,-3.895798
2014-04-09,-1.763611,-4.206726,-2.318374,-2.328862
2014-04-10,-3.725708,-5.247162,-3.046137,-2.784928
2014-04-11,-4.818329,-6.889435,-3.474825,-3.858811
2014-04-12,-4.815460,-6.696808,-3.749541,-4.347955
2014-04-13,-5.397003,-6.449921,-3.999029,-4.347753
2014-04-14,-3.137512,-4.564941,-3.227532,-3.608958
2014-04-15,-2.811432,-3.994537,-2.533327,-3.066229
2014-04-16,-3.537537,-4.143433,-2.537451,-3.025851
2014-04-17,-1.830139,-2.754333,-1.787981,-2.246821
2014-04-18,-1.051544,-1.376648,-0.958594,-1.169250
2014-04-19,-0.886322,-0.971802,-1.181583,-0.430030
2014-04-20,-0.565460,-0.749481,-1.354721,-0.009045
2014-04-21,-0.199463,-0.524384,-0.865465,0.214506
2014-04-22,-0.088989,-0.303131,-0.130710,0.279241
2014-04-23,-0.076447,-0.378021,-0.098554,0.248539
2014-04-24,-0.041138,-0.244110,0.008871,0.275390
2014-04-25,-0.058044,-0.098297,0.010000,0.288314
2014-04-26,-0.043549,-0.035034,0.010000,0.301405
2014-04-27,-0.012665,-0.004730,0.010000,0.320518
2014-04-28,0.138306,0.493164,0.010000,0.439054
2014-04-29,2.809875,2.244080,1.299298,0.978432
2014-04-30,5.864960,4.121857,2.881284,1.631259
2014-05-01,5.641296,3.780914,2.200046,1.410634
2014-05-02,2.916687,1.979126,1.540950,1.145836
2014-05-03,1.509766,1.472748,1.937776,1.145607
2014-05-04,1.395782,1.491302,2.643681,0.893402
2014-05-05,0.782562,0.930542,2.414377,0.309057
2014-05-06,0.689056,0.893677,3.728130,1.468973
2014-05-07,3.034241,3.356171,5.311568,2.714375
2014-05-08,4.961853,4.690002,6.535214,3.597765
2014-05-09,4.995361,4.418884,7.007036,3.126637
2014-05-10,4.593445,4.043121,6.903617,3.589435
2014-05-11,5.251648,5.038818,7.475827,4.411015
2014-05-12,4.678650,4.366943,7.643324,4.792241
2014-05-13,7.150909,6.678619,10.171084,6.851476
2014-05-14,9.538757,8.231750,10.108573,5.809554
2014-05-15,6.933594,4.776886,8.136675,4.843250
2014-05-16,7.364838,5.703217,9.121234,5.967193
2014-05-17,9.006409,7.421906,10.560031,7.421182
2014-05-18,10.187836,8.412567,11.657742,8.298970
2014-05-19,11.219879,9.506134,12.047876,8.999051
2014-05-20,8.897278,6.872162,9.342747,5.368723
2014-05-21,6.539368,4.852112,8.437515,5.135051
2014-05-22,6.109619,5.031219,8.400005,5.338405
2014-05-23,5.821289,5.047546,6.870258,3.327634
2014-05-24,2.379944,2.252563,6.582996,4.826211
2014-05-25,6.216888,6.728516,10.256929,8.042399
2014-05-26,9.240204,9.262573,12.281677,9.680402
2014-05-27,10.752075,10.248444,13.445019,10.385006
2014-05-28,12.171478,11.547821,14.370371,10.783923
2014-05-29,12.611725,11.532654,14.823811,11.402164
2014-05-30,13.164917,12.075409,15.207931,11.991101
2014-05-31,13.307556,12.219788,15.856005,11.881324
2014-06-01,14.432861,13.496674,16.883589,12.305497
2014-06-02,14.181183,13.101166,14.990253,10.941250
2014-06-03,10.572296,9.120483,11.240980,8.326048
2014-06-04,8.188416,7.556915,10.515020,7.440964
2014-06-05,8.421967,8.568024,11.635276,8.073256
2014-06-06,9.541473,10.078644,13.107282,9.547827
2014-06-07,10.559052,11.163666,14.767769,10.862747
2014-06-08,11.703552,12.195984,15.608333,11.160268
2014-06-09,12.367706,12.577637,16.215879,11.824881
2014-06-10,13.345184,13.684296,16.966868,11.743815
2014-06-11,13.044556,13.216553,16.436501,11.400324
2014-06-12,13.150482,13.473694,15.956107,11.460298
2014-06-13,12.791840,13.470459,15.903746,11.956786
2014-06-14,12.443573,12.853058,14.752230,12.563036
2014-06-15,11.235657,11.441345,12.448818,11.374315
2014-06-16,10.030548,10.343079,12.622646,12.983006
2014-06-17,11.690155,12.834808,15.059958,13.991548
2014-06-18,13.680878,14.783691,16.368000,13.937143
2014-06-19,13.540466,14.109100,16.441496,13.047125
2014-06-20,14.710846,15.366058,17.454868,13.422173
2014-06-21,13.668732,13.742828,15.375375,14.153423
2014-06-22,12.723236,12.858673,15.552118,13.990833
2014-06-23,14.598755,15.650269,17.801906,15.327173
2014-06-24,16.405334,17.403534,19.636603,16.581786
2014-06-25,17.354370,18.079620,19.841680,15.264821
2014-06-26,15.979980,15.956848,18.733062,14.335923
2014-06-27,16.428650,16.896118,19.767486,14.665655
2014-06-28,17.126099,17.788300,20.447669,15.893036
2014-06-29,17.635406,18.703339,20.706419,16.135536
2014-06-30,17.237030,18.327545,20.604111,15.729435
2014-07-01,17.050140,17.973755,20.821126,16.743899
2014-07-02,17.651703,18.460876,21.313662,16.890238
2014-07-03,18.222687,19.254364,21.531542,17.998393
2014-07-04,17.189240,17.580505,18.821227,14.764345
2014-07-05,14.616180,14.236176,17.047045,15.242887
2014-07-06,14.961609,15.644318,17.380775,15.577679
2014-07-07,14.963409,15.648743,17.995178,16.290089
2014-07-08,16.187561,17.373199,19.830881,17.146220
2014-07-09,15.503052,15.970764,16.480849,12.738571
2014-07-10,11.945953,11.948151,14.077558,12.906042
2014-07-11,12.084290,12.825012,15.029911,13.727024
2014-07-12,14.374390,16.112579,18.327294,17.597262
2014-07-13,16.731720,18.638458,20.549218,18.441637
2014-07-14,18.130981,19.684784,22.234161,19.373988
2014-07-15,18.824768,19.854706,21.764431,17.635357
2014-07-16,16.587921,16.738922,18.881724,14.630119
2014-07-17,15.240295,15.855530,18.508071,15.415179
2014-07-18,15.028717,15.958221,18.341195,14.890923
2014-07-19,15.089203,16.169617,18.776528,14.920476
2014-07-20,15.434937,16.734467,19.610095,15.681994
2014-07-21,15.805328,17.107605,19.713885,15.854107
2014-07-22,15.675751,16.600586,19.845443,16.081429
2014-07-23,16.603607,17.880585,20.722963,16.870238
2014-07-24,17.031067,18.167694,21.106554,16.262649
2014-07-25,16.838837,17.881531,20.590695,15.477649
2014-07-26,17.300629,18.592224,21.402027,17.333423
2014-07-27,17.171753,18.675385,21.275128,15.764375
2014-07-28,17.355652,19.194885,21.579268,15.883780
2014-07-29,17.695343,19.788025,22.490296,17.017946
2014-07-30,18.081421,19.591095,21.428535,15.516994
2014-07-31,14.796265,15.034760,17.880661,11.525298
2014-08-01,12.660156,13.469330,17.525208,11.783714
2014-08-02,14.477417,16.038391,19.767059,14.168696
2014-08-03,16.132690,18.042664,21.427238,15.555774
2014-08-04,17.464508,19.512146,22.819284,17.402857
2014-08-05,18.313873,20.430054,22.400920,16.174286
2014-08-06,17.097900,18.839844,19.417141,13.153065
2014-08-07,13.114105,13.665802,14.698901,12.047887
2014-08-08,11.144897,11.956146,13.813830,12.116339
2014-08-09,11.499542,12.728851,15.273695,12.920914
2014-08-10,12.844727,14.393555,16.810565,13.700833
2014-08-11,13.337341,14.570038,16.962550,14.091994
2014-08-12,14.483734,15.608582,19.113251,16.952946
2014-08-13,16.382202,17.502594,20.306918,16.297262
2014-08-14,16.448792,17.067047,20.126141,15.618958
2014-08-15,16.341095,16.731079,20.279434,15.687440
2014-08-16,17.420074,18.115295,21.374268,16.138958
2014-08-17,16.975647,17.100372,19.826136,14.053304
2014-08-18,15.627167,15.689423,18.728586,14.186310
2014-08-19,13.837036,14.003357,16.116881,10.822321
2014-08-20,11.306366,11.788422,14.601655,9.718384
2014-08-21,10.622314,11.566833,14.389554,8.363854
2014-08-22,11.081665,12.552826,15.347482,9.762554
2014-08-23,12.250519,13.946136,16.653183,11.668461
2014-08-24,12.785736,14.332275,16.739667,11.143396
2014-08-25,13.638611,15.335144,17.219173,12.487113
2014-08-26,12.897186,14.075195,16.123041,11.277009
2014-08-27,12.004333,13.353302,14.323322,8.786146
2014-08-28,9.647278,10.032196,13.181016,8.002586
2014-08-29,10.522797,11.548889,13.961441,8.767822
2014-08-30,11.119568,11.983307,14.441142,10.217071
2014-08-31,10.599945,11.050232,13.797515,8.959920
2014-09-01,10.564850,10.980591,13.900345,10.074494
2014-09-02,10.393066,10.828430,14.075375,9.319613
2014-09-03,10.437256,11.005066,13.403092,8.847244
2014-09-04,9.533478,9.796875,12.198580,6.780545
2014-09-05,7.732208,8.055878,10.785908,5.057777
2014-09-06,6.172119,6.823578,8.912124,2.769518
2014-09-07,3.239075,4.070526,6.708410,1.642786
2014-09-08,3.257660,4.256042,7.022913,2.599792
2014-09-09,3.108398,4.253357,6.978320,1.354048
2014-09-10,3.797821,5.306549,7.845348,3.339506
2014-09-11,6.274506,7.792328,9.553307,6.538640
2014-09-12,6.919067,7.774719,10.272210,5.648565
2014-09-13,6.939148,7.650177,10.509994,5.028193
2014-09-14,7.067841,7.760986,10.461734,6.839533
2014-09-15,8.630890,9.520294,11.317054,7.513568
2014-09-16,7.323273,7.480743,9.214653,5.277512
2014-09-17,6.201141,6.523041,8.700034,5.335518
2014-09-18,5.687988,6.249115,8.688589,5.074723
2014-09-19,7.197693,8.192291,10.158177,7.969393
2014-09-20,7.467407,8.064728,10.559853,7.457274
2014-09-21,8.742554,9.697571,11.592581,9.414161
2014-09-22,9.736694,10.710602,12.385788,9.549652
2014-09-23,10.074707,10.935425,11.216019,6.069595
2014-09-24,7.530243,8.098785,9.079964,3.710140
2014-09-25,6.553741,7.545349,8.415469,4.064170
2014-09-26,5.076752,5.901855,7.257669,3.902518
2014-09-27,4.707916,5.395721,7.962149,5.922711
2014-09-28,5.674164,6.408020,8.127355,5.027557
2014-09-29,6.212616,6.869354,8.537711,5.924821
2014-09-30,5.334900,5.475067,7.261611,3.631074
2014-10-01,4.357697,4.576477,6.114340,1.819461
2014-10-02,2.419403,2.800812,4.475982,-0.072943
2014-10-03,1.237976,2.170959,3.349003,-0.281357
2014-10-04,1.976501,2.913300,5.036223,1.577101
2014-10-05,2.953766,3.979950,5.277458,1.374301
2014-10-06,2.527954,3.667694,5.789762,2.786039
2014-10-07,2.730591,3.619415,4.863616,0.605128
2014-10-08,1.269531,1.901917,4.214587,-0.130738
2014-10-09,0.898529,1.489838,3.936453,0.312220
2014-10-10,1.550018,2.311798,4.210742,1.114682
2014-10-11,1.789581,2.455780,4.243856,1.588958
2014-10-12,1.524689,2.231171,3.587430,-0.000104
2014-10-13,0.791931,1.431946,3.277983,-0.228179
2014-10-14,0.081970,0.737488,3.129854,-0.174857
2014-10-15,-0.003601,0.374512,3.075617,-0.252274
2014-10-16,-0.027252,-0.622467,2.825443,-0.244958
2014-10-17,0.010010,-0.546844,2.763307,-0.309860
2014-10-18,0.010010,-0.195618,2.765378,-0.235298
2014-10-19,0.147278,-0.478241,2.619794,-0.227324
2014-10-20,0.595123,-0.311584,2.617668,-0.146310
2014-10-21,0.872894,0.391541,2.509120,-0.244976
2014-10-22,0.972290,0.227112,2.356753,-0.260381
2014-10-23,0.906830,-0.078766,1.965017,-0.317357
2014-10-24,0.734985,-0.801147,1.823297,-0.543988
2014-10-25,0.371307,-1.892090,2.106833,-0.715089
2014-10-26,0.223511,-2.563141,1.905716,-0.629208
2014-10-27,0.182465,-2.859680,1.707392,-0.618446
2014-10-28,0.106171,-3.068420,1.717617,-0.902125
2014-10-29,0.001678,-3.222412,1.637886,-0.804321
2014-10-30,-0.002563,-3.225403,1.718363,-0.600943
2014-10-31,-0.020630,-2.899780,1.506638,-0.237223
2014-11-01,0.011047,-1.607758,2.316169,-0.906357
2014-11-02,-0.029114,-2.937958,2.094957,-1.483146
2014-11-03,-0.034241,-3.743011,2.215642,-1.822815
2014-11-04,-0.039886,-4.167450,2.069835,-2.019452
2014-11-05,-0.045258,-4.950195,2.599423,-2.250991
2014-11-06,-0.060516,-5.367035,2.461004,-2.445360
2014-11-07,-0.069855,-6.776855,3.330557,-2.411033
2014-11-08,-0.090881,-9.676483,0.789358,-2.635280
2014-11-09,-0.140015,-10.690918,0.036027,-2.922429
2014-11-10,-0.237946,-14.581879,0.010000,-3.618580
2014-11-11,-0.526886,-14.645325,0.010000,-4.138307
2014-11-12,-0.961212,-15.406403,-0.904035,-4.685961
2014-11-13,-1.609528,-15.920837,-2.112598,-5.069360
2014-11-14,-2.289215,-15.577484,-2.065023,-5.233137
2014-11-15,-2.741730,-13.986450,-1.634249,-4.992851
2014-11-16,-2.954010,-12.630951,-1.414448,-4.831274
2014-11-17,-3.294128,-13.482361,-1.990051,-4.959363
2014-11-18,-2.927246,-11.212250,-1.949833,-4.224140
2014-11-19,-2.488892,-9.675201,-1.675005,-3.712655
2014-11-20,-2.451660,-9.326447,-1.691732,-3.405887
2014-11-21,-2.297943,-8.604218,-1.391303,-3.166372
2014-11-22,-3.180969,-11.662964,-2.360771,-3.522622
2014-11-23,-3.924316,-13.800568,-3.110741,-4.023071
2014-11-24,-4.363129,-15.449036,-3.386323,-4.600702
2014-11-25,-5.494293,-20.064590,-4.914210,-5.408265
2014-11-26,-6.333679,-20.621704,-5.610277,-5.982405
2014-11-27,-6.506592,-19.368530,-5.785959,-6.357664
2014-11-28,-7.540131,-22.465469,-7.209933,-6.869640
2014-11-29,-7.969543,-21.066406,-6.998269,-7.145637
2014-11-30,-8.419006,-21.288071,-7.101551,-7.420792
2014-12-01,-9.090057,-21.880844,-7.848765,-7.557756
2014-12-02,-9.861877,-22.737732,-8.655007,-7.540946
2014-12-03,-10.181030,-21.647583,-8.531539,-7.193351
2014-12-04,-9.940186,-19.877136,-7.662646,-6.603426
2014-12-05,-9.994781,-19.707199,-7.454265,-5.942914
2014-12-06,-10.186523,-20.011642,-7.686110,-5.757452
2014-12-07,-9.984009,-19.345734,-7.442178,-5.836810
2014-12-08,-9.777985,-19.314133,-7.380423,-6.158548
2014-12-09,-9.277496,-17.805756,-6.856761,-6.108262
2014-12-10,-8.744080,-17.029663,-6.282648,-5.835330
2014-12-11,-8.201752,-16.985748,-5.788337,-5.458503
2014-12-12,-7.507141,-16.460327,-5.081411,-5.046131
2014-12-13,-7.077576,-17.035217,-4.983968,-5.002997
2014-12-14,-6.818939,-17.527344,-5.052855,-5.445039
2014-12-15,-6.639038,-17.194382,-5.203105,-5.874188
2014-12-16,-6.085419,-15.100464,-4.889655,-5.806476
2014-12-17,-5.987793,-15.753723,-5.044005,-5.934330
2014-12-18,-6.138794,-16.622742,-5.301035,-6.186952
2014-12-19,-6.504028,-17.934372,-5.908459,-6.333991
2014-12-20,-6.478516,-17.152145,-5.653932,-6.081211
2014-12-21,-6.122803,-16.162140,-5.260907,-5.551577
2014-12-22,-5.739319,-15.163422,-4.765879,-4.906878
2014-12-23,-5.550873,-15.670441,-4.712431,-4.468583
2014-12-24,-5.500397,-15.779541,-4.638045,-4.259277
2014-12-25,-5.569489,-16.696991,-4.779045,-4.211369
2014-12-26,-5.757874,-17.786514,-5.031340,-4.413265
2014-12-27,-5.974915,-18.558456,-5.269019,-5.230890
2014-12-28,-6.084778,-18.145554,-5.357346,-5.474851
2014-12-29,-5.975220,-17.462082,-5.422898,-5.529887
2014-12-30,-5.962402,-16.902161,-5.637974,-5.502554
2014-12-31,-5.812531,-16.080231,NaN,-5.172271
2015-01-01,-5.447968,-14.659729,-4.907026,-4.780405
2015-01-02,-5.385529,-16.041321,-5.145461,-5.023030
2015-01-03,-5.738159,-17.685928,-5.835673,-5.484238
2015-01-04,-6.023499,-18.270416,-6.196968,-5.767464
2015-01-05,-6.166534,-17.876892,-6.254983,-5.802741
2015-01-06,-6.151459,-17.358170,-6.080871,-5.669812
2015-01-07,-6.296814,-17.606049,-6.252331,-5.654842
2015-01-08,-6.345551,-17.586121,-6.180769,-5.886414
2015-01-09,-6.639679,-18.602600,-6.565964,-6.317131
2015-01-10,-7.203156,-20.544800,-7.102782,-7.008494
2015-01-11,-7.699249,-21.229126,-7.574977,-7.410565
2015-01-12,-7.734436,-19.777664,-7.389710,-7.072286
2015-01-13,-7.326447,-17.851334,-6.889218,-6.432690
2015-01-14,-6.856110,-16.498260,-6.347690,-5.840473
2015-01-15,-6.395111,-16.378326,-6.015368,-5.349438
2015-01-16,-6.014282,-15.645935,-5.699694,-5.001542
2015-01-17,-5.581543,-14.641235,-5.204535,-4.806533
2015-01-18,-5.374481,-14.978455,-5.238319,-4.786268
2015-01-19,-5.446045,-15.923645,-5.466779,-4.781649
2015-01-20,-5.642395,-16.459717,-5.667232,-4.735771
2015-01-21,-5.637085,-15.479126,-5.534584,-4.636137
2015-01-22,-5.202118,-13.520142,-4.846798,-4.503696
2015-01-23,-4.966034,-13.714661,-4.675698,-4.359092
2015-01-24,-4.862274,-13.534821,-4.532037,-4.305780
2015-01-25,-4.797058,-13.751587,-4.489836,-4.280973
2015-01-26,-4.839478,-14.274628,-4.544976,-4.287217
2015-01-27,-5.023560,-15.526306,-4.994548,-4.210946
2015-01-28,-5.405243,-16.902161,-5.585606,-4.422589
2015-01-29,-5.826904,-17.819778,-6.269652,-4.584048
2015-01-30,-6.123596,-17.984924,-6.428095,-5.125533
2015-01-31,-6.316162,-18.101135,-6.733328,-5.518110
2015-02-01,-6.554871,-18.263733,-7.040425,-5.814485
2015-02-02,-6.659698,-17.852951,-7.076693,-6.026649
2015-02-03,-6.860260,-18.240662,-7.360806,-6.092711
2015-02-04,-7.204865,-18.757782,-7.733189,-6.108292
2015-02-05,-7.349060,-18.424103,-7.646727,-6.270952
2015-02-06,-7.535614,-18.932831,-8.036047,-6.262292
2015-02-07,-7.758179,-19.798828,-8.217501,-6.482074
2015-02-08,-7.707275,-19.989273,-8.252876,-6.625015
2015-02-09,-7.662018,-20.343628,-8.463060,-6.699875
2015-02-10,-7.550446,-19.931793,-8.256067,-6.702601
2015-02-11,-7.478668,-19.878525,-8.486321,-6.607179
2015-02-12,-7.395752,-19.454758,-8.303235,-6.549604
2015-02-13,-7.229584,-18.774689,-7.935117,-6.362182
2015-02-14,-6.981171,-17.833359,-7.490684,-6.058435
2015-02-15,-6.667816,-17.133087,-7.031880,-5.641750
2015-02-16,-6.400360,-16.662048,-6.641948,-5.268021
2015-02-17,-6.198822,-16.246948,-6.572839,-4.931241
2015-02-18,-5.971283,-15.546783,-6.254543,-4.601580
2015-02-19,-5.693207,-14.789978,-5.850320,-4.355598
2015-02-20,-5.413055,-14.167969,-5.480448,-4.123551
2015-02-21,-5.161804,-13.647125,-5.217164,-3.878003
2015-02-22,-4.965149,-13.170532,-5.176371,-3.706878
2015-02-23,-4.759186,-12.527344,-4.983271,-3.462580
2015-02-24,-4.483093,-12.098572,-4.673681,-3.388815
2015-02-25,-4.254700,-12.306610,-4.631766,-3.274768
2015-02-26,-4.226807,-12.521332,-4.782755,-3.198372
2015-02-27,-4.233398,-12.443237,-4.856640,-3.184173
2015-02-28,-4.206787,-12.129303,-4.743446,-3.087479
2015-03-01,-4.115997,-11.713562,-4.613808,-3.198872
2015-03-02,-4.097961,-11.557159,-4.624977,-3.155024
2015-03-03,-4.197174,-11.836029,-4.973316,-3.192860
2015-03-04,-4.463867,-12.260620,-5.348135,-3.335408
2015-03-05,-4.675079,-12.305237,-5.378564,-3.458452
2015-03-06,-4.680054,-11.815430,-5.129126,-3.618214
2015-03-07,-4.533661,-11.226044,-4.905055,-3.592381
2015-03-08,-3.895142,-10.417450,-4.712951,-3.475411
2015-03-09,-3.139862,-9.605743,-4.017365,-3.305539
2015-03-10,-2.845520,-9.539856,-3.737690,-3.084179
2015-03-11,-2.957001,-10.007904,-3.839302,-3.090274
2015-03-12,-3.274323,-10.569305,-4.116055,-3.051714
2015-03-13,-3.558289,-10.711426,-4.277348,-3.101777
2015-03-14,-3.100250,-10.177094,-3.896239,-3.321884
2015-03-15,-2.971283,-10.050110,-3.827198,-3.541012
2015-03-16,-3.986755,-10.681519,-4.313708,-3.553277
2015-03-17,-4.882599,-11.066437,-4.675061,-3.796688
2015-03-18,-5.210358,-10.935547,-4.687586,-4.123018
2015-03-19,-5.365570,-10.797333,-4.686210,-4.320211
2015-03-20,-5.490112,-10.666656,-4.695930,-4.380458
2015-03-21,-5.552734,-10.527832,-4.759136,-4.479946
2015-03-22,-5.684357,-10.498871,-4.891106,-4.438795
2015-03-23,-5.468842,-10.083588,-4.772602,-4.397396
2015-03-24,-4.808624,-9.530884,-4.297794,-4.198515
2015-03-25,-4.325989,-9.089050,-3.874266,-4.021185
2015-03-26,-4.113861,-8.824219,-3.734124,-3.715720
2015-03-27,-3.220581,-7.445496,-3.122949,-3.155750
2015-03-28,-1.475616,-4.902191,-1.830698,-1.534994
2015-03-29,-1.109619,-3.696503,-0.934052,-0.939827
2015-03-30,-1.016449,-3.313019,-0.392482,-0.637673
2015-03-31,-1.078186,-3.067139,-0.237068,-0.595601
2015-04-01,-1.997040,-4.076233,-0.846728,-0.588060
2015-04-02,-2.692719,-4.341278,-1.298300,-0.570643
2015-04-03,-3.230652,-4.416840,-1.617262,-0.667423
2015-04-04,-4.249329,-5.443817,-2.236492,-0.868768
2015-04-05,-4.716217,-5.743042,-2.894417,-1.033839
2015-04-06,-4.419189,-5.580994,-3.107353,-1.248935
2015-04-07,-3.354034,-4.178864,-2.489928,-1.371515
2015-04-08,-2.564819,-3.652771,-1.641493,-1.345301
2015-04-09,-0.054504,-1.595917,-0.548932,-0.689607
2015-04-10,-0.295319,-0.865051,-0.392570,-0.238250
2015-04-11,-0.065125,-0.440887,-0.776295,-0.254982
2015-04-12,-0.029633,-0.000336,-0.217448,-0.568536
2015-04-13,-0.036987,-0.003296,-0.258882,-0.547679
2015-04-14,-0.086792,-0.002472,0.010000,-0.599351
2015-04-15,-0.078705,-0.006744,-0.052586,-0.557125
2015-04-16,-0.039093,-0.040497,-0.408742,-0.440140
2015-04-17,-0.010010,-0.066986,0.009989,-0.429301
2015-04-18,0.000031,-0.012817,0.010000,-0.454143
2015-04-19,0.382843,-0.001343,0.010000,-0.408033
2015-04-20,2.669556,0.474396,0.010000,-0.416057
2015-04-21,3.635498,1.342316,0.010000,-0.382872
2015-04-22,1.865845,0.951294,0.017313,-0.423387
2015-04-23,-0.011383,0.126862,0.227799,-0.415292
2015-04-24,-0.013885,0.138763,0.731218,-0.432357
2015-04-25,-0.010742,0.016266,0.457445,-0.450890
2015-04-26,0.007690,0.334961,0.107798,-0.383923
2015-04-27,0.378815,1.503204,0.218174,-0.367687
2015-04-28,2.887848,2.554657,0.921976,-0.277295
2015-04-29,3.771729,2.654663,1.327242,0.672598
2015-04-30,4.837799,4.354767,1.688241,1.858402
2015-05-01,3.797424,3.250366,0.899034,0.839161
2015-05-02,1.611298,1.590698,0.782684,0.753217
2015-05-03,0.600647,0.940765,0.737899,-0.193860
2015-05-04,0.281555,0.660645,0.720850,0.011699
2015-05-05,0.662842,1.320007,0.318435,1.523560
2015-05-06,2.538818,3.012024,0.563057,3.218705
2015-05-07,4.521698,4.570068,2.325848,4.473000
2015-05-08,5.838501,5.730316,5.357377,5.742964
2015-05-09,6.268280,6.332733,7.341691,7.385283
2015-05-10,9.248566,8.941711,9.512578,9.629054
2015-05-11,11.451660,10.366364,11.505597,10.908384
2015-05-12,13.362091,11.762939,13.085680,11.061952
2015-05-13,14.228638,12.310699,13.678918,11.132649
2015-05-14,13.915253,11.790283,13.924728,11.004062
2015-05-15,13.925354,11.788971,11.954949,6.816714
2015-05-16,9.026825,7.267456,8.829123,5.022821
2015-05-17,9.969452,9.041138,11.241742,9.747786
2015-05-18,12.963257,11.854095,14.331867,11.948890
2015-05-19,14.560303,13.344757,15.714142,12.040616
2015-05-20,15.391357,14.292450,16.336778,12.242845
2015-05-21,15.857727,15.037048,16.553408,12.947655
2015-05-22,15.951019,15.301056,16.716423,14.103423
2015-05-23,16.210480,15.811005,17.658569,14.793036
2015-05-24,16.926636,16.623260,17.585417,14.024018
2015-05-25,15.996460,15.710083,16.598377,13.770565
2015-05-26,14.744415,14.727173,15.459695,11.545479
2015-05-27,13.860657,14.157166,14.911514,11.370905
2015-05-28,11.615967,12.075775,13.456251,8.753128
2015-05-29,11.589172,12.679596,14.381917,10.702018
2015-05-30,13.157867,14.348053,15.301990,12.178205
2015-05-31,12.412903,13.549042,11.882402,5.737807
2015-06-01,6.958862,8.006561,9.150493,5.810051
2015-06-02,6.778748,8.367371,8.582415,5.569324
2015-06-03,5.278931,6.470581,7.695186,6.388301
2015-06-04,7.816132,9.326965,12.087361,13.179798
2015-06-05,12.664825,14.168793,15.364003,14.545000
2015-06-06,14.651489,15.132721,15.980365,13.682530
2015-06-07,14.583496,14.539520,15.648457,12.211696
2015-06-08,13.624695,13.871460,14.021252,11.006161
2015-06-09,11.942932,11.547302,14.143788,12.752815
2015-06-10,13.753082,14.164856,16.179468,13.590554
2015-06-11,15.495300,15.672424,16.674126,13.567292
2015-06-12,14.548676,13.734283,15.763817,14.085476
2015-06-13,13.802429,13.265961,14.262664,12.429196
2015-06-14,12.427307,12.256622,13.870875,11.967732
2015-06-15,12.378052,12.884735,13.691697,10.666455
2015-06-16,10.948212,11.332458,12.800048,10.598676
2015-06-17,11.202820,12.084015,13.951427,10.934857
2015-06-18,12.296295,13.580322,14.247357,10.911065
2015-06-19,11.672729,12.689392,14.487425,11.736330
2015-06-20,13.169922,14.593414,15.994599,13.256170
2015-06-21,14.211151,15.312805,16.832439,14.734821
2015-06-22,14.780212,15.758179,17.615832,14.572863
2015-06-23,16.085938,17.368225,19.309667,16.551935
2015-06-24,17.364929,18.639679,20.018378,16.532143
2015-06-25,17.479431,18.578156,19.968679,16.044524
2015-06-26,17.294250,18.162628,20.023604,16.671369
2015-06-27,17.959717,18.835663,20.347910,15.628363
2015-06-28,17.685638,18.718201,20.267107,16.230774
2015-06-29,17.903900,19.180511,20.820798,16.352202
2015-06-30,18.599274,20.089966,21.467076,17.748452
2015-07-01,18.338989,19.611603,21.233991,17.076012
2015-07-02,18.389282,19.773773,21.467438,15.791964
2015-07-03,18.372681,19.954498,20.780479,13.002560
2015-07-04,16.373169,17.219513,19.702124,14.990923
2015-07-05,16.778870,18.361511,20.373219,15.967083
2015-07-06,15.639648,16.517395,18.879496,13.017321
2015-07-07,14.841522,15.798706,19.527026,14.362411
2015-07-08,16.862427,18.672577,20.391812,14.276845
2015-07-09,14.700531,15.738190,17.412489,10.479673
2015-07-10,12.711182,14.081512,17.135746,11.732003
2015-07-11,14.274780,16.478851,19.307394,15.185000
2015-07-12,15.987061,18.255493,19.764126,14.378512
2015-07-13,15.227539,16.308990,19.108633,17.244851
2015-07-14,15.793335,17.003113,19.090585,15.273452
2015-07-15,14.535065,14.986664,17.740886,14.781488
2015-07-16,13.454498,13.694733,16.121212,14.890655
2015-07-17,12.756866,13.259644,16.589097,15.383571
2015-07-18,14.304291,15.681976,17.797413,15.312738
2015-07-19,13.405548,13.746094,16.076064,13.822262
2015-07-20,12.152130,12.434784,15.665038,14.405396
2015-07-21,12.853912,13.962433,16.353156,14.184226
2015-07-22,12.780212,13.633575,15.988205,13.448452
2015-07-23,12.241882,13.009766,15.744909,11.781845
2015-07-24,12.188354,12.709900,15.877297,13.906399
2015-07-25,11.940125,12.484955,15.074104,13.476667
2015-07-26,10.841705,11.348267,14.748577,15.107857
2015-07-27,11.379456,12.214508,15.463769,15.280000
2015-07-28,12.743469,13.729645,16.193970,14.560238
2015-07-29,12.899048,13.715363,15.825973,14.105536
2015-07-30,12.025848,12.109039,15.204179,14.078006
2015-07-31,11.844086,11.929260,15.403381,13.735366
2015-08-01,12.103119,12.641174,15.669543,14.087679
2015-08-02,11.939819,12.246216,15.383703,14.572381
2015-08-03,11.957001,12.414581,15.363261,14.804256
2015-08-04,12.907623,13.760834,16.327107,14.407729
2015-08-05,13.895020,14.929199,17.437508,14.680378
2015-08-06,14.919861,16.026184,18.721710,15.455774
2015-08-07,15.026917,15.803223,17.889154,13.582143
2015-08-08,13.663696,14.012299,17.070712,13.993274
2015-08-09,13.872345,14.631958,18.292025,15.468571
2015-08-10,15.607513,16.656830,19.624756,16.086280
2015-08-11,16.226990,17.268341,19.533762,15.172976
2015-08-12,15.503632,16.442780,18.376409,13.436310
2015-08-13,13.456818,13.795685,16.040475,11.305179
2015-08-14,11.024200,10.948212,13.966811,10.829622
2015-08-15,10.695435,11.190582,14.224309,9.815455
2015-08-16,11.580750,12.674622,15.766999,11.259747
2015-08-17,12.314636,13.416107,15.561722,11.172848
2015-08-18,11.301758,11.624115,14.706401,11.858908
2015-08-19,11.920898,12.574005,14.294967,11.282232
2015-08-20,11.011353,10.896454,13.207062,10.627827
2015-08-21,10.665924,10.811523,13.239507,8.403661
2015-08-22,9.690521,10.000580,12.998875,7.829652
2015-08-23,10.217377,11.068298,13.322583,9.080205
2015-08-24,9.412048,9.788391,12.370138,8.786458
2015-08-25,8.923370,9.238983,12.729989,10.437851
2015-08-26,9.576996,10.230896,13.292476,9.335432
2015-08-27,11.129913,12.150665,14.386141,10.446167
2015-08-28,11.075500,11.502808,14.090244,10.236798
2015-08-29,10.761139,10.939209,13.945732,10.688369
2015-08-30,11.557129,12.045654,15.279574,12.722074
2015-08-31,10.834167,10.946503,12.520554,6.386551
2015-09-01,6.154114,6.178711,8.814651,3.999571
2015-09-02,3.996033,4.572876,7.676947,4.566607
2015-09-03,4.715454,5.298676,7.509716,5.244589
2015-09-04,5.340118,5.972046,8.858188,7.231634
2015-09-05,6.686951,7.617340,10.133669,8.068277
2015-09-06,8.181458,9.022797,10.841156,8.796402
2015-09-07,7.865997,8.059204,10.494599,8.521762
2015-09-08,7.958710,8.214203,11.314954,7.936542
2015-09-09,8.109558,8.584686,11.688423,7.502265
2015-09-10,9.219269,10.002563,12.719024,9.743690
2015-09-11,11.269257,11.884247,13.994610,12.126548
2015-09-12,11.504639,11.644348,12.716028,8.058878
2015-09-13,9.128296,9.105011,10.825500,6.441926
2015-09-14,7.842743,8.102295,10.552633,6.338911
2015-09-15,7.505402,8.174683,10.255212,5.736759
2015-09-16,7.477356,8.457581,10.238966,5.199131
2015-09-17,7.008087,8.021118,9.906031,5.426577
2015-09-18,7.818207,9.090698,10.872730,7.544068
2015-09-19,8.755676,9.929688,11.069290,6.316982
2015-09-20,4.602997,6.049713,7.449029,2.916399
2015-09-21,2.768890,4.019714,6.209266,3.066565
2015-09-22,3.062775,4.020111,5.952798,2.979372
2015-09-23,3.107758,4.274750,5.670902,2.725077
2015-09-24,2.661865,3.446472,4.886680,2.677036
2015-09-25,1.020935,2.968903,4.825777,2.729798
2015-09-26,1.324280,3.330261,4.288038,2.187533
2015-09-27,0.927277,2.643036,3.749607,0.783161
2015-09-28,0.351624,1.738007,3.335550,0.499363
2015-09-29,1.176361,2.871613,5.298363,4.932548
2015-09-30,5.581879,7.555908,8.105798,9.985089
2015-10-01,6.153870,6.812378,6.414334,3.482527
2015-10-02,4.019775,4.241608,5.092707,1.468958
2015-10-03,2.017792,2.498932,3.839262,-0.033500
2015-10-04,1.857483,2.791199,4.108797,0.773092
2015-10-05,2.447296,3.370270,4.488563,1.010274
2015-10-06,1.722534,2.511078,3.911789,-0.144842
2015-10-07,0.819916,1.775146,2.923929,-0.971801
2015-10-08,0.141602,1.139862,2.256519,-0.315440
2015-10-09,-0.011108,0.844055,1.829406,-0.221390
2015-10-10,0.078003,0.779694,2.199521,-0.157932
2015-10-11,0.533478,0.454559,2.385260,-0.165676
2015-10-12,0.872009,0.430359,2.406123,-0.119955
2015-10-13,1.160858,0.618042,2.589826,-0.239711
2015-10-14,1.194550,1.049805,2.462519,-0.213095
2015-10-15,-0.002472,0.901764,2.499281,-0.398935
2015-10-16,0.001648,0.712646,2.069923,-0.673964
2015-10-17,-0.007782,0.516541,2.055324,-0.110188
2015-10-18,-0.008453,0.637146,2.326258,-0.066967
2015-10-19,-0.008392,0.448914,2.321498,-0.043399
2015-10-20,-0.006836,0.430328,2.476633,-0.106872
2015-10-21,-0.023865,0.183380,1.638212,-0.261423
2015-10-22,-0.045746,0.077881,1.103059,-0.110839
2015-10-23,-0.026855,-0.154602,1.141679,-0.214708
2015-10-24,-0.054169,-0.250519,1.193444,-0.158949
2015-10-25,-0.056763,-0.411041,1.336442,-0.161872
2015-10-26,-0.075989,-0.498291,1.438776,-0.148583
2015-10-27,-0.019073,-0.476990,1.824415,-0.362065
2015-10-28,-0.071899,-0.936188,2.346651,-0.878682
2015-10-29,-0.148834,-1.684265,1.899599,-1.002768
2015-10-30,-0.320038,-1.953339,1.879002,-1.174878
2015-10-31,-0.591858,-2.198273,2.173423,-1.618759
2015-11-01,-1.379059,-3.053986,3.003171,-2.281438
2015-11-02,-3.038147,-4.123657,2.663747,-3.220253
2015-11-03,-4.105927,-4.339355,2.972677,-3.111601
2015-11-04,-5.888153,-5.725037,2.890185,-4.653562
2015-11-05,-6.653015,-6.373657,0.765035,-4.165226
2015-11-06,-6.719086,-6.599426,0.093817,-4.477524
2015-11-07,-3.213776,-3.483185,0.084944,-3.016932
2015-11-08,-4.762268,-4.940430,0.010000,-3.794405
2015-11-09,-4.445282,-4.850800,0.010000,-3.226286
2015-11-10,-4.037140,-4.240448,0.010000,-2.866440
2015-11-11,-3.350342,-3.626526,0.010000,-2.525485
2015-11-12,-5.877380,-5.857178,0.010000,-3.761670
2015-11-13,-6.632538,-6.427155,0.010000,-4.206682
2015-11-14,-8.592590,-8.010132,0.010000,-5.142074
2015-11-15,-8.465698,-7.844177,-0.136408,-4.720461
2015-11-16,-9.152679,-8.421143,-1.216582,-4.553039
2015-11-17,-9.197144,-8.410553,-1.250424,-4.280518
2015-11-18,-10.487030,-9.545197,-1.450892,-4.924134
2015-11-19,-12.857330,-11.427155,-1.829362,-6.199595
2015-11-20,-16.282166,-14.261902,-2.827193,-7.454807
2015-11-21,-14.365997,-12.574036,-3.259064,-6.041021
2015-11-22,-10.473602,-8.863922,-1.890234,-3.894833
2015-11-23,-9.582458,-8.993866,-1.925962,-3.474223
2015-11-24,-13.144897,-12.134338,-3.355044,-3.735985
2015-11-25,-14.585968,-13.267609,-4.203610,-4.267551
2015-11-26,-11.400726,-10.522095,-2.905760,-4.022592
2015-11-27,-7.425354,-7.247406,-1.441801,-3.232131
2015-11-28,-6.838440,-6.951691,-1.327883,-3.267619
2015-11-29,-5.747406,-5.871277,-1.080500,-2.326360
2015-11-30,-3.507568,-2.674103,-0.603558,-1.315509
2015-12-01,-5.758667,-5.935059,-3.282412,-2.377104
2015-12-02,-8.273285,-8.779022,-5.138867,-3.624628
2015-12-03,-9.821350,-9.954041,-5.887791,-4.385646
2015-12-04,-11.648956,-11.731781,-6.797665,-4.885327
2015-12-05,-13.240753,-13.258850,-7.806096,-5.034461
2015-12-06,-17.156677,-16.662903,-10.696669,-5.591173
2015-12-07,-15.152954,-14.608093,-9.582993,-5.374723
2015-12-08,-16.039948,-15.622070,-10.261542,-5.266324
2015-12-09,-14.971252,-14.658630,-9.366082,-5.122187
2015-12-10,-16.992615,-16.572815,-11.186488,-5.052967
2015-12-11,-16.664734,-16.241241,-11.088061,-5.117009
2015-12-12,-14.634644,-14.667175,-10.001769,-4.835786
2015-12-13,-12.549988,-13.037201,-8.692492,-4.192652
2015-12-14,-14.366974,-14.758789,-9.925685,-4.033420
2015-12-15,-17.194366,-17.135559,-11.598658,-4.338661
2015-12-16,-15.815979,-15.805847,-11.222333,-4.649988
2015-12-17,-19.259689,-18.745529,-13.649932,-5.137003
2015-12-18,-21.700943,-20.696426,-15.244002,-6.072890
2015-12-19,-22.175552,-21.233658,-15.814786,-6.667607
2015-12-20,-22.454712,-21.542953,-16.416660,-6.921583
2015-12-21,-21.493729,-20.801544,-15.819634,-6.841551
2015-12-22,-17.956894,-17.897644,-13.800841,-6.111536
2015-12-23,-15.689911,-16.199219,-12.216442,-5.444015
2015-12-24,-14.639862,-16.881409,-11.756428,-4.858060
2015-12-25,-13.241455,-17.393707,-11.181951,-5.462583
2015-12-26,-12.491699,-20.307526,-12.074775,-6.754827
2015-12-27,-11.810608,-19.759903,-11.785585,-7.870649
2015-12-28,-11.184753,-19.432755,-11.335039,-8.267247
2015-12-29,-10.844208,-20.209885,-11.934507,-8.177045
2015-12-30,-9.634369,-13.519745,-9.533893,-6.653955
2015-12-31,-8.201080,-8.696716,NaN,-4.528994
2016-01-01,-5.493195,-4.250000,-4.064177,-2.723958
2016-01-02,-6.346191,-6.447083,-5.937722,-2.669464
2016-01-03,-5.270294,-4.453705,-5.705150,-2.320173
2016-01-04,-7.703674,-8.871033,-7.682506,-3.032372
2016-01-05,-12.937805,-15.348450,-9.939339,-4.541717
2016-01-06,-16.168671,-18.107956,-11.737061,-5.948812
2016-01-07,-17.665329,-19.542603,-12.796093,-6.899095
2016-01-08,-17.382584,-18.677673,-12.992528,-7.249920
2016-01-09,-19.319992,-21.080200,-14.351366,-7.498568
2016-01-10,-17.817474,-18.515442,-13.542374,-7.325932
2016-01-11,-17.188278,-18.515335,-13.504495,-6.954616
2016-01-12,-17.262634,-18.413925,-13.388567,-6.835438
2016-01-13,-16.618683,-17.553268,-13.027140,-6.395991
2016-01-14,-16.791779,-18.011063,-13.126759,-6.048414
2016-01-15,-18.438889,-20.251663,-14.139922,-5.918670
2016-01-16,-17.204147,-21.392426,-14.908908,-6.277030
2016-01-17,-16.588989,-23.099319,-15.956621,-6.724869
2016-01-18,-15.709473,-21.145416,-15.481323,-6.850060
2016-01-19,-14.912567,-20.170227,-15.079732,-6.560908
2016-01-20,-14.326141,-20.005966,-14.642339,-6.347158
2016-01-21,-13.680389,-19.884415,-14.263828,-6.193482
2016-01-22,-13.058716,-19.479385,-13.669216,-6.040887
2016-01-23,-12.487915,-19.346207,-13.194642,-5.998458
2016-01-24,-12.102173,-19.856155,-12.936109,-6.093113
2016-01-25,-11.881226,-20.680176,-12.998449,-6.326929
2016-01-26,-11.517090,-18.932968,-12.689245,-6.269905
2016-01-27,-10.894714,-17.116241,-11.889531,-5.765045
2016-01-28,-10.409821,-16.123291,-11.211552,-5.566315
2016-01-29,-10.273010,-17.612350,-11.216678,-5.504634
2016-01-30,-9.745880,-14.131927,-10.282618,-5.253205
2016-01-31,-9.591583,-16.484314,-10.351186,-5.048244
2016-02-01,-9.557678,-16.244415,-10.422284,-5.096943
2016-02-02,-9.334564,-15.492889,-10.125345,-4.899741
2016-02-03,-9.399933,-17.436600,-10.368259,-4.899223
2016-02-04,-9.328522,-16.115234,-10.184394,-5.000301
2016-02-05,-9.415649,-17.340042,-10.368876,-5.088060
2016-02-06,-9.457520,-16.933685,-10.346065,-5.161759
2016-02-07,-9.826172,-19.839005,-10.976875,-5.635241
2016-02-08,-10.020721,-18.879883,-11.102786,-6.167187
2016-02-09,-10.004974,-17.824844,-11.056341,-6.028226
2016-02-10,-9.667999,-16.039490,-10.523282,-5.537256
2016-02-11,-9.552490,-16.838104,-10.390291,-5.073250
2016-02-12,-9.770081,-17.611389,-10.783715,-4.602196
2016-02-13,-9.298431,-14.783661,-9.917947,-4.328110
2016-02-14,-9.108307,-15.011139,-9.641148,-4.129018
2016-02-15,-8.806671,-13.668152,-9.220511,-3.881521
2016-02-16,-8.818176,-14.882935,-9.394344,-3.659574
2016-02-17,-9.051575,-16.087769,-9.799454,-3.633104
2016-02-18,-9.460968,-17.421951,-10.370847,-3.664006
2016-02-19,-9.814423,-18.228729,-10.554796,-3.618625
2016-02-20,-10.457092,-20.678177,-11.416615,-3.775982
2016-02-21,-10.251984,-16.517975,-10.791670,-4.050652
2016-02-22,-9.738831,-13.931641,-9.839413,-4.190905
2016-02-23,-8.849731,-10.650543,-8.692427,-4.091640
2016-02-24,-8.024750,-9.673859,-7.959474,-3.726238
2016-02-25,-7.605621,-8.165802,-7.476083,-3.430467
2016-02-26,-7.229614,-7.648895,-6.951795,-3.215854
2016-02-27,-10.922607,-12.540833,-7.565291,-3.203068
2016-02-28,-16.556763,-18.551025,-9.564746,-3.196033
2016-02-29,-17.778931,-15.832245,-10.488243,-3.529565
2016-03-01,-15.541077,-14.994843,-10.017503,-3.829440
2016-03-02,-14.820343,-14.560089,-9.905827,-3.955167
2016-03-03,-14.538910,-15.557709,-9.828462,-3.970929
2016-03-04,-14.829987,-13.339569,-10.073542,-3.842935
2016-03-05,-13.280914,-11.493195,-9.401817,-3.673768
2016-03-06,-11.794495,-11.680206,-8.553427,-3.555518
2016-03-07,-11.516937,-11.212280,-8.153559,-3.382613
2016-03-08,-11.234589,-9.482391,-7.847006,-3.239574
2016-03-09,-9.713287,-8.976532,-7.058452,-3.099557
2016-03-10,-9.026917,-7.833435,-6.893244,-2.913824
2016-03-11,-7.926453,-6.806122,-6.102608,-2.686122
2016-03-12,-7.075562,-6.795685,-5.537138,-2.554744
2016-03-13,-6.885071,-6.409851,-5.131742,-2.350137
2016-03-14,-6.426514,-6.021912,-4.744884,-2.204952
2016-03-15,-6.091858,-5.180481,-4.346087,-2.051330
2016-03-16,-5.429413,-4.859009,-3.993944,-1.955902
2016-03-17,-5.063324,-9.294830,-3.396296,-1.826935
2016-03-18,-8.788788,-7.131439,-4.588662,-1.917911
2016-03-19,-8.007996,-8.357208,-4.446699,-2.096836
2016-03-20,-8.706116,-8.883423,-4.609195,-2.217952
2016-03-21,-9.176666,-9.169586,-4.762900,-2.256176
2016-03-22,-9.602539,-11.741394,-4.848535,-2.223470
2016-03-23,-11.792664,-10.217285,-5.425114,-2.332229
2016-03-24,-11.332733,-8.446655,-5.715288,-2.539042
2016-03-25,-9.712158,-5.011688,-5.383315,-2.720161
2016-03-26,-7.096558,-1.982117,-4.405645,-2.641982
2016-03-27,-4.058990,-0.472992,-3.106395,-2.431768
2016-03-28,-1.019745,0.387390,-1.786415,-1.932134
2016-03-29,-1.572662,0.964600,-1.685197,-1.073818
2016-03-30,-1.214783,0.055298,-0.673523,-0.397202
2016-03-31,-1.763031,0.265503,-0.839647,-0.342699
2016-04-01,-2.006500,-2.535004,0.010000,-0.351759
2016-04-02,-5.025177,-8.103058,0.010000,-0.601110
2016-04-03,-8.183624,-5.649323,-0.282288,-0.896964
2016-04-04,-7.244110,-5.170227,-0.298001,-1.000554
2016-04-05,-6.439056,-7.247253,-0.064573,-1.059268
2016-04-06,-7.864288,-5.359344,-1.176096,-1.031533
2016-04-07,-6.866882,-4.928772,-1.233018,-1.055920
2016-04-08,-6.151520,-4.927734,-1.074106,-1.059417
2016-04-09,-6.048126,-5.432648,-1.474415,-0.919750
2016-04-10,-6.321106,-4.485596,-1.812735,-0.933354
2016-04-11,-5.821960,-3.073456,-1.738032,-0.966851
2016-04-12,-4.589233,-2.970367,-1.072906,-0.975491
2016-04-13,-4.233887,-4.923676,-1.019159,-0.906485
2016-04-14,-5.602661,-2.292572,-1.316889,-0.872164
2016-04-15,-3.779144,-0.818024,-1.610669,-0.769661
2016-04-16,-1.814972,0.533051,-1.805916,-0.688399
2016-04-17,-0.862152,3.218323,-1.995977,-0.348226
2016-04-18,-0.189178,2.911407,-0.398295,-0.482690
2016-04-19,-0.003815,0.176666,0.010000,-0.481789
2016-04-20,-0.063965,-0.000244,0.010000,-0.549312
2016-04-21,-0.028046,0.318054,0.010000,-0.469345
2016-04-22,-0.082947,1.072235,0.010000,-0.484643
2016-04-23,-0.098602,2.322235,0.010000,-0.423783
2016-04-24,-0.042664,2.713379,0.010000,-0.423955
2016-04-25,-0.046967,4.087006,0.010000,-0.365125
2016-04-26,-0.024902,4.795135,0.094178,-0.370071
2016-04-27,-0.001343,6.072906,1.174999,-0.350125
2016-04-28,0.530609,8.542542,2.493075,-0.322631
2016-04-29,4.679626,8.357910,3.865649,-0.011827
2016-04-30,5.696472,9.623901,3.642250,2.062277
2016-05-01,6.535339,12.185730,5.393161,5.184851
2016-05-02,8.497040,15.142822,9.024864,9.417976
2016-05-03,10.622162,14.485260,10.516832,10.557753
2016-05-04,10.296295,8.614014,9.415412,7.471988
2016-05-05,5.797791,9.496429,7.118367,5.952628
2016-05-06,5.680695,12.189270,7.280325,7.622298
2016-05-07,7.771149,11.865967,9.580421,10.580390
2016-05-08,8.630524,7.847595,9.159810,6.468741
2016-05-09,6.232727,8.655487,7.522235,5.404762
2016-05-10,6.457916,9.798279,8.199252,5.142018
2016-05-11,7.256500,11.103790,9.346791,6.528146
2016-05-12,8.399811,12.693878,10.485021,8.257292
2016-05-13,9.845306,14.173218,12.098359,10.083616
2016-05-14,11.590912,16.462189,13.540821,11.480482
2016-05-15,13.470428,15.603455,15.437991,13.218104
2016-05-16,13.836182,11.731476,14.095134,10.605949
2016-05-17,10.861572,9.891144,11.216839,7.344777
2016-05-18,8.813538,7.872589,9.228006,5.418839
2016-05-19,6.678619,9.791199,8.930583,6.703372
2016-05-20,7.372925,12.008698,10.081016,7.476807
2016-05-21,9.131012,14.652618,11.760883,10.835211
2016-05-22,11.680115,16.956696,14.184268,14.088164
2016-05-23,14.181702,13.018555,15.539296,12.951077
2016-05-24,12.069519,11.096802,12.222784,8.463690
2016-05-25,9.641357,11.294891,11.822609,10.924792
2016-05-26,9.640656,8.307648,10.190325,6.923479
2016-05-27,7.193359,8.859344,8.536165,8.058027
2016-05-28,7.284119,6.581787,8.018054,6.384333
2016-05-29,5.207336,5.358337,5.972492,4.529018
2016-05-30,3.903748,7.785248,5.346840,5.891786
2016-05-31,5.162842,11.734436,7.952852,9.437616
2016-06-01,8.233826,14.564117,11.055880,12.408006
2016-06-02,10.994232,14.648224,13.097241,13.396732
2016-06-03,12.071472,14.306061,13.811396,14.717649
2016-06-04,12.318146,13.559784,13.501746,12.958360
2016-06-05,11.395416,16.503021,13.492509,13.794369
2016-06-06,13.291931,17.058594,15.320033,15.594018
2016-06-07,14.121704,15.340485,15.878505,14.584345
2016-06-08,13.088440,15.981812,15.364558,13.233268
2016-06-09,13.209900,17.581177,16.285316,14.216899
2016-06-10,14.486115,19.131134,17.733083,15.781952
2016-06-11,16.039001,18.537323,19.071397,16.114940
2016-06-12,16.052795,17.703522,18.853387,15.692551
2016-06-13,15.277466,15.506073,17.672401,14.414137
2016-06-14,13.590454,13.949219,15.918513,13.387321
2016-06-15,12.137665,11.964417,14.133677,11.371161
2016-06-16,9.953033,12.182098,12.504531,11.539479
2016-06-17,9.543854,12.502777,11.495544,10.127616
2016-06-18,9.215576,15.644104,12.506282,12.531158
2016-06-19,11.296112,18.781097,15.229324,14.699735
2016-06-20,13.967865,20.181244,18.450471,18.466280
2016-06-21,16.038666,18.623108,19.128967,17.135536
2016-06-22,15.637329,17.695801,18.376767,16.539256
2016-06-23,15.113495,18.720978,18.236619,16.402946
2016-06-24,15.866028,17.477051,19.047836,17.455655
2016-06-25,15.372986,17.732513,17.829386,16.974137
2016-06-26,15.081055,17.550415,18.076012,17.047321
2016-06-27,14.878113,19.612732,18.166541,17.643482
2016-06-28,16.325989,20.652771,19.979234,18.920060
2016-06-29,17.538879,19.997253,20.991045,19.195804
2016-06-30,17.771332,18.737213,20.421409,18.991071
2016-07-01,16.936462,18.347595,19.135056,18.881101
2016-07-02,16.266388,19.268921,19.235047,18.544286
2016-07-03,16.799957,20.236237,20.187769,18.969911
2016-07-04,17.493378,19.438812,20.911519,19.398929
2016-07-05,17.300293,20.224396,21.020438,19.596905
2016-07-06,17.855438,19.258514,21.166708,19.004375
2016-07-07,17.182068,18.166168,20.340677,16.546429
2016-07-08,15.971619,16.767761,18.736877,13.973363
2016-07-09,14.407135,18.823456,18.370717,14.881417
2016-07-10,15.467102,18.904572,19.640847,16.624107
2016-07-11,15.775146,17.258545,19.137576,16.782024
2016-07-12,15.076050,18.143036,18.268942,16.948929
2016-07-13,15.463654,18.954163,18.739370,17.172887
2016-07-14,15.978424,19.696838,19.724208,17.926667
2016-07-15,16.798859,19.527374,20.649129,19.084464
2016-07-16,17.003082,19.978271,20.483447,19.024970
2016-07-17,17.235413,20.536926,21.410048,19.468512
2016-07-18,17.942322,18.634827,21.308786,18.842351
2016-07-19,16.588501,15.082855,19.161469,14.844137
2016-07-20,13.662628,13.747437,16.889893,12.518664
2016-07-21,11.974823,14.600739,15.538205,11.636351
2016-07-22,11.920410,15.464600,16.571481,14.211211
2016-07-23,12.700409,13.386780,16.482211,13.565149
2016-07-24,11.480530,12.317505,14.429987,11.662339
2016-07-25,10.453308,15.680878,14.406018,13.688961
2016-07-26,12.372131,15.940643,16.410136,14.895012
2016-07-27,13.131409,17.331390,17.202130,15.931042
2016-07-28,14.122437,18.682159,18.817650,17.091220
2016-07-29,15.530060,18.082489,19.870113,17.054107
2016-07-30,15.400116,16.937012,18.942175,14.822557
2016-07-31,14.655121,17.499786,18.594434,16.334702
2016-08-01,14.815674,15.739471,17.975571,14.775208
2016-08-02,13.651154,17.429626,17.816874,14.759104
2016-08-03,14.369049,18.242035,19.016194,15.134229
2016-08-04,15.095001,17.855103,19.942689,16.340387
2016-08-05,14.896179,15.284760,18.730596,14.168333
2016-08-06,13.043854,14.706696,16.321417,12.167292
2016-08-07,12.062317,17.476929,16.821053,15.980051
2016-08-08,13.796082,17.238953,18.482427,16.555804
2016-08-09,13.936401,17.041168,17.812530,14.788690
2016-08-10,13.842163,17.863953,18.601487,17.392738
2016-08-11,14.362732,16.320343,18.659278,14.586973
2016-08-12,13.679474,17.683228,18.289001,14.099182
2016-08-13,14.569305,18.400543,19.769928,17.261190
2016-08-14,15.179779,19.460785,20.139490,16.659381
2016-08-15,15.860260,19.057068,20.501032,17.373720
2016-08-16,15.848083,17.681824,19.545846,15.648542
2016-08-17,14.762726,16.830780,18.667309,14.208241
2016-08-18,13.933228,18.351288,18.549665,14.475095
2016-08-19,14.677246,16.853638,19.727375,16.115238
2016-08-20,14.182678,13.921021,18.189362,13.595982
2016-08-21,12.146393,14.468842,16.450532,13.435310
2016-08-22,12.161774,16.518799,16.645455,13.276845
2016-08-23,13.297363,16.842133,18.114878,15.354643
2016-08-24,13.806793,15.545441,17.814933,13.635062
2016-08-25,13.071167,16.440582,17.508944,13.744625
2016-08-26,13.535828,12.148956,17.181439,13.173452
2016-08-27,10.982758,10.549683,13.911010,8.710637
2016-08-28,9.083466,9.234711,12.159763,7.151485
2016-08-29,7.633423,10.328461,11.251188,8.115440
2016-08-30,7.881470,9.024872,11.340344,8.272402
2016-08-31,7.222778,9.137085,10.677924,8.940670
2016-09-01,7.095703,8.503326,10.352618,8.774259
2016-09-02,6.348907,8.507843,9.857285,8.436259
2016-09-03,6.450653,9.396454,9.863495,6.877682
2016-09-04,6.800049,10.244080,10.344268,8.044494
2016-09-05,7.225128,11.950531,11.632307,8.669065
2016-09-06,8.469208,11.623108,12.698102,9.020390
2016-09-07,8.780090,10.299286,12.408180,9.684491
2016-09-08,7.801483,5.859222,10.821673,5.565643
2016-09-09,4.386383,6.266113,7.699537,4.144777
2016-09-10,4.140381,5.247833,7.279783,4.783753
2016-09-11,3.272491,7.681610,7.149997,3.734997
2016-09-12,4.473541,10.486786,8.661049,6.774643
2016-09-13,6.703278,8.849884,10.149939,10.271164
2016-09-14,6.575745,7.062378,9.396297,6.523890
2016-09-15,5.194061,9.053802,8.303938,5.881232
2016-09-16,6.007080,10.205750,10.181196,9.392798
2016-09-17,7.138824,9.615692,10.296405,8.011327
2016-09-18,7.127960,7.673309,10.431274,8.185265
2016-09-19,5.941345,6.804169,8.466303,4.512232
2016-09-20,4.974731,6.392548,8.039521,5.087619
2016-09-21,4.350372,8.868805,8.090213,6.166982
2016-09-22,5.688446,10.969025,9.756020,8.836494
2016-09-23,7.603516,10.691803,10.914615,9.015429
2016-09-24,7.856232,7.372314,10.646457,7.432021
2016-09-25,5.883362,7.761780,8.809903,5.052887
2016-09-26,5.583649,6.463348,8.425611,5.527750
2016-09-27,4.365295,4.557007,7.176532,3.500732
2016-09-28,1.941956,4.351807,6.006664,2.325539
2016-09-29,1.856628,4.482086,5.388721,1.134488
2016-09-30,2.030853,2.273468,5.176276,0.878048
2016-10-01,0.557159,2.308563,3.196683,-0.470836
2016-10-02,0.255402,2.318329,3.330706,0.298027
2016-10-03,0.142670,1.459015,3.550880,0.529479
2016-10-04,0.072388,0.875092,2.304309,-0.723179
2016-10-05,-0.023895,1.333496,2.429866,-0.446497
2016-10-06,-0.033752,2.068207,2.713674,0.331756
2016-10-07,-0.017029,1.832214,3.168902,0.409738
2016-10-08,-0.027161,1.269043,3.163793,0.259321
2016-10-09,-0.031586,0.718109,2.707517,-0.252378
2016-10-10,-0.027344,-0.047882,2.509950,-1.079149
2016-10-11,-0.030029,-1.109558,3.141866,-3.899991
2016-10-12,-0.123352,-1.136993,2.279006,-2.550244
2016-10-13,-0.171509,-2.051483,1.992574,-2.633360
2016-10-14,-0.248596,-2.775177,2.368308,-3.634702
2016-10-15,-0.646606,-2.483917,2.232626,-3.841970
2016-10-16,-1.235077,-2.445068,1.981103,-2.455667
2016-10-17,-1.631104,-2.739960,1.864273,-2.570670
2016-10-18,-1.855225,-2.688599,2.100196,-4.212283
2016-10-19,-2.119995,-2.652863,2.137956,-4.437842
2016-10-20,-2.510834,-2.962006,2.172313,-3.541664
2016-10-21,-2.772339,-3.195587,2.048698,-3.585295
2016-10-22,-2.946594,-2.592102,1.766089,-3.012324
2016-10-23,-2.419006,-1.486206,1.261617,-2.078863
2016-10-24,-1.488647,-0.838928,0.822945,-1.163756
2016-10-25,-0.931183,-1.088562,0.836270,-0.898086
2016-10-26,-1.141754,-0.764862,0.750166,-0.942042
2016-10-27,-0.961487,-0.510773,0.531170,-0.849658
2016-10-28,-0.723053,-1.213989,0.698827,-1.165518
2016-10-29,-1.424408,-2.036713,1.378645,-2.896899
2016-10-30,-2.205963,-3.358124,1.630224,-3.102333
2016-10-31,-3.141449,-6.339783,2.739003,-3.822015
2016-11-01,-5.164642,-7.927002,2.870366,-5.391375
2016-11-02,-6.899384,-7.425446,0.383679,-7.084137
2016-11-03,-6.980957,-7.379395,0.010000,-5.674917
2016-11-04,-6.947906,-6.342072,0.010000,-6.699815
2016-11-05,-6.432373,-6.141388,0.010000,-4.971217
2016-11-06,-6.210388,-6.858002,0.010000,-5.609280
2016-11-07,-6.878754,-5.996887,0.010000,-6.216854
2016-11-08,-6.378052,-3.092834,0.010000,-4.020080
2016-11-09,-4.759033,-2.195740,0.010000,-3.269851
2016-11-10,-3.698944,-3.105286,0.010000,-4.351503
2016-11-11,-3.687286,-0.943848,0.010000,-2.364872
2016-11-12,-2.142059,-2.759796,0.010000,-1.386881
2016-11-13,-3.419373,-3.198120,0.010000,-5.207568
2016-11-14,-3.677582,-5.291229,0.010000,-3.065705
2016-11-15,-5.216949,-6.853516,-0.028965,-7.667054
2016-11-16,-6.917786,-8.902557,-0.898768,-8.194833
2016-11-17,-8.116638,-8.826599,-1.791656,-8.392994
2016-11-18,-8.505493,-13.940857,-1.239667,-9.969363
2016-11-19,-12.138916,-11.673584,-2.637109,-13.237500
2016-11-20,-11.746979,-11.070984,-2.575729,-9.052738
2016-11-21,-11.115875,-16.754761,-2.887251,-9.785893
2016-11-22,-15.176117,-15.236053,-4.886168,-13.559494
2016-11-23,-15.148987,-17.151505,-4.617607,-11.743869
2016-11-24,-16.573669,-15.774261,-5.150519,-12.719673
2016-11-25,-15.866425,-15.521027,-5.612109,-9.653304
2016-11-26,-15.176208,-18.874130,-5.182333,-9.978095
2016-11-27,-17.747253,-17.071777,-6.219299,-12.064554
2016-11-28,-16.816315,-17.260757,-6.108870,-10.176071
2016-11-29,-16.663727,-16.302338,-6.238513,-10.802202
2016-11-30,-15.853607,-15.288330,-6.279491,-9.062193
2016-12-01,-14.834930,-15.547882,-6.228018,-9.405071
2016-12-02,-14.925110,-15.740601,-6.360514,-10.548214
2016-12-03,-14.935242,-15.853180,-6.519472,-8.862905
2016-12-04,-14.977844,-18.236176,-5.997095,-8.213363
2016-12-05,-13.775238,-18.632294,-6.188415,-8.662708
2016-12-06,-11.833405,-19.663361,-6.369648,-9.649524
2016-12-07,-10.558289,-19.519913,-7.223934,-10.409554
2016-12-08,-9.646606,-20.065460,-7.595111,-10.557292
2016-12-09,-9.033264,-20.790955,-7.876439,-10.829405
2016-12-10,-8.621826,-19.959045,-8.379044,-11.162738
2016-12-11,-8.268372,-18.776031,-8.661984,-9.281568
2016-12-12,-7.758240,-17.863647,-8.048620,-6.498836
2016-12-13,-7.342987,-18.908813,-7.894657,-6.966830
2016-12-14,-7.238556,-19.064026,-8.140163,-7.393997
2016-12-15,-7.170807,-20.799438,-8.263158,-8.642262
2016-12-16,-7.390808,-21.591125,-8.805039,-10.315327
2016-12-17,-7.686035,-21.474228,-9.342549,-11.152619
2016-12-18,-7.838684,-20.346588,-9.500426,-10.315893
2016-12-19,-7.660950,-20.379364,-9.023410,-8.664494
2016-12-20,-7.419678,-20.528900,-8.365502,-8.182149
2016-12-21,-7.284576,-20.708710,-8.154464,-7.819470
2016-12-22,-7.233368,-21.108398,-8.165134,-7.727881
2016-12-23,-7.284882,-21.172531,-8.272868,-7.374488
2016-12-24,-7.412384,-19.070816,-8.558848,-7.129887
2016-12-25,-7.318970,-18.400497,-8.236330,-7.613792
2016-12-26,-7.239990,-18.330246,-7.984248,-7.906104
2016-12-27,-7.258240,-18.477737,-7.904173,-8.163134
2016-12-28,-7.358032,-18.934906,-7.937378,-7.905827
2016-12-29,-7.472626,-19.538727,-7.992310,-7.702539
2016-12-30,-7.679474,NaN,NaN,-7.989637
2016-12-31,-7.073792,-13.815155,-7.276294,-6.744220
2017-01-01,-6.781525,-14.467102,-6.853311,-5.237199
2017-01-02,-6.630951,-14.005188,-6.513196,-5.163125
2017-01-03,-6.208984,-11.515503,-5.811198,-4.653304
2017-01-04,-5.795319,-12.698944,-4.999985,-3.526015
2017-01-05,-6.014557,-16.281891,-5.402996,-3.592357
2017-01-06,-6.140106,-17.877640,-5.519697,-5.014690
2017-01-07,-6.495056,-20.320084,-6.116322,-6.352720
2017-01-08,-6.631073,-18.737228,-6.215793,-7.511985
2017-01-09,-6.710968,-18.324814,-6.373496,-7.316432
2017-01-10,-6.551636,-16.808105,-5.959133,-7.217920
2017-01-11,-6.714111,-19.625412,-6.665705,-6.176458
2017-01-12,-6.772186,-18.353851,-6.560921,-7.356387
2017-01-13,-6.732605,-17.263855,-6.580857,-8.069387
2017-01-14,-6.190338,-13.471985,-5.815549,-7.729863
2017-01-15,-6.029755,-12.779388,-5.864365,-7.463551
2017-01-16,-5.492188,-12.461761,-5.396253,-5.788333
2017-01-17,-6.403290,-15.671021,-5.905859,-5.633634
2017-01-18,-7.065857,-16.781464,-6.172857,-6.825506
2017-01-19,-7.239197,-16.229462,-6.047017,-6.910658
2017-01-20,-7.131622,-16.168518,-5.866417,-6.334940
2017-01-21,-7.157043,-19.012604,-6.407302,-6.453726
2017-01-22,-7.179901,-17.367020,-6.469183,-7.028402
2017-01-23,-7.127808,-17.555756,-6.703396,-7.041095
2017-01-24,-7.163849,-16.402618,-6.825298,-7.230687
2017-01-25,-6.375183,-10.814209,-6.274426,-6.639339
2017-01-26,-5.696533,-9.322266,-5.936656,-4.404095
2017-01-27,-5.282837,-8.624054,-5.683720,-3.644726
2017-01-28,-4.972229,-7.770233,-5.354260,-3.420720
2017-01-29,-4.184570,-6.299713,-4.809177,-2.601119
2017-01-30,-4.512238,-8.526428,-4.530921,-2.439580
2017-01-31,-5.759613,-12.998627,-5.172648,-3.020289
2017-02-01,-6.393860,-12.244995,-5.579780,-4.213214
2017-02-02,-6.401459,-11.598450,-5.421059,-4.787717
2017-02-03,-6.726562,-12.051331,-5.455545,-4.916110
2017-02-04,-7.272552,-14.327362,-5.436305,-5.055423
2017-02-05,-7.708557,-14.102112,-5.471521,-5.348265
2017-02-06,-7.885376,-13.736389,-5.446146,-5.771729
2017-02-07,-7.976379,-14.128845,-5.328510,-6.000033
2017-02-08,-8.579773,-15.952667,-5.585148,-5.801890
2017-02-09,-8.771301,-15.042358,-5.622127,-6.087134
2017-02-10,-9.310638,-17.248215,-5.823825,-6.245777
2017-02-11,-9.534882,-16.073730,-5.705268,-6.364801
2017-02-12,-8.125214,-12.450531,-4.528031,-6.308866
2017-02-13,-8.483643,-12.757080,-5.055644,-5.629762
2017-02-14,-5.865753,-6.254059,-4.381683,-4.786673
2017-02-15,-4.735809,-6.003082,-3.705036,-2.258973
2017-02-16,-6.197754,-9.882599,-4.005745,-1.862610
2017-02-17,-7.196777,-11.050659,-4.299928,-2.947735
2017-02-18,-8.032349,-12.111206,-4.574831,-4.085137
2017-02-19,-8.474274,-11.905151,-4.891618,-5.072515
2017-02-20,-8.470703,-11.401581,-4.891731,-5.757000
2017-02-21,-8.353027,-11.570679,-4.919011,-5.326375
2017-02-22,-8.594360,-13.230011,-5.159310,-4.948780
2017-02-23,-8.810059,-13.231934,-5.543289,-4.762917
2017-02-24,-8.561188,-11.261261,-5.728391,-5.022369
2017-02-25,-8.124451,-11.622314,-5.443907,-5.259298
2017-02-26,-8.931549,-15.262268,-5.825023,-4.992318
2017-02-27,-10.032135,-19.020767,-6.729867,-5.586253
2017-02-28,-11.113281,-20.914139,-7.529321,-7.188027
2017-03-01,-11.850494,-21.361145,-8.156705,-8.862708
2017-03-02,-11.571259,-17.532364,-8.034044,-9.849613
2017-03-03,-11.303284,-17.374176,-7.802965,-8.348402
2017-03-04,-11.429016,-18.356903,-8.083617,-7.776804
2017-03-05,-11.856171,-19.871902,-8.277839,-7.916318
2017-03-06,-12.630798,-22.518005,-8.729572,-7.597461
2017-03-07,-13.078400,-21.978149,-9.105983,-8.994179
2017-03-08,-13.364807,-22.025299,-9.342936,-10.020863
2017-03-09,-13.461914,-21.242126,-9.484891,-10.395089
2017-03-10,-13.123840,-18.444473,-9.440499,-10.670952
2017-03-11,-12.796204,-17.356155,-9.406063,-10.329583
2017-03-12,-11.773071,-13.671967,-8.884613,-9.765000
2017-03-13,-10.489410,-11.904724,-7.928367,-8.373652
2017-03-14,-9.687134,-11.473572,-7.188085,-6.729524
2017-03-15,-9.701172,-12.974609,-7.212174,-5.766976
2017-03-16,-10.018494,-14.495636,-7.140204,-5.495039
2017-03-17,-9.870636,-12.880402,-6.728663,-5.519009
2017-03-18,-9.748413,-13.388672,-6.498608,-5.460884
2017-03-19,-10.091705,-15.125092,-6.654944,-5.254833
2017-03-20,-10.040497,-12.514526,-6.645706,-5.098958
2017-03-21,-9.468048,-10.828674,-6.261872,-4.905917
2017-03-22,-9.076630,-10.437408,-5.997717,-4.684738
2017-03-23,-8.650208,-9.900757,-5.502658,-4.402563
2017-03-24,-8.055267,-7.866119,-5.119729,-4.167705
2017-03-25,-7.640625,-8.299805,-4.687420,-3.959702
2017-03-26,-7.688049,-9.617523,-4.639387,-3.685188
2017-03-27,-7.354309,-7.242615,-4.424686,-3.564646
2017-03-28,-6.341034,-5.378296,-3.284487,-3.320637
2017-03-29,-3.688263,-2.003448,-1.846142,-2.982262
2017-03-30,-1.463867,-0.718506,-0.952159,-2.520173
2017-03-31,-0.752289,0.192749,-1.020979,-1.855074
2017-04-01,-0.593628,1.929077,-1.655747,-0.728315
2017-04-02,-0.312744,2.319763,-0.363287,-0.138030
2017-04-03,-0.592316,0.516907,-0.576317,-0.139658
2017-04-04,-0.601074,0.150970,-0.274751,-0.230512
2017-04-05,-0.578979,0.544769,-0.278803,-0.119580
2017-04-06,-0.860535,0.790680,0.010000,-0.111196
2017-04-07,-1.670959,-0.239807,0.010000,-0.198527
2017-04-08,-2.266083,-1.190887,0.010000,-0.262274
2017-04-09,-1.818695,-0.510895,0.010000,-0.346690
2017-04-10,-2.078644,-0.903595,-0.099159,-0.417193
2017-04-11,-1.744965,-0.322388,-0.032357,-0.697580
2017-04-12,-1.291443,-0.030090,0.010000,-0.639857
2017-04-13,-1.047455,-0.002258,0.010000,-0.423723
2017-04-14,-0.808044,0.260284,0.010000,-0.407622
2017-04-15,-1.125854,0.248383,0.010000,-0.190771
2017-04-16,-3.038788,-2.303314,0.010000,-0.265732
2017-04-17,-6.041687,-6.316040,-0.292508,-0.798613
2017-04-18,-5.458832,-4.168701,-0.498431,NaN
2017-04-19,-4.220306,-2.750549,-0.423744,-1.647582
2017-04-20,-3.256195,-1.686066,0.010000,-1.791312
2017-04-21,-4.339691,-3.425079,-0.351976,-1.738458
2017-04-22,-3.396118,-2.121460,-0.193979,2.192741
2017-04-23,-2.256531,-1.283600,-0.595930,NaN
2017-04-24,-1.085327,-0.001526,-0.210303,NaN
2017-04-25,-0.491089,2.424622,0.010000,NaN
2017-04-26,-0.034302,3.568390,0.238462,NaN
2017-04-27,-0.032532,3.383636,1.668586,NaN
2017-04-28,-0.012726,5.378143,2.687403,NaN
2017-04-29,0.133698,4.994781,2.648679,NaN
2017-04-30,2.000397,5.311249,3.152530,NaN
2017-05-01,4.295715,6.667908,3.870062,NaN
2017-05-02,4.585724,6.707275,4.487804,NaN
2017-05-03,4.793427,7.465302,5.712041,NaN
2017-05-04,5.245636,7.478241,5.122858,NaN
2017-05-05,4.192200,6.173340,4.100148,NaN
2017-05-06,1.751312,3.181519,2.707992,NaN
2017-05-07,1.887817,4.949890,4.465376,NaN
2017-05-08,5.258484,9.104523,7.609852,NaN
2017-05-09,6.502533,10.409302,8.573859,NaN
2017-05-10,6.721771,10.835876,8.961614,NaN
2017-05-11,6.390686,10.354584,9.071439,NaN
2017-05-12,5.877197,9.246338,8.338923,NaN
2017-05-13,5.719696,8.192200,7.214997,NaN
2017-05-14,5.269165,7.327850,7.358450,NaN
2017-05-15,6.733337,9.159851,8.850910,NaN
2017-05-16,8.376160,10.917297,10.420047,NaN
2017-05-17,10.314941,12.954163,11.839184,NaN
2017-05-18,10.561615,12.332886,11.614311,8.502636
2017-05-19,10.325165,11.779541,12.101257,14.532016
2017-05-20,11.991882,14.239502,13.569680,11.471774
2017-05-21,13.802277,16.033173,14.965793,14.295595
2017-05-22,13.914093,15.583466,14.849053,15.411381
2017-05-23,12.624664,13.621246,13.531208,12.486592
2017-05-24,11.781403,12.985077,13.726476,11.158146
2017-05-25,12.716248,14.647705,14.788952,13.015042
2017-05-26,13.079437,14.752350,14.686039,14.059815
2017-05-27,12.514069,14.342255,15.317515,7.256683
2017-05-28,14.480499,16.855835,17.081103,NaN
2017-05-29,16.139435,18.678802,18.145883,NaN
2017-05-30,15.201447,16.226257,15.627313,17.777110
2017-05-31,13.037628,13.620361,12.668500,9.598355
2017-06-01,9.899750,10.555786,10.388003,5.972000
2017-06-02,9.162292,10.826019,10.186867,7.670483
2017-06-03,8.393646,10.366882,9.525008,11.367348
2017-06-04,7.812103,10.130249,10.319910,9.508548
2017-06-05,10.036438,13.781433,12.752570,13.376250
2017-06-06,12.150177,15.921295,14.967109,11.846482
2017-06-07,13.745056,17.344177,16.411516,NaN
2017-06-08,14.364746,17.429443,16.331717,NaN
2017-06-09,12.920532,15.228546,14.228568,NaN
2017-06-10,9.706573,11.160370,10.719596,NaN
2017-06-11,8.626526,11.017242,11.158541,NaN
2017-06-12,7.835693,9.833710,9.797151,NaN
2017-06-13,6.765869,9.298523,9.930825,NaN
2017-06-14,8.014313,11.289917,10.635025,NaN
2017-06-15,7.668671,10.435303,10.442807,NaN
2017-06-16,8.479736,11.444122,11.969751,NaN
2017-06-17,10.074921,13.690155,12.822159,NaN
2017-06-18,10.520599,13.812805,14.295862,NaN
2017-06-19,12.581421,16.422821,16.064730,NaN
2017-06-20,13.145538,16.117981,16.013605,NaN
2017-06-21,12.583496,15.277039,15.654892,NaN
2017-06-22,13.870422,17.144409,17.423002,NaN
2017-06-23,14.505280,17.529999,18.236916,NaN
2017-06-24,16.054352,19.226257,19.688137,NaN
2017-06-25,16.447662,18.847412,19.560320,NaN
2017-06-26,15.395050,17.160675,17.378638,NaN
2017-06-27,14.109924,15.706177,17.724324,NaN
2017-06-28,15.438782,17.903412,18.847434,NaN
2017-06-29,15.365387,17.306061,18.036426,NaN
2017-06-30,14.755646,16.500946,18.235356,NaN
2017-07-01,15.676239,17.945404,18.641070,NaN
2017-07-02,15.205200,17.215820,18.461987,NaN
2017-07-03,14.711700,16.456512,16.570384,NaN
2017-07-04,11.424347,12.290436,13.556542,NaN
2017-07-05,11.140717,13.052124,15.216183,NaN
2017-07-06,13.851440,17.982635,18.173811,NaN
2017-07-07,15.868958,20.071503,19.747139,NaN
2017-07-08,16.854614,20.404510,19.262458,NaN
2017-07-09,14.830841,16.522614,17.145283,17.784425
2017-07-10,14.232239,16.929932,17.179889,17.840208
2017-07-11,14.264008,17.316956,17.653913,16.845051
2017-07-12,14.516449,17.450836,17.088298,16.696321
2017-07-13,13.202393,15.471039,16.507701,15.256006
2017-07-14,13.717804,16.605988,17.772952,14.921143
2017-07-15,14.462769,17.372284,17.411768,17.512170
2017-07-16,12.206116,14.066315,15.324260,12.668214
2017-07-17,11.808929,14.546448,16.324973,11.200810
2017-07-18,13.073456,16.278351,17.244394,14.349283
2017-07-19,13.769012,16.901642,17.959867,15.433479
2017-07-20,14.258545,17.433075,19.037674,17.108720
2017-07-21,14.927673,17.871826,18.663765,18.468363
2017-07-22,12.603638,14.655304,17.162492,13.987649
2017-07-23,13.912689,17.189514,19.648821,14.006991
2017-07-24,16.536774,20.433655,21.695407,19.909274
2017-07-25,16.700500,20.109772,21.116869,21.629970
2017-07-26,15.900696,18.404877,20.337575,18.775685
2017-07-27,14.670715,16.589386,17.778364,18.738750
2017-07-28,12.078918,13.959991,16.475091,12.650074
2017-07-29,13.217010,16.476440,17.747763,14.958003
2017-07-30,13.094879,15.531769,18.187287,16.055327
2017-07-31,14.229279,17.330902,19.447943,15.904170
2017-08-01,15.656708,18.761200,20.893671,17.567304
2017-08-02,15.940277,18.879730,21.189109,20.364405
2017-08-03,16.471100,19.971985,22.003333,19.017693
2017-08-04,16.874756,20.322510,20.741672,20.765818
2017-08-05,13.659393,15.188110,18.182580,15.290685
2017-08-06,13.488190,16.228851,19.175443,12.497917
2017-08-07,14.996918,18.248199,20.855076,16.270348
2017-08-08,16.421143,19.750458,22.203536,19.231813
2017-08-09,17.352173,21.028656,23.337866,21.124970
2017-08-10,19.083099,23.250641,24.716855,23.763631
2017-08-11,19.183472,23.015045,23.831869,25.728482
2017-08-12,17.712463,20.934784,21.825069,21.683274
2017-08-13,16.232758,19.208374,20.870467,18.205863
2017-08-14,15.435272,18.486420,19.875949,18.786295
2017-08-15,14.072235,17.205597,19.222897,14.243123
2017-08-16,14.141022,17.827698,19.607636,14.543896
2017-08-17,14.523834,17.968445,19.453439,17.433074
2017-08-18,12.719574,14.993774,17.680456,13.777485
2017-08-19,12.147644,14.505005,17.024276,13.064342
2017-08-20,11.710358,14.112946,16.632370,11.963268
2017-08-21,12.404358,15.588287,18.199642,11.148717
2017-08-22,13.715576,16.820435,19.074153,17.048435
2017-08-23,13.917267,16.758606,18.662377,17.730905
2017-08-24,12.857300,15.561371,17.304104,14.459158
2017-08-25,12.000854,14.967987,17.119607,12.603943
2017-08-26,12.672577,16.138550,17.413153,14.441821
2017-08-27,12.041534,14.923431,16.247165,14.664179
2017-08-28,10.743530,13.424561,15.681312,10.029268
2017-08-29,12.612457,16.428131,17.828428,13.095342
2017-08-30,14.135803,17.979889,18.700691,18.486110
2017-08-31,13.182312,15.964600,17.304313,17.174256
2017-09-01,11.641998,14.223145,16.164531,12.394381
2017-09-02,11.366669,14.509399,16.130614,10.571048
2017-09-03,10.458405,13.198212,14.923326,10.551149
2017-09-04,11.665649,15.269104,17.025436,11.927321
2017-09-05,13.154144,16.907806,18.356376,17.124717
2017-09-06,14.570923,18.552124,19.280004,17.205033
2017-09-07,14.695862,17.811249,17.959768,19.030833
2017-09-08,12.248077,14.496918,15.614368,13.435548
2017-09-09,11.227386,13.931122,14.829633,10.175631
2017-09-10,8.850555,9.783569,12.052166,10.527976
2017-09-11,7.709229,9.103149,12.009474,5.905185
2017-09-12,7.427338,9.314423,11.599726,7.163387
2017-09-13,7.310150,9.526001,11.953853,6.986759
2017-09-14,8.370789,11.230560,13.065834,7.553848
2017-09-15,9.147491,11.976044,12.971618,10.894366
2017-09-16,8.080444,10.067108,12.058599,8.504539
2017-09-17,7.819275,10.092529,11.897989,7.252039
2017-09-18,7.953766,10.257172,12.191716,6.651804
2017-09-19,7.285736,9.284302,11.179760,7.315086
2017-09-20,6.466949,8.642731,10.499302,5.005574
2017-09-21,6.672089,9.298035,10.982107,4.701018
2017-09-22,6.597168,9.015015,10.334829,7.936536
2017-09-23,6.941223,9.585815,11.162084,7.172164
2017-09-24,7.378754,9.901337,11.408224,8.928074
2017-09-25,7.093933,9.287231,10.025740,8.455649
2017-09-26,6.114136,8.201447,9.669560,4.292729
2017-09-27,6.727692,9.052094,10.706451,7.498878
2017-09-28,8.386688,11.346802,11.580994,11.187836
2017-09-29,7.009552,8.770020,9.072019,9.452768
2017-09-30,3.425140,3.971558,6.013812,4.880926
2017-10-01,2.258698,3.769012,5.351723,1.014440
2017-10-02,3.737732,6.307770,6.910370,2.130580
2017-10-03,4.003448,5.934265,6.491096,6.005744
2017-10-04,3.438843,5.187561,6.264911,3.359339
2017-10-05,3.804413,5.977692,5.875922,5.389914
2017-10-06,2.910675,4.551331,5.062031,3.965173
2017-10-07,0.573181,1.624878,3.078777,0.773854
2017-10-08,0.579010,1.628326,3.488545,-1.232926
2017-10-09,0.456482,1.699799,3.860228,0.347804
2017-10-10,-0.008148,1.129089,3.523568,0.250027
2017-10-11,-0.031128,0.670166,3.316624,-1.153548
2017-10-12,-0.031464,0.369415,3.366283,-0.350896
2017-10-13,-0.040741,0.131989,3.035780,-2.910872
2017-10-14,-0.059662,-0.081787,2.709397,-2.919714
2017-10-15,-0.113922,-0.353516,1.912408,-3.072545
2017-10-16,-0.212982,-1.428833,2.204058,-2.442518
2017-10-17,-0.425751,-2.108856,2.085555,-2.281821
2017-10-18,-0.762573,-1.651886,1.568199,-2.183000
2017-10-19,-0.715210,-0.747620,1.602048,-1.104268
2017-10-20,-0.636383,-1.171509,1.988099,-0.713905
2017-10-21,-0.699738,-0.316010,1.730866,-1.955705
2017-10-22,-0.598175,-0.883820,1.968722,-0.804866
2017-10-23,-0.845367,-0.607208,2.001142,-2.249137
2017-10-24,-0.718994,-1.767883,1.975273,-1.475420
2017-10-25,-0.938721,-1.043976,1.874792,-1.889241
2017-10-26,-0.760376,-0.774750,1.162333,-1.318551
2017-10-27,0.010010,-0.000061,1.314301,-0.713973
2017-10-28,-0.278992,-0.025513,1.863835,0.486399
2017-10-29,-1.048065,-0.574310,1.617691,-0.880292
2017-10-30,-1.203247,-1.058594,1.462756,-1.245381
2017-10-31,-1.710327,-4.866028,2.404120,-0.300946
2017-11-01,-2.988312,-8.647064,2.744797,-0.868804
2017-11-02,-4.089569,-7.692963,2.811088,-1.572679
2017-11-03,-3.077454,-9.254425,1.535831,-1.633405
2017-11-04,-3.231079,-6.366608,2.254523,-1.189408
2017-11-05,-5.478180,-7.307587,0.074019,-2.311845
2017-11-06,-6.598511,-7.963287,0.010000,-3.129235
2017-11-07,-10.088165,-5.742188,0.010000,-4.562551
2017-11-08,-9.626526,-4.044708,-0.670693,-6.078196
2017-11-09,-10.042603,-3.949066,-2.132013,-6.237589
2017-11-10,-9.024384,-3.392151,-1.734518,-6.135092
2017-11-11,-9.448059,-2.217346,-1.605356,-5.501515
2017-11-12,-11.126556,-5.362213,-1.557475,-5.318226
2017-11-13,-11.904663,-4.447540,-1.597482,-6.551667
2017-11-14,-12.276459,-8.432770,-1.541269,-5.933110
2017-11-15,-12.294769,-9.201355,-1.956683,-6.176021
2017-11-16,-10.455109,-9.825684,-2.361041,-6.415756
2017-11-17,-9.327850,-10.581604,NaN,-7.441176
